tanggal,pasar,curah_hujan_mm,suhu_avg,suhu_max,suhu_min
2024-08-22,Pasar Margahayu,0.2,25.4,32.3,20.2
2024-08-23,Pasar Margahayu,0.1,25.0,31.9,18.7
2024-08-24,Pasar Margahayu,0.0,23.9,32.2,15.8
2024-08-25,Pasar Margahayu,0.0,23.7,32.0,15.4
2024-08-26,Pasar Margahayu,0.0,24.5,32.2,17.0
2024-08-27,Pasar Margahayu,0.0,23.8,31.9,16.6
2024-08-28,Pasar Margahayu,0.0,24.0,32.5,14.8
2024-08-29,Pasar Margahayu,0.2,24.2,31.0,18.7
2024-08-30,Pasar Margahayu,0.0,24.1,31.7,16.4
2024-08-31,Pasar Margahayu,0.0,24.4,31.5,17.0
2024-09-01,Pasar Margahayu,0.2,25.5,31.4,18.8
2024-09-02,Pasar Margahayu,0.2,26.1,33.2,20.0
2024-09-03,Pasar Margahayu,0.0,25.1,33.6,17.2
2024-09-04,Pasar Margahayu,0.0,25.1,33.3,17.7
2024-09-05,Pasar Margahayu,3.9,24.2,31.7,18.5
2024-09-06,Pasar Margahayu,0.0,25.3,32.5,18.4
2024-09-07,Pasar Margahayu,0.0,24.4,32.4,17.9
2024-09-08,Pasar Margahayu,1.3,24.7,32.1,18.3
2024-09-09,Pasar Margahayu,3.9,24.0,30.5,19.5
2024-09-10,Pasar Margahayu,10.4,23.3,27.1,18.6
2024-09-11,Pasar Margahayu,6.2,23.9,28.6,21.0
2024-09-12,Pasar Margahayu,0.6,24.1,29.7,19.0
2024-09-13,Pasar Margahayu,0.0,22.4,29.9,16.4
2024-09-14,Pasar Margahayu,0.0,22.2,29.8,14.9
2024-09-15,Pasar Margahayu,0.0,22.7,29.8,14.6
2024-09-16,Pasar Margahayu,0.0,22.4,30.8,13.6
2024-09-17,Pasar Margahayu,0.0,22.5,30.5,13.9
2024-09-18,Pasar Margahayu,0.0,22.5,30.6,12.7
2024-09-19,Pasar Margahayu,0.0,23.1,30.9,13.4
2024-09-20,Pasar Margahayu,0.0,23.9,31.5,15.8
2024-09-21,Pasar Margahayu,0.0,25.2,31.6,18.1
2024-09-22,Pasar Margahayu,1.4,25.4,32.2,19.2
2024-09-23,Pasar Margahayu,3.6,24.9,28.7,22.0
2024-09-24,Pasar Margahayu,3.2,23.3,27.8,19.6
2024-09-25,Pasar Margahayu,6.5,24.0,30.8,18.8
2024-09-26,Pasar Margahayu,0.3,23.8,30.2,18.4
2024-09-27,Pasar Margahayu,0.3,25.0,31.3,18.8
2024-09-28,Pasar Margahayu,0.4,24.4,31.3,19.0
2024-09-29,Pasar Margahayu,3.1,23.9,30.9,18.2
2024-09-30,Pasar Margahayu,0.0,25.5,31.8,18.5
2024-10-01,Pasar Margahayu,1.4,24.9,31.7,18.3
2024-10-02,Pasar Margahayu,4.3,24.2,30.1,19.3
2024-10-03,Pasar Margahayu,3.2,23.9,31.1,18.5
2024-10-04,Pasar Margahayu,1.7,23.9,30.9,18.4
2024-10-05,Pasar Margahayu,1.2,23.6,30.9,17.4
2024-10-06,Pasar Margahayu,1.7,23.5,30.7,18.2
2024-10-07,Pasar Margahayu,0.0,25.1,32.7,18.2
2024-10-08,Pasar Margahayu,0.0,25.1,32.3,17.4
2024-10-09,Pasar Margahayu,0.4,25.5,32.5,19.5
2024-10-10,Pasar Margahayu,3.4,24.0,32.0,18.5
2024-10-11,Pasar Margahayu,0.8,25.9,32.2,18.8
2024-10-12,Pasar Margahayu,0.9,26.3,33.2,19.4
2024-10-13,Pasar Margahayu,0.0,26.0,33.6,19.8
2024-10-14,Pasar Margahayu,0.4,25.9,33.6,18.5
2024-10-15,Pasar Margahayu,0.0,25.9,33.9,19.5
2024-10-16,Pasar Margahayu,0.0,24.9,33.7,16.2
2024-10-17,Pasar Margahayu,0.0,24.0,32.0,15.1
2024-10-18,Pasar Margahayu,0.0,24.9,31.5,17.1
2024-10-19,Pasar Margahayu,0.0,25.3,31.4,17.5
2024-10-20,Pasar Margahayu,0.0,25.6,32.4,18.2
2024-10-21,Pasar Margahayu,0.0,25.9,31.8,20.1
2024-10-22,Pasar Margahayu,0.8,25.8,32.0,20.4
2024-10-23,Pasar Margahayu,0.0,26.0,32.1,20.1
2024-10-24,Pasar Margahayu,0.8,25.5,31.2,19.9
2024-10-25,Pasar Margahayu,1.2,26.2,32.1,19.6
2024-10-26,Pasar Margahayu,0.0,25.7,32.7,18.5
2024-10-27,Pasar Margahayu,7.1,24.3,31.9,19.4
2024-10-28,Pasar Margahayu,1.5,24.6,31.6,18.3
2024-10-29,Pasar Margahayu,0.0,25.5,33.5,17.7
2024-10-30,Pasar Margahayu,0.8,25.5,32.9,18.1
2024-10-31,Pasar Margahayu,1.0,24.7,31.8,18.4
2024-11-01,Pasar Margahayu,5.6,24.4,31.5,19.3
2024-11-02,Pasar Margahayu,5.9,24.8,30.8,21.8
2024-11-03,Pasar Margahayu,9.3,23.2,27.5,20.4
2024-11-04,Pasar Margahayu,5.0,23.5,26.8,21.4
2024-11-05,Pasar Margahayu,5.9,23.3,27.9,18.6
2024-11-06,Pasar Margahayu,8.1,23.2,28.4,20.4
2024-11-07,Pasar Margahayu,0.3,23.8,30.6,17.4
2024-11-08,Pasar Margahayu,0.4,24.8,29.5,20.4
2024-11-09,Pasar Margahayu,2.2,23.5,27.9,19.0
2024-11-10,Pasar Margahayu,4.3,23.8,28.7,19.9
2024-11-11,Pasar Margahayu,1.0,23.5,26.1,20.6
2024-11-12,Pasar Margahayu,14.2,24.0,28.9,21.1
2024-11-13,Pasar Margahayu,1.7,24.4,30.3,20.5
2024-11-14,Pasar Margahayu,1.2,24.3,30.9,19.5
2024-11-15,Pasar Margahayu,0.9,24.3,30.8,19.1
2024-11-16,Pasar Margahayu,1.3,24.2,28.7,20.4
2024-11-17,Pasar Margahayu,11.1,23.6,29.8,19.2
2024-11-18,Pasar Margahayu,11.7,24.0,29.3,21.7
2024-11-19,Pasar Margahayu,0.7,23.7,28.8,18.9
2024-11-20,Pasar Margahayu,4.9,23.9,29.4,19.2
2024-11-21,Pasar Margahayu,6.7,24.0,28.4,21.7
2024-11-22,Pasar Margahayu,3.5,24.2,28.9,21.3
2024-11-23,Pasar Margahayu,3.1,23.7,27.8,21.0
2024-11-24,Pasar Margahayu,8.4,23.8,28.3,21.1
2024-11-25,Pasar Margahayu,2.1,24.1,28.4,21.5
2024-11-26,Pasar Margahayu,8.0,24.1,29.0,20.6
2024-11-27,Pasar Margahayu,5.1,23.6,29.6,20.2
2024-11-28,Pasar Margahayu,11.2,24.3,29.4,21.3
2024-11-29,Pasar Margahayu,2.5,24.5,29.4,20.3
2024-11-30,Pasar Margahayu,6.9,24.3,30.2,19.8
2024-12-01,Pasar Margahayu,13.7,24.3,30.1,20.4
2024-12-02,Pasar Margahayu,36.9,23.5,29.3,20.3
2024-12-03,Pasar Margahayu,25.5,22.9,25.6,21.1
2024-12-04,Pasar Margahayu,15.3,23.0,26.2,20.9
2024-12-05,Pasar Margahayu,8.3,24.0,27.7,21.8
2024-12-06,Pasar Margahayu,6.4,24.0,26.9,22.2
2024-12-07,Pasar Margahayu,3.1,24.2,28.6,21.0
2024-12-08,Pasar Margahayu,1.1,24.0,27.7,20.4
2024-12-09,Pasar Margahayu,2.8,23.7,27.5,21.4
2024-12-10,Pasar Margahayu,3.5,24.5,29.6,20.5
2024-12-11,Pasar Margahayu,11.3,24.5,28.8,21.8
2024-12-12,Pasar Margahayu,1.0,25.6,30.5,21.8
2024-12-13,Pasar Margahayu,3.8,25.2,29.8,22.5
2024-12-14,Pasar Margahayu,5.2,24.5,28.0,22.4
2024-12-15,Pasar Margahayu,14.1,23.3,27.5,21.7
2024-12-16,Pasar Margahayu,8.3,23.7,29.1,21.2
2024-12-17,Pasar Margahayu,5.0,24.2,28.2,21.0
2024-12-18,Pasar Margahayu,5.1,23.8,28.8,20.2
2024-12-19,Pasar Margahayu,1.3,24.8,30.3,20.4
2024-12-20,Pasar Margahayu,9.3,24.3,29.2,21.5
2024-12-21,Pasar Margahayu,2.7,24.5,28.5,22.1
2024-12-22,Pasar Margahayu,13.0,23.6,27.8,21.1
2024-12-23,Pasar Margahayu,12.0,23.4,28.3,20.0
2024-12-24,Pasar Margahayu,20.9,23.0,25.7,21.4
2024-12-25,Pasar Margahayu,8.3,23.6,29.3,20.9
2024-12-26,Pasar Margahayu,0.4,24.4,29.0,20.0
2024-12-27,Pasar Margahayu,3.2,24.3,28.9,20.3
2024-12-28,Pasar Margahayu,0.8,24.6,29.9,20.3
2024-12-29,Pasar Margahayu,0.6,23.8,28.6,19.7
2024-12-30,Pasar Margahayu,1.6,23.7,28.7,20.8
2024-12-31,Pasar Margahayu,0.6,24.5,28.8,21.5
2025-01-01,Pasar Margahayu,2.7,23.4,28.7,20.4
2025-01-02,Pasar Margahayu,0.8,24.0,29.4,19.5
2025-01-03,Pasar Margahayu,4.7,24.2,30.2,18.1
2025-01-04,Pasar Margahayu,15.2,23.1,28.5,18.3
2025-01-05,Pasar Margahayu,12.8,23.2,27.5,19.9
2025-01-06,Pasar Margahayu,10.0,23.0,29.2,18.0
2025-01-07,Pasar Margahayu,19.4,23.4,28.6,19.9
2025-01-08,Pasar Margahayu,4.6,23.1,26.0,20.3
2025-01-09,Pasar Margahayu,6.6,22.0,24.7,19.7
2025-01-10,Pasar Margahayu,10.7,23.2,28.4,19.5
2025-01-11,Pasar Margahayu,12.7,23.7,29.0,20.7
2025-01-12,Pasar Margahayu,3.3,23.8,28.9,20.3
2025-01-13,Pasar Margahayu,6.5,23.7,29.0,20.8
2025-01-14,Pasar Margahayu,16.1,22.7,26.0,19.8
2025-01-15,Pasar Margahayu,7.8,23.8,28.4,20.8
2025-01-16,Pasar Margahayu,11.0,24.0,28.4,20.9
2025-01-17,Pasar Margahayu,14.0,23.4,27.3,21.1
2025-01-18,Pasar Margahayu,5.6,23.8,27.6,21.1
2025-01-19,Pasar Margahayu,2.9,23.9,28.5,21.0
2025-01-20,Pasar Margahayu,12.4,23.0,27.3,21.3
2025-01-21,Pasar Margahayu,17.6,23.3,27.5,21.2
2025-01-22,Pasar Margahayu,4.7,24.0,28.4,21.4
2025-01-23,Pasar Margahayu,4.2,24.0,28.9,20.8
2025-01-24,Pasar Margahayu,18.7,23.3,26.7,21.3
2025-01-25,Pasar Margahayu,0.9,23.5,27.3,19.9
2025-01-26,Pasar Margahayu,11.1,23.5,27.7,19.4
2025-01-27,Pasar Margahayu,0.3,23.7,27.9,19.9
2025-01-28,Pasar Margahayu,16.0,23.0,27.6,19.1
2025-01-29,Pasar Margahayu,6.8,22.6,24.4,21.4
2025-01-30,Pasar Margahayu,3.1,22.4,24.5,21.1
2025-01-31,Pasar Margahayu,2.1,23.4,26.6,21.5
2025-02-01,Pasar Margahayu,3.7,23.4,26.5,21.2
2025-02-02,Pasar Margahayu,3.4,23.9,28.2,20.9
2025-02-03,Pasar Margahayu,1.1,24.4,28.9,21.1
2025-02-04,Pasar Margahayu,0.2,24.7,28.9,20.6
2025-02-05,Pasar Margahayu,3.3,23.7,27.6,20.5
2025-02-06,Pasar Margahayu,6.1,22.7,25.2,20.8
2025-02-07,Pasar Margahayu,5.9,23.3,26.7,21.6
2025-02-08,Pasar Margahayu,6.8,22.7,26.9,18.9
2025-02-09,Pasar Margahayu,2.2,23.0,27.1,19.4
2025-02-10,Pasar Margahayu,1.4,22.9,26.8,19.6
2025-02-11,Pasar Margahayu,0.5,23.1,28.0,18.7
2025-02-12,Pasar Margahayu,0.2,23.9,30.8,17.1
2025-02-13,Pasar Margahayu,8.4,23.9,30.2,19.2
2025-02-14,Pasar Margahayu,4.3,23.5,28.8,18.9
2025-02-15,Pasar Margahayu,10.4,23.6,28.5,21.4
2025-02-16,Pasar Margahayu,7.6,23.3,28.4,18.9
2025-02-17,Pasar Margahayu,5.8,23.5,28.0,21.2
2025-02-18,Pasar Margahayu,6.7,23.4,28.5,20.7
2025-02-19,Pasar Margahayu,11.3,22.7,26.5,20.0
2025-02-20,Pasar Margahayu,1.9,23.9,28.9,20.4
2025-02-21,Pasar Margahayu,9.4,23.5,29.0,19.4
2025-02-22,Pasar Margahayu,4.9,23.8,27.9,21.6
2025-02-23,Pasar Margahayu,14.1,23.1,26.6,20.3
2025-02-24,Pasar Margahayu,19.1,23.3,27.9,20.9
2025-02-25,Pasar Margahayu,11.4,23.6,28.2,20.8
2025-02-26,Pasar Margahayu,11.5,23.1,27.5,21.3
2025-02-27,Pasar Margahayu,1.5,22.7,27.9,17.6
2025-02-28,Pasar Margahayu,2.9,23.4,27.1,19.0
2025-03-01,Pasar Margahayu,1.2,24.2,28.8,20.6
2025-03-02,Pasar Margahayu,0.2,23.6,28.5,18.6
2025-03-03,Pasar Margahayu,22.9,23.4,27.4,19.0
2025-03-04,Pasar Margahayu,6.7,23.5,28.8,20.8
2025-03-05,Pasar Margahayu,0.4,23.9,29.8,18.8
2025-03-06,Pasar Margahayu,23.2,23.1,29.0,18.3
2025-03-07,Pasar Margahayu,1.3,23.9,29.0,20.9
2025-03-08,Pasar Margahayu,4.3,23.6,28.3,19.8
2025-03-09,Pasar Margahayu,3.8,23.2,26.9,21.0
2025-03-10,Pasar Margahayu,18.7,23.2,28.2,19.7
2025-03-11,Pasar Margahayu,1.7,23.9,29.3,20.3
2025-03-12,Pasar Margahayu,3.8,23.6,27.8,19.2
2025-03-13,Pasar Margahayu,6.2,24.0,28.7,19.8
2025-03-14,Pasar Margahayu,7.0,23.8,29.3,21.0
2025-03-15,Pasar Margahayu,15.2,22.9,27.2,19.4
2025-03-16,Pasar Margahayu,5.8,23.2,28.7,19.2
2025-03-17,Pasar Margahayu,11.3,23.0,28.3,18.9
2025-03-18,Pasar Margahayu,5.8,23.4,25.6,21.3
2025-03-19,Pasar Margahayu,9.4,23.5,27.7,20.2
2025-03-20,Pasar Margahayu,0.2,24.6,31.0,20.7
2025-03-21,Pasar Margahayu,4.0,24.0,28.6,20.7
2025-03-22,Pasar Margahayu,2.7,24.0,29.3,19.7
2025-03-23,Pasar Margahayu,1.1,23.5,30.3,17.9
2025-03-24,Pasar Margahayu,1.7,23.7,28.9,18.9
2025-03-25,Pasar Margahayu,1.6,24.1,28.9,20.2
2025-03-26,Pasar Margahayu,15.3,23.2,28.7,18.8
2025-03-27,Pasar Margahayu,3.4,23.5,29.3,18.7
2025-03-28,Pasar Margahayu,19.8,23.4,28.0,20.7
2025-03-29,Pasar Margahayu,0.2,24.2,29.5,19.1
2025-03-30,Pasar Margahayu,0.7,23.5,29.8,17.2
2025-03-31,Pasar Margahayu,1.0,23.6,29.6,18.3
2025-04-01,Pasar Margahayu,14.0,22.1,26.7,17.7
2025-04-02,Pasar Margahayu,19.4,23.0,26.2,20.5
2025-04-03,Pasar Margahayu,6.7,23.5,27.0,21.3
2025-04-04,Pasar Margahayu,4.4,22.7,26.6,18.8
2025-04-05,Pasar Margahayu,12.5,23.2,28.0,19.5
2025-04-06,Pasar Margahayu,2.4,23.4,27.9,20.5
2025-04-07,Pasar Margahayu,1.6,24.3,29.4,20.5
2025-04-08,Pasar Margahayu,0.0,23.6,30.0,17.3
2025-04-09,Pasar Margahayu,4.2,23.9,30.1,19.3
2025-04-10,Pasar Margahayu,1.4,23.3,27.3,19.4
2025-04-11,Pasar Margahayu,3.8,23.9,27.8,21.6
2025-04-12,Pasar Margahayu,8.8,23.0,26.4,19.9
2025-04-13,Pasar Margahayu,8.7,23.0,26.9,19.8
2025-04-14,Pasar Margahayu,17.6,23.4,27.8,21.3
2025-04-15,Pasar Margahayu,0.5,23.1,27.1,20.1
2025-04-16,Pasar Margahayu,0.1,23.7,29.5,18.7
2025-04-17,Pasar Margahayu,0.0,23.3,28.0,18.3
2025-04-18,Pasar Margahayu,4.5,23.2,28.2,19.0
2025-04-19,Pasar Margahayu,5.2,24.1,28.4,21.5
2025-04-20,Pasar Margahayu,11.3,24.0,28.1,20.8
2025-04-21,Pasar Margahayu,5.7,23.3,27.4,20.6
2025-04-22,Pasar Margahayu,1.3,23.7,28.8,18.9
2025-04-23,Pasar Margahayu,10.6,22.5,28.8,17.6
2025-04-24,Pasar Margahayu,19.5,22.5,28.2,18.5
2025-04-25,Pasar Margahayu,0.5,23.5,28.0,19.8
2025-04-26,Pasar Margahayu,3.8,22.9,25.6,19.3
2025-04-27,Pasar Margahayu,0.0,23.7,29.6,18.2
2025-04-28,Pasar Margahayu,0.0,23.5,29.6,16.2
2025-04-29,Pasar Margahayu,0.3,23.7,29.4,17.2
2025-04-30,Pasar Margahayu,0.2,23.2,29.7,16.8
2025-05-01,Pasar Margahayu,0.0,23.9,29.4,17.9
2025-05-02,Pasar Margahayu,6.5,22.8,29.1,17.1
2025-05-03,Pasar Margahayu,0.5,23.1,28.5,18.5
2025-05-04,Pasar Margahayu,8.2,23.5,27.9,20.4
2025-05-05,Pasar Margahayu,0.2,23.5,29.3,19.0
2025-05-06,Pasar Margahayu,0.0,23.7,29.7,18.5
2025-05-07,Pasar Margahayu,0.6,23.2,27.9,18.8
2025-05-08,Pasar Margahayu,4.3,23.4,28.2,19.5
2025-05-09,Pasar Margahayu,0.6,24.0,28.8,18.8
2025-05-10,Pasar Margahayu,2.0,24.0,29.8,19.1
2025-05-11,Pasar Margahayu,5.7,24.1,29.6,20.4
2025-05-12,Pasar Margahayu,0.5,23.5,28.2,19.0
2025-05-13,Pasar Margahayu,4.5,23.6,28.1,19.6
2025-05-14,Pasar Margahayu,4.4,23.4,28.0,21.1
2025-05-15,Pasar Margahayu,3.0,23.6,28.8,19.2
2025-05-16,Pasar Margahayu,11.7,23.6,27.7,21.2
2025-05-17,Pasar Margahayu,3.0,23.7,28.5,20.1
2025-05-18,Pasar Margahayu,2.1,23.3,27.9,19.4
2025-05-19,Pasar Margahayu,0.6,23.4,27.2,20.2
2025-05-20,Pasar Margahayu,0.8,24.0,27.9,20.5
2025-05-21,Pasar Margahayu,17.4,22.3,24.3,20.4
2025-05-22,Pasar Margahayu,13.3,23.2,26.7,21.1
2025-05-23,Pasar Margahayu,13.9,22.3,26.4,19.5
2025-05-24,Pasar Margahayu,11.1,23.3,26.7,21.2
2025-05-25,Pasar Margahayu,3.0,23.9,26.9,21.8
2025-05-26,Pasar Margahayu,11.2,22.8,25.4,21.1
2025-05-27,Pasar Margahayu,0.2,24.4,29.6,19.8
2025-05-28,Pasar Margahayu,0.5,24.3,29.4,19.5
2025-05-29,Pasar Margahayu,3.5,23.4,29.6,18.0
2025-05-30,Pasar Margahayu,0.0,23.7,29.1,18.0
2025-05-31,Pasar Margahayu,1.4,23.3,29.6,17.3
2025-06-01,Pasar Margahayu,0.1,22.5,27.0,18.5
2025-06-02,Pasar Margahayu,0.0,23.5,28.8,18.5
2025-06-03,Pasar Margahayu,2.4,22.6,27.7,17.4
2025-06-04,Pasar Margahayu,0.2,23.1,28.3,17.6
2025-06-05,Pasar Margahayu,0.0,23.4,29.2,17.8
2025-06-06,Pasar Margahayu,7.0,23.3,29.1,19.3
2025-06-07,Pasar Margahayu,4.7,23.6,28.0,20.9
2025-06-08,Pasar Margahayu,0.0,22.8,28.6,16.4
2025-06-09,Pasar Margahayu,0.4,22.6,29.0,16.8
2025-06-10,Pasar Margahayu,3.0,22.4,27.4,17.5
2025-06-11,Pasar Margahayu,0.3,22.9,26.8,20.2
2025-06-12,Pasar Margahayu,0.6,23.6,29.2,18.3
2025-06-13,Pasar Margahayu,0.0,24.2,29.7,18.7
2025-06-14,Pasar Margahayu,1.0,23.4,29.3,18.2
2025-06-15,Pasar Margahayu,5.0,23.5,29.2,19.9
2025-06-16,Pasar Margahayu,0.0,23.5,29.3,18.2
2025-06-17,Pasar Margahayu,2.7,22.9,28.1,18.6
2025-06-18,Pasar Margahayu,5.3,22.6,25.7,19.5
2025-06-19,Pasar Margahayu,0.6,22.8,26.0,20.8
2025-06-20,Pasar Margahayu,0.9,22.7,27.3,19.1
2025-06-21,Pasar Margahayu,1.9,22.9,27.6,19.9
2025-06-22,Pasar Margahayu,0.6,23.5,29.1,19.2
2025-06-23,Pasar Margahayu,1.0,22.9,28.5,18.4
2025-06-24,Pasar Margahayu,3.5,22.0,28.4,17.2
2025-06-25,Pasar Margahayu,0.1,22.0,27.9,17.4
2025-06-26,Pasar Margahayu,0.0,22.7,29.0,17.1
2025-06-27,Pasar Margahayu,0.0,23.1,29.6,16.9
2025-06-28,Pasar Margahayu,13.4,21.7,26.5,18.1
2025-06-29,Pasar Margahayu,4.8,21.4,26.5,16.9
2025-06-30,Pasar Margahayu,0.8,23.0,28.6,18.3
2025-07-01,Pasar Margahayu,6.8,22.6,26.7,20.1
2025-07-02,Pasar Margahayu,2.2,22.2,28.4,17.3
2025-07-03,Pasar Margahayu,0.3,22.9,27.4,18.6
2025-07-04,Pasar Margahayu,0.1,22.7,27.1,18.7
2025-07-05,Pasar Margahayu,4.3,22.5,27.5,18.9
2025-07-06,Pasar Margahayu,4.3,22.7,28.1,19.4
2025-07-07,Pasar Margahayu,2.0,22.4,27.1,18.3
2025-07-08,Pasar Margahayu,0.5,23.4,29.4,19.2
2025-07-09,Pasar Margahayu,0.4,22.7,27.4,18.9
2025-07-10,Pasar Margahayu,0.1,21.6,27.4,16.0
2025-07-11,Pasar Margahayu,0.8,21.7,27.3,16.4
2025-07-12,Pasar Margahayu,0.0,22.2,28.6,16.4
2025-07-13,Pasar Margahayu,0.2,22.9,28.9,16.9
2025-07-14,Pasar Margahayu,16.4,23.0,28.6,19.7
2025-07-15,Pasar Margahayu,0.0,22.7,28.2,17.9
2025-07-16,Pasar Margahayu,1.9,22.7,28.9,17.6
2025-07-17,Pasar Margahayu,0.0,23.1,29.2,17.7
2025-07-18,Pasar Margahayu,0.0,22.3,28.1,16.6
2025-07-19,Pasar Margahayu,0.1,22.8,28.1,15.8
2025-07-20,Pasar Margahayu,0.0,22.3,27.9,15.3
2025-07-21,Pasar Margahayu,0.0,23.2,29.2,19.4
2025-07-22,Pasar Margahayu,0.0,21.7,28.8,15.1
2025-07-23,Pasar Margahayu,0.0,22.2,29.2,15.6
2025-07-24,Pasar Margahayu,0.0,22.7,29.8,15.7
2025-07-25,Pasar Margahayu,0.4,22.8,28.5,17.2
2025-07-26,Pasar Margahayu,0.0,22.9,29.1,16.6
2025-07-27,Pasar Margahayu,0.8,22.9,29.1,17.5
2025-07-28,Pasar Margahayu,2.8,23.2,29.7,19.4
2025-07-29,Pasar Margahayu,0.0,23.5,27.9,20.2
2025-07-30,Pasar Margahayu,0.8,23.7,29.8,19.8
2025-07-31,Pasar Margahayu,0.0,23.9,29.7,19.4
2025-08-01,Pasar Margahayu,0.3,23.3,29.6,17.1
2025-08-02,Pasar Margahayu,0.0,23.4,29.8,16.9
2025-08-03,Pasar Margahayu,0.4,22.8,29.6,16.9
2025-08-04,Pasar Margahayu,6.3,23.1,28.2,20.1
2025-08-05,Pasar Margahayu,1.5,23.1,29.4,18.3
2025-08-06,Pasar Margahayu,0.1,23.1,28.7,18.4
2025-08-07,Pasar Margahayu,0.0,23.6,29.8,19.0
2025-08-08,Pasar Margahayu,0.0,23.9,29.2,19.5
2025-08-09,Pasar Margahayu,0.8,23.5,29.2,20.2
2025-08-10,Pasar Margahayu,0.2,23.6,30.8,17.5
2025-08-11,Pasar Margahayu,0.7,22.6,28.4,17.7
2025-08-12,Pasar Margahayu,1.0,22.4,26.7,19.6
2025-08-13,Pasar Margahayu,6.3,22.1,28.2,17.6
2025-08-14,Pasar Margahayu,14.5,22.2,27.3,19.1
2025-08-15,Pasar Margahayu,0.0,22.0,28.9,16.3
2025-08-16,Pasar Margahayu,0.3,22.3,29.6,15.8
2025-08-17,Pasar Margahayu,0.0,23.0,29.7,16.8
2025-08-18,Pasar Margahayu,5.1,22.3,28.9,16.8
2025-08-19,Pasar Margahayu,3.2,22.3,27.0,19.3
2025-08-20,Pasar Margahayu,4.2,23.0,27.4,19.9
2025-08-21,Pasar Margahayu,0.6,23.1,27.6,20.4
2025-08-22,Pasar Margahayu,4.3,22.8,28.7,18.3
2025-08-23,Pasar Margahayu,0.0,23.1,28.6,16.8
2025-08-24,Pasar Margahayu,0.0,23.8,29.3,18.2
2025-08-25,Pasar Margahayu,0.7,22.7,28.6,17.3
2025-08-26,Pasar Margahayu,0.0,21.7,29.7,14.7
2025-08-27,Pasar Margahayu,0.9,21.9,30.2,14.0
2025-08-28,Pasar Margahayu,0.8,23.8,30.2,19.1
2025-08-29,Pasar Margahayu,1.9,23.7,30.7,19.3
2025-08-30,Pasar Margahayu,3.2,23.6,29.7,19.3
2025-08-31,Pasar Margahayu,1.2,23.3,27.2,20.3
2025-09-01,Pasar Margahayu,0.2,24.4,30.9,19.6
2025-09-02,Pasar Margahayu,0.2,23.4,30.1,17.3
2025-09-03,Pasar Margahayu,0.0,23.9,31.5,17.5
2025-09-04,Pasar Margahayu,0.0,24.0,31.9,16.9
2025-09-05,Pasar Margahayu,22.8,22.3,28.6,18.1
2025-09-06,Pasar Margahayu,0.0,24.0,30.1,19.7
2025-09-07,Pasar Margahayu,0.0,22.7,29.5,16.6
2025-09-08,Pasar Margahayu,3.3,22.3,28.2,17.8
2025-09-09,Pasar Margahayu,8.7,22.3,29.3,18.8
2025-09-10,Pasar Margahayu,10.4,23.2,29.2,19.4
2025-09-11,Pasar Margahayu,13.2,22.8,25.2,20.6
2025-09-12,Pasar Margahayu,4.6,23.3,27.2,20.5
2025-09-13,Pasar Margahayu,0.0,23.8,30.4,17.8
2025-09-14,Pasar Margahayu,0.0,23.5,30.1,16.6
2025-09-15,Pasar Margahayu,0.0,23.6,30.7,16.8
2025-09-16,Pasar Margahayu,1.2,23.2,29.8,18.1
2025-09-17,Pasar Margahayu,1.9,23.1,28.4,19.7
2025-09-18,Pasar Margahayu,0.3,23.0,27.9,20.0
2025-09-19,Pasar Margahayu,5.0,23.0,29.2,18.9
2025-09-20,Pasar Margahayu,15.2,22.9,28.8,19.3
2025-09-21,Pasar Margahayu,4.0,23.1,29.2,18.5
2025-09-22,Pasar Margahayu,0.0,24.3,32.4,17.8
2025-09-23,Pasar Margahayu,0.0,24.3,31.8,17.2
2025-09-24,Pasar Margahayu,0.0,24.0,31.1,17.4
2025-09-25,Pasar Margahayu,1.0,23.7,30.4,18.4
2025-09-26,Pasar Margahayu,3.2,24.9,30.7,20.1
2025-09-27,Pasar Margahayu,0.4,25.0,30.6,20.3
2025-09-28,Pasar Margahayu,0.4,24.6,30.5,19.3
2025-09-29,Pasar Margahayu,6.2,22.8,28.4,18.8
2025-09-30,Pasar Margahayu,1.9,23.7,29.2,20.0
2025-10-01,Pasar Margahayu,6.7,23.6,29.6,19.0
2025-10-02,Pasar Margahayu,18.2,22.5,28.7,19.4
2025-10-03,Pasar Margahayu,0.0,24.3,30.2,19.5
2025-10-04,Pasar Margahayu,0.2,24.7,33.1,18.5
2025-10-05,Pasar Margahayu,0.1,23.6,32.1,17.7
2025-10-06,Pasar Margahayu,0.1,24.5,31.0,18.0
2025-10-07,Pasar Margahayu,0.0,24.1,31.2,18.6
2025-10-08,Pasar Margahayu,0.4,23.9,31.9,17.2
2025-10-09,Pasar Margahayu,0.0,23.7,31.8,16.0
2025-10-10,Pasar Margahayu,0.5,24.4,30.3,19.8
2025-10-11,Pasar Margahayu,1.6,23.7,30.0,18.3
2025-10-12,Pasar Margahayu,0.2,25.1,31.4,18.0
2025-10-13,Pasar Margahayu,10.2,24.2,30.3,18.7
2025-10-14,Pasar Margahayu,0.5,25.6,31.9,18.8
2025-10-15,Pasar Margahayu,0.2,25.5,32.8,18.4
2025-10-16,Pasar Margahayu,0.0,25.8,32.2,19.0
2025-10-17,Pasar Margahayu,1.5,25.7,33.1,19.5
2025-10-18,Pasar Margahayu,0.3,25.5,31.9,19.3
2025-10-19,Pasar Margahayu,1.3,25.2,29.6,20.7
2025-10-20,Pasar Margahayu,0.8,26.1,32.3,20.6
2025-10-21,Pasar Margahayu,6.9,24.6,30.8,19.4
2025-10-22,Pasar Margahayu,17.1,24.0,28.4,21.8
2025-10-23,Pasar Margahayu,10.6,23.7,27.9,21.6
2025-10-24,Pasar Margahayu,10.9,22.9,26.9,21.1
2025-10-25,Pasar Margahayu,0.7,23.6,29.5,18.8
2025-10-26,Pasar Margahayu,1.7,22.3,28.1,17.4
2025-10-27,Pasar Margahayu,0.6,23.6,28.9,19.6
2025-10-28,Pasar Margahayu,2.0,22.9,26.4,19.4
2025-10-29,Pasar Margahayu,0.8,23.1,26.1,19.4
2025-10-30,Pasar Margahayu,0.7,23.6,28.7,19.9
2025-10-31,Pasar Margahayu,1.9,23.4,29.4,19.0
2025-11-01,Pasar Margahayu,7.8,24.0,29.4,20.6
2025-11-02,Pasar Margahayu,6.5,23.7,28.1,21.4
2025-11-03,Pasar Margahayu,7.8,23.3,28.2,19.9
2025-11-04,Pasar Margahayu,5.0,24.1,29.9,18.9
2025-11-05,Pasar Margahayu,0.6,23.7,27.7,20.7
2025-11-06,Pasar Margahayu,6.3,24.3,29.1,21.2
2025-11-07,Pasar Margahayu,1.7,25.2,30.7,21.5
2025-11-08,Pasar Margahayu,12.4,23.5,28.2,21.4
2025-11-09,Pasar Margahayu,5.7,24.6,29.1,20.4
2025-11-10,Pasar Margahayu,3.5,24.1,30.0,19.8
2025-11-11,Pasar Margahayu,21.9,23.3,27.3,21.4
2025-11-12,Pasar Margahayu,20.0,23.5,27.3,21.0
2025-11-13,Pasar Margahayu,16.5,23.0,27.2,20.9
2025-11-14,Pasar Margahayu,9.2,23.1,28.2,20.8
2025-11-15,Pasar Margahayu,17.5,24.2,29.5,21.3
2025-11-16,Pasar Margahayu,1.6,24.5,29.8,21.7
2025-11-17,Pasar Margahayu,23.9,23.4,27.3,19.9
2025-11-18,Pasar Margahayu,20.0,23.1,28.0,20.9
2025-11-19,Pasar Margahayu,16.1,23.0,27.8,18.6
2025-11-20,Pasar Margahayu,23.4,23.0,27.7,19.6
2025-11-21,Pasar Margahayu,9.1,24.8,30.5,20.5
2025-11-22,Pasar Margahayu,4.1,23.4,28.3,19.3
2025-11-23,Pasar Margahayu,4.4,22.8,27.1,18.9
2025-11-24,Pasar Margahayu,0.0,23.9,31.2,19.1
2025-11-25,Pasar Margahayu,0.6,23.6,30.6,16.9
2025-11-26,Pasar Margahayu,0.1,24.2,30.4,17.4
2025-11-27,Pasar Margahayu,6.1,23.8,28.9,19.2
2025-11-28,Pasar Margahayu,0.6,23.9,29.7,18.2
2025-11-29,Pasar Margahayu,2.3,23.8,30.5,18.3
2025-11-30,Pasar Margahayu,2.8,23.2,29.2,18.4
2025-12-01,Pasar Margahayu,0.9,23.3,29.1,18.2
2025-12-02,Pasar Margahayu,1.1,24.0,30.3,20.5
2025-12-03,Pasar Margahayu,8.4,23.6,28.6,21.2
2025-12-04,Pasar Margahayu,12.8,22.8,26.4,21.1
2025-12-05,Pasar Margahayu,4.7,23.3,28.6,20.4
2025-12-06,Pasar Margahayu,1.3,23.3,27.1,20.2
2025-12-07,Pasar Margahayu,11.5,24.0,29.0,19.9
2025-12-08,Pasar Margahayu,12.2,23.0,27.6,19.8
2025-12-09,Pasar Margahayu,0.2,23.4,26.8,20.1
2025-12-10,Pasar Margahayu,0.5,23.4,28.2,19.3
2025-12-11,Pasar Margahayu,4.0,23.7,30.2,20.6
2025-12-12,Pasar Margahayu,0.3,24.0,30.0,17.6
2025-12-13,Pasar Margahayu,0.6,24.5,30.0,19.7
2025-12-14,Pasar Margahayu,33.1,23.6,26.9,21.1
2025-12-15,Pasar Margahayu,1.1,25.1,30.7,21.3
2025-12-16,Pasar Margahayu,4.5,24.8,31.2,20.0
2025-12-17,Pasar Margahayu,28.9,23.9,30.0,20.7
2025-12-18,Pasar Margahayu,9.8,24.3,28.5,20.9
2025-12-19,Pasar Margahayu,15.5,23.9,28.0,20.7
2025-12-20,Pasar Margahayu,19.0,23.0,27.1,20.6
2025-12-21,Pasar Margahayu,2.3,23.6,28.0,20.0
2025-12-22,Pasar Margahayu,5.9,23.2,27.5,19.6
2025-12-23,Pasar Margahayu,11.4,23.8,28.3,19.6
2025-12-24,Pasar Margahayu,3.3,24.3,27.8,20.9
2025-12-25,Pasar Margahayu,2.7,25.1,30.9,20.9
2025-12-26,Pasar Margahayu,6.4,24.5,29.1,21.8
2025-12-27,Pasar Margahayu,7.1,24.7,29.9,21.4
2025-12-28,Pasar Margahayu,3.8,23.9,28.4,20.5
2025-12-29,Pasar Margahayu,0.8,23.8,29.3,19.3
2025-12-30,Pasar Margahayu,11.4,23.3,28.1,19.6
2025-12-31,Pasar Margahayu,21.4,22.5,24.5,20.3
2026-01-01,Pasar Margahayu,10.4,23.1,27.3,20.2
2026-01-02,Pasar Margahayu,2.6,23.2,27.7,20.2
2026-01-03,Pasar Margahayu,25.3,22.3,24.6,21.3
2026-01-04,Pasar Margahayu,4.4,23.3,26.9,20.7
2026-01-05,Pasar Margahayu,3.1,23.9,28.9,20.7
2026-01-06,Pasar Margahayu,3.8,23.6,29.8,17.7
2026-01-07,Pasar Margahayu,1.3,23.7,28.0,19.3
2026-01-08,Pasar Margahayu,6.7,23.0,28.7,18.6
2026-01-09,Pasar Margahayu,9.5,23.3,28.7,19.1
2026-01-10,Pasar Margahayu,9.5,22.7,26.5,20.5
2026-01-11,Pasar Margahayu,5.3,22.3,25.8,20.3
2026-01-12,Pasar Margahayu,9.2,21.9,25.1,20.1
2026-01-13,Pasar Margahayu,5.1,22.9,26.5,19.9
2026-01-14,Pasar Margahayu,1.5,23.4,27.7,20.6
2026-01-15,Pasar Margahayu,23.7,22.4,24.8,19.7
2026-01-16,Pasar Margahayu,2.8,23.4,28.5,19.4
2026-01-17,Pasar Margahayu,8.7,22.7,27.5,19.0
2026-01-18,Pasar Margahayu,13.2,22.3,24.8,21.0
2026-01-19,Pasar Margahayu,1.0,23.1,27.8,19.3
2026-01-20,Pasar Margahayu,3.9,23.5,28.1,20.7
2026-01-21,Pasar Margahayu,6.9,22.5,25.4,20.9
2026-01-22,Pasar Margahayu,18.9,21.6,23.7,20.3
2026-01-23,Pasar Margahayu,13.0,21.8,23.7,20.8
2026-01-24,Pasar Margahayu,3.4,22.0,24.3,19.0
2026-01-25,Pasar Margahayu,3.4,22.9,27.2,18.5
2026-01-26,Pasar Margahayu,1.4,23.3,27.7,20.5
2026-01-27,Pasar Margahayu,2.2,22.7,25.9,20.5
2026-01-28,Pasar Margahayu,26.7,22.1,23.6,21.0
2026-01-29,Pasar Margahayu,21.7,22.3,25.2,21.3
2026-01-30,Pasar Margahayu,10.2,23.0,27.0,21.5
2026-01-31,Pasar Margahayu,2.2,22.8,27.1,17.7
2026-02-01,Pasar Margahayu,3.5,22.6,26.8,19.1
2026-02-02,Pasar Margahayu,4.4,22.8,27.1,20.3
2026-02-03,Pasar Margahayu,2.4,23.0,27.1,20.0
2026-02-04,Pasar Margahayu,8.5,22.5,27.1,18.0
2026-02-05,Pasar Margahayu,10.3,23.4,28.5,19.8
2026-02-06,Pasar Margahayu,3.4,23.9,28.3,20.8
2026-02-07,Pasar Margahayu,2.0,22.8,26.3,18.6
2026-02-08,Pasar Margahayu,1.9,23.2,26.4,20.1
2026-02-09,Pasar Margahayu,9.0,22.4,24.9,20.0
2026-02-10,Pasar Margahayu,2.0,22.6,26.4,18.4
2026-02-11,Pasar Margahayu,3.4,23.2,29.0,19.3
2026-02-12,Pasar Margahayu,19.0,23.1,28.1,20.0
2026-02-13,Pasar Margahayu,5.1,23.0,26.2,20.5
2026-02-14,Pasar Margahayu,3.1,23.7,28.3,20.1
2026-02-15,Pasar Margahayu,4.8,23.4,27.7,20.9
2026-02-16,Pasar Margahayu,7.9,23.1,26.4,21.1
2026-02-17,Pasar Margahayu,1.3,24.0,29.6,20.8
2026-02-18,Pasar Margahayu,3.9,22.7,25.1,20.2
2026-02-19,Pasar Margahayu,9.2,22.0,24.8,19.9
2026-02-20,Pasar Margahayu,5.1,22.5,25.8,20.9
2026-02-21,Pasar Margahayu,14.5,23.1,26.2,20.2
2026-02-22,Pasar Margahayu,28.9,23.0,26.2,21.8
2026-02-23,Pasar Margahayu,17.2,22.3,25.3,20.8
2026-02-24,Pasar Margahayu,1.3,23.5,29.3,20.6
2026-02-25,Pasar Margahayu,0.1,24.3,29.5,19.0
2026-02-26,Pasar Margahayu,0.7,24.0,28.5,21.1
2026-02-27,Pasar Margahayu,1.0,23.6,28.2,20.9
2026-02-28,Pasar Margahayu,2.8,23.6,27.7,21.6
2026-03-01,Pasar Margahayu,6.8,23.3,29.6,18.9
2026-03-02,Pasar Margahayu,9.4,23.4,27.9,19.8
2026-03-03,Pasar Margahayu,6.3,23.6,26.8,21.1
2026-03-04,Pasar Margahayu,2.4,24.0,28.1,21.7
2026-03-05,Pasar Margahayu,1.9,24.3,28.6,21.6
2026-03-06,Pasar Margahayu,3.3,23.3,27.0,20.1
2026-03-07,Pasar Margahayu,9.3,22.8,26.7,20.5
2026-03-08,Pasar Margahayu,15.1,22.3,26.1,19.8
2026-03-09,Pasar Margahayu,1.9,22.6,28.5,17.5
2026-03-10,Pasar Margahayu,0.4,23.7,31.2,17.4
2026-03-11,Pasar Margahayu,1.1,24.0,30.7,18.8
2026-03-12,Pasar Margahayu,2.5,23.8,31.6,17.3
2026-03-13,Pasar Margahayu,0.6,23.3,31.4,16.5
2026-03-14,Pasar Margahayu,2.3,22.6,29.9,16.2
2026-03-15,Pasar Margahayu,0.2,23.4,29.7,16.8
2026-03-16,Pasar Margahayu,0.0,24.0,29.5,18.4
2026-03-17,Pasar Margahayu,0.1,24.5,29.8,18.6
2026-03-18,Pasar Margahayu,0.4,24.7,31.0,19.2
2026-03-19,Pasar Margahayu,0.6,23.4,30.6,17.9
2026-03-20,Pasar Margahayu,1.6,23.4,28.9,18.8
2026-03-21,Pasar Margahayu,11.9,23.4,30.3,17.1
2026-03-22,Pasar Margahayu,0.7,23.6,29.6,17.8
2026-03-23,Pasar Margahayu,2.0,23.0,29.1,16.2
2026-03-24,Pasar Margahayu,1.1,23.5,29.1,18.5
2026-03-25,Pasar Margahayu,4.9,23.3,29.3,17.8
2026-03-26,Pasar Margahayu,2.0,23.1,26.5,20.5
2026-03-27,Pasar Margahayu,6.8,23.0,26.8,20.3
2026-03-28,Pasar Margahayu,6.7,23.1,26.2,18.7
2026-03-29,Pasar Margahayu,1.2,23.3,27.8,18.7
2026-03-30,Pasar Margahayu,2.3,23.2,28.1,18.5
2026-03-31,Pasar Margahayu,1.2,23.4,28.2,19.7
2026-04-01,Pasar Margahayu,9.4,23.0,28.9,18.3
2026-04-02,Pasar Margahayu,6.0,23.3,27.2,20.4
2026-04-03,Pasar Margahayu,1.9,24.4,29.6,21.2
2026-04-04,Pasar Margahayu,0.4,23.5,27.7,19.3
2026-04-05,Pasar Margahayu,6.0,23.4,29.4,19.0
2026-04-06,Pasar Margahayu,0.4,23.5,28.6,20.5
2026-04-07,Pasar Margahayu,17.2,23.2,28.6,19.7
2026-04-08,Pasar Margahayu,2.7,23.4,28.2,18.5
2026-04-09,Pasar Margahayu,5.5,23.8,27.3,21.7
2026-04-10,Pasar Margahayu,2.6,23.6,27.5,20.0
2026-04-11,Pasar Margahayu,3.5,23.8,28.5,19.1
2026-04-12,Pasar Margahayu,9.2,23.9,28.5,21.6
2026-04-13,Pasar Margahayu,0.1,24.1,30.1,18.7
2026-04-14,Pasar Margahayu,2.4,24.1,28.9,20.4
2026-04-15,Pasar Margahayu,4.9,23.6,27.4,21.0
2026-04-16,Pasar Margahayu,1.7,24.5,29.7,19.7
2026-04-17,Pasar Margahayu,4.8,23.5,28.7,20.0
2026-04-18,Pasar Margahayu,0.4,23.9,29.8,18.5
2026-04-19,Pasar Margahayu,0.0,24.0,30.0,18.6
2026-04-20,Pasar Margahayu,0.5,24.2,29.5,19.1
2026-04-21,Pasar Margahayu,2.4,23.9,30.0,18.7
2026-04-22,Pasar Margahayu,1.9,24.2,29.3,21.0
2026-04-23,Pasar Margahayu,0.0,24.7,29.1,20.9
2026-04-24,Pasar Margahayu,1.6,24.0,29.2,18.6
2026-04-25,Pasar Margahayu,0.6,23.9,30.6,18.9
2026-04-26,Pasar Margahayu,1.8,24.0,29.7,19.2
2026-04-27,Pasar Margahayu,2.0,24.1,29.0,19.9
2026-04-28,Pasar Margahayu,0.6,23.9,28.7,19.2
2026-04-29,Pasar Margahayu,3.5,24.7,30.6,21.1
2026-04-30,Pasar Margahayu,2.8,23.9,28.8,19.2
2026-05-01,Pasar Margahayu,6.9,23.6,27.9,21.1
2026-05-02,Pasar Margahayu,2.2,22.7,27.8,18.8
2026-05-03,Pasar Margahayu,2.2,23.8,29.3,19.2
2026-05-04,Pasar Margahayu,1.2,22.8,26.4,19.3
2026-05-05,Pasar Margahayu,5.0,23.4,28.8,19.5
2026-05-06,Pasar Margahayu,0.0,24.5,30.4,19.3
2026-05-07,Pasar Margahayu,0.3,24.2,28.4,20.9
2026-05-08,Pasar Margahayu,0.1,24.0,30.5,18.2
2026-05-09,Pasar Margahayu,0.3,24.0,29.2,18.6
2026-05-10,Pasar Margahayu,0.1,25.0,30.6,19.9
2026-05-11,Pasar Margahayu,0.0,24.8,29.8,20.3
2026-05-12,Pasar Margahayu,0.1,25.1,30.8,20.1
2026-05-13,Pasar Margahayu,0.2,24.8,31.1,18.5
2026-05-14,Pasar Margahayu,2.2,23.8,31.6,19.3
2026-05-15,Pasar Margahayu,3.4,24.4,31.3,20.7
2026-05-16,Pasar Margahayu,3.1,23.8,28.4,20.5
2026-05-17,Pasar Margahayu,0.8,23.9,28.6,19.2
2026-05-18,Pasar Margahayu,0.6,23.7,30.6,18.0
2026-05-19,Pasar Margahayu,2.2,24.4,29.9,20.3
2026-05-20,Pasar Margahayu,1.5,23.4,27.2,18.5
2026-05-21,Pasar Margahayu,0.6,24.7,30.0,20.5
2026-05-22,Pasar Margahayu,2.9,24.1,28.2,19.4
2026-05-23,Pasar Margahayu,7.0,23.8,27.1,21.7
2026-05-24,Pasar Margahayu,7.7,22.6,27.4,19.1
2026-05-25,Pasar Margahayu,1.1,23.5,27.5,19.4
2026-05-26,Pasar Margahayu,0.0,24.1,30.6,18.6
2026-05-27,Pasar Margahayu,0.0,23.0,28.7,18.4
2026-05-28,Pasar Margahayu,0.0,22.9,28.8,16.3
2026-05-29,Pasar Margahayu,0.0,22.6,29.2,16.2
2026-05-30,Pasar Margahayu,0.2,23.6,28.4,17.8
2026-05-31,Pasar Margahayu,0.0,24.2,29.0,19.4
2026-06-01,Pasar Margahayu,0.1,24.6,30.1,19.3
2026-06-02,Pasar Margahayu,0.0,24.4,29.2,20.5
2026-06-03,Pasar Margahayu,0.4,24.5,28.9,20.7
2026-06-04,Pasar Margahayu,0.1,24.1,29.7,19.2
2026-06-05,Pasar Margahayu,0.2,24.4,30.8,19.3
2026-06-06,Pasar Margahayu,0.0,24.1,30.5,18.3
2026-06-07,Pasar Margahayu,0.0,23.3,29.9,17.6
2026-06-08,Pasar Margahayu,0.0,22.7,29.4,17.4
2026-06-09,Pasar Margahayu,0.0,22.4,28.3,15.0
2026-06-10,Pasar Margahayu,0.0,22.6,28.6,15.4
2026-06-11,Pasar Margahayu,0.2,22.8,29.1,16.3
2026-06-12,Pasar Margahayu,0.0,23.2,29.1,18.0
2026-06-13,Pasar Margahayu,3.6,23.1,26.3,20.7
2026-06-14,Pasar Margahayu,0.3,24.4,29.4,20.3
2026-06-15,Pasar Margahayu,0.1,23.7,29.8,17.5
2026-06-16,Pasar Margahayu,0.0,23.7,30.1,18.2
2026-06-17,Pasar Margahayu,0.0,23.2,29.4,17.8
2026-06-18,Pasar Margahayu,0.0,23.1,29.1,16.8
2026-06-19,Pasar Margahayu,0.1,23.3,31.0,15.5
2026-06-20,Pasar Margahayu,0.0,24.1,30.5,17.5
2026-06-21,Pasar Margahayu,0.1,24.0,30.9,18.1
2026-06-22,Pasar Margahayu,2.1,24.3,30.3,19.6
2026-06-23,Pasar Margahayu,4.5,23.5,28.3,21.5
2026-06-24,Pasar Margahayu,0.0,23.9,30.3,18.5
2026-06-25,Pasar Margahayu,2.9,22.6,27.5,18.6
2026-06-26,Pasar Margahayu,0.0,23.4,30.4,16.9
2026-06-27,Pasar Margahayu,0.1,24.2,31.0,17.9
2026-06-28,Pasar Margahayu,0.0,24.5,31.0,18.7
2026-06-29,Pasar Margahayu,0.0,23.7,31.3,15.8
2026-06-30,Pasar Margahayu,0.0,23.4,30.7,16.5
2026-07-01,Pasar Margahayu,0.0,23.3,30.2,15.3
2026-07-02,Pasar Margahayu,0.0,23.7,29.9,18.6
2026-07-03,Pasar Margahayu,0.2,23.5,31.0,16.6
2026-07-04,Pasar Margahayu,0.0,23.7,30.2,17.9
2026-07-05,Pasar Margahayu,0.0,24.2,31.1,18.5
2026-07-06,Pasar Margahayu,0.0,24.4,31.1,19.7
2026-07-07,Pasar Margahayu,0.0,23.8,30.3,17.5
2026-07-08,Pasar Margahayu,0.0,22.8,29.5,15.8
2026-07-09,Pasar Margahayu,0.0,23.8,29.4,18.3
2026-07-10,Pasar Margahayu,0.0,22.5,29.3,15.4
2026-07-11,Pasar Margahayu,0.0,23.2,28.9,16.3
2026-07-12,Pasar Margahayu,0.0,22.6,28.5,15.6
2026-07-13,Pasar Margahayu,0.0,22.8,29.1,14.9
2026-07-14,Pasar Margahayu,0.0,23.7,30.4,15.5
2026-07-15,Pasar Margahayu,0.0,23.7,30.6,17.0
2026-07-16,Pasar Margahayu,0.1,23.9,30.1,17.5
2026-07-17,Pasar Margahayu,0.3,24.0,31.5,17.2
2026-07-18,Pasar Margahayu,0.3,24.1,30.6,18.4
2026-07-19,Pasar Margahayu,0.0,23.7,30.4,16.7
2026-07-20,Pasar Margahayu,0.2,24.0,30.6,17.2
2026-07-21,Pasar Margahayu,1.6,24.5,30.7,19.6
2026-07-22,Pasar Margahayu,0.0,23.9,31.2,17.2
2026-07-23,Pasar Margahayu,1.0,23.6,29.9,17.3
2026-07-24,Pasar Margahayu,0.0,23.0,30.3,16.1
2026-07-25,Pasar Margahayu,0.0,22.4,29.0,16.8
2026-07-26,Pasar Margahayu,0.0,22.6,30.6,14.5
2026-07-27,Pasar Margahayu,0.0,23.0,30.3,15.4
2026-07-28,Pasar Margahayu,0.0,23.3,30.9,15.6
2026-07-29,Pasar Margahayu,0.2,24.2,31.3,17.3
2026-07-30,Pasar Margahayu,2.2,24.5,32.1,18.5
2026-07-31,Pasar Margahayu,0.9,24.6,31.2,18.7
2026-08-01,Pasar Margahayu,0.1,25.0,31.4,19.6
2026-08-02,Pasar Margahayu,1.0,24.9,30.8,18.8
2026-08-03,Pasar Margahayu,0.1,24.0,30.9,17.4
2026-08-04,Pasar Margahayu,0.0,24.9,31.9,17.4
2026-08-05,Pasar Margahayu,0.1,24.6,32.1,18.2
2026-08-06,Pasar Margahayu,0.0,24.0,30.8,16.1
2026-08-07,Pasar Margahayu,0.0,24.6,31.0,18.4
2026-08-08,Pasar Margahayu,0.0,24.7,32.7,17.7
2026-08-09,Pasar Margahayu,0.0,23.3,32.1,15.2
2026-08-10,Pasar Margahayu,0.0,23.7,30.4,15.5
2026-08-11,Pasar Margahayu,0.0,24.0,31.2,16.0
2026-08-12,Pasar Margahayu,0.0,24.7,31.4,17.1
2026-08-13,Pasar Margahayu,0.0,24.1,32.8,15.7
2026-08-14,Pasar Margahayu,0.0,25.1,31.9,16.8
2026-08-15,Pasar Margahayu,0.4,24.8,31.6,17.9
2026-08-16,Pasar Margahayu,0.1,24.8,31.9,18.3
2026-08-17,Pasar Margahayu,0.0,25.6,32.1,19.8
2026-08-18,Pasar Margahayu,0.0,25.4,32.0,18.7
2026-08-19,Pasar Margahayu,0.2,25.3,31.2,21.2
2026-08-20,Pasar Margahayu,0.9,25.4,32.0,19.9
2026-08-21,Pasar Margahayu,0.0,24.5,32.2,17.2
2026-08-22,Pasar Margahayu,0.0,24.6,32.5,16.9
2024-08-22,Pasar Ciwidey,0.3,22.1,28.3,17.0
2024-08-23,Pasar Ciwidey,1.0,21.8,27.8,16.3
2024-08-24,Pasar Ciwidey,0.0,21.3,28.7,13.4
2024-08-25,Pasar Ciwidey,0.0,20.6,28.3,13.3
2024-08-26,Pasar Ciwidey,0.0,21.8,29.0,15.8
2024-08-27,Pasar Ciwidey,0.0,21.4,28.9,15.8
2024-08-28,Pasar Ciwidey,0.0,21.3,29.1,13.6
2024-08-29,Pasar Ciwidey,0.0,21.5,27.0,16.9
2024-08-30,Pasar Ciwidey,0.0,21.8,28.5,15.5
2024-08-31,Pasar Ciwidey,0.0,21.9,28.6,15.9
2024-09-01,Pasar Ciwidey,0.4,22.5,27.9,17.0
2024-09-02,Pasar Ciwidey,0.8,23.0,28.6,18.3
2024-09-03,Pasar Ciwidey,0.3,22.5,29.6,15.9
2024-09-04,Pasar Ciwidey,0.0,22.1,29.8,16.4
2024-09-05,Pasar Ciwidey,2.2,21.4,27.5,17.1
2024-09-06,Pasar Ciwidey,0.0,22.2,29.1,16.4
2024-09-07,Pasar Ciwidey,0.0,22.1,29.4,15.2
2024-09-08,Pasar Ciwidey,0.8,21.9,28.5,15.7
2024-09-09,Pasar Ciwidey,1.6,21.1,26.9,17.1
2024-09-10,Pasar Ciwidey,36.2,20.6,25.2,16.5
2024-09-11,Pasar Ciwidey,6.4,21.1,24.9,19.1
2024-09-12,Pasar Ciwidey,4.9,21.3,25.7,17.7
2024-09-13,Pasar Ciwidey,0.0,20.1,26.3,15.0
2024-09-14,Pasar Ciwidey,0.0,19.9,25.8,13.0
2024-09-15,Pasar Ciwidey,0.0,20.0,25.5,14.6
2024-09-16,Pasar Ciwidey,0.0,19.8,27.3,12.6
2024-09-17,Pasar Ciwidey,0.0,20.2,26.8,14.4
2024-09-18,Pasar Ciwidey,0.0,19.9,27.0,13.7
2024-09-19,Pasar Ciwidey,0.0,20.4,27.8,12.6
2024-09-20,Pasar Ciwidey,0.0,21.0,28.5,13.3
2024-09-21,Pasar Ciwidey,0.0,22.3,28.0,16.9
2024-09-22,Pasar Ciwidey,2.4,22.3,28.3,16.6
2024-09-23,Pasar Ciwidey,12.3,21.5,25.5,18.3
2024-09-24,Pasar Ciwidey,18.4,20.7,24.5,17.6
2024-09-25,Pasar Ciwidey,8.0,20.7,26.3,17.5
2024-09-26,Pasar Ciwidey,19.0,20.6,26.3,16.7
2024-09-27,Pasar Ciwidey,0.6,21.7,26.1,17.0
2024-09-28,Pasar Ciwidey,4.4,21.2,26.2,16.5
2024-09-29,Pasar Ciwidey,1.6,20.7,25.8,16.3
2024-09-30,Pasar Ciwidey,0.0,21.6,26.3,16.2
2024-10-01,Pasar Ciwidey,2.4,21.4,26.6,16.2
2024-10-02,Pasar Ciwidey,5.0,21.1,25.4,16.9
2024-10-03,Pasar Ciwidey,3.6,20.9,26.7,16.7
2024-10-04,Pasar Ciwidey,4.3,20.7,26.3,16.1
2024-10-05,Pasar Ciwidey,0.3,20.7,26.6,16.5
2024-10-06,Pasar Ciwidey,1.1,20.7,25.8,16.1
2024-10-07,Pasar Ciwidey,0.0,21.7,27.0,16.2
2024-10-08,Pasar Ciwidey,0.0,21.8,27.5,15.8
2024-10-09,Pasar Ciwidey,0.2,22.2,27.6,16.1
2024-10-10,Pasar Ciwidey,2.1,21.2,27.6,16.2
2024-10-11,Pasar Ciwidey,0.8,22.1,27.6,16.9
2024-10-12,Pasar Ciwidey,3.1,22.4,27.8,17.8
2024-10-13,Pasar Ciwidey,0.0,22.1,28.0,17.4
2024-10-14,Pasar Ciwidey,0.4,22.1,28.5,16.6
2024-10-15,Pasar Ciwidey,0.6,22.1,29.0,17.5
2024-10-16,Pasar Ciwidey,0.0,21.3,28.9,14.6
2024-10-17,Pasar Ciwidey,0.0,21.0,27.5,14.5
2024-10-18,Pasar Ciwidey,0.2,21.2,27.3,14.3
2024-10-19,Pasar Ciwidey,0.0,21.7,27.4,15.0
2024-10-20,Pasar Ciwidey,0.0,22.0,28.5,14.6
2024-10-21,Pasar Ciwidey,0.0,21.9,27.7,16.2
2024-10-22,Pasar Ciwidey,1.8,22.1,27.5,16.9
2024-10-23,Pasar Ciwidey,1.5,22.1,27.7,17.8
2024-10-24,Pasar Ciwidey,1.6,22.2,26.9,17.9
2024-10-25,Pasar Ciwidey,0.3,22.5,28.0,17.5
2024-10-26,Pasar Ciwidey,0.4,22.3,29.2,15.6
2024-10-27,Pasar Ciwidey,4.9,21.4,27.7,17.6
2024-10-28,Pasar Ciwidey,1.7,21.8,27.4,16.8
2024-10-29,Pasar Ciwidey,0.1,23.2,30.0,17.3
2024-10-30,Pasar Ciwidey,2.4,22.6,29.3,16.9
2024-10-31,Pasar Ciwidey,1.9,21.6,27.5,16.4
2024-11-01,Pasar Ciwidey,4.9,21.6,27.7,17.5
2024-11-02,Pasar Ciwidey,3.9,21.6,27.1,18.7
2024-11-03,Pasar Ciwidey,1.7,20.7,24.7,18.0
2024-11-04,Pasar Ciwidey,3.7,20.7,23.7,18.5
2024-11-05,Pasar Ciwidey,8.7,20.5,24.6,16.7
2024-11-06,Pasar Ciwidey,7.7,19.9,24.1,17.3
2024-11-07,Pasar Ciwidey,1.4,20.8,26.4,15.6
2024-11-08,Pasar Ciwidey,2.1,21.3,25.6,17.1
2024-11-09,Pasar Ciwidey,5.0,20.9,24.6,17.3
2024-11-10,Pasar Ciwidey,6.9,21.2,25.3,17.9
2024-11-11,Pasar Ciwidey,8.6,20.8,23.9,18.6
2024-11-12,Pasar Ciwidey,1.6,21.0,24.4,18.8
2024-11-13,Pasar Ciwidey,2.2,21.4,26.9,18.6
2024-11-14,Pasar Ciwidey,2.9,21.3,26.8,17.8
2024-11-15,Pasar Ciwidey,3.6,21.3,26.5,17.6
2024-11-16,Pasar Ciwidey,10.8,20.9,24.5,17.8
2024-11-17,Pasar Ciwidey,5.8,20.8,26.1,17.3
2024-11-18,Pasar Ciwidey,5.0,21.1,25.7,18.8
2024-11-19,Pasar Ciwidey,7.7,21.0,26.4,17.0
2024-11-20,Pasar Ciwidey,23.9,21.3,26.7,17.9
2024-11-21,Pasar Ciwidey,3.7,21.3,25.9,19.1
2024-11-22,Pasar Ciwidey,5.2,21.5,26.4,18.6
2024-11-23,Pasar Ciwidey,9.5,21.0,25.8,18.5
2024-11-24,Pasar Ciwidey,17.2,20.8,25.8,18.5
2024-11-25,Pasar Ciwidey,22.1,21.0,25.5,18.5
2024-11-26,Pasar Ciwidey,20.0,21.0,26.4,17.8
2024-11-27,Pasar Ciwidey,25.4,20.7,27.0,17.4
2024-11-28,Pasar Ciwidey,5.1,21.0,25.4,18.3
2024-11-29,Pasar Ciwidey,1.0,21.2,26.1,17.2
2024-11-30,Pasar Ciwidey,10.5,21.1,26.5,17.4
2024-12-01,Pasar Ciwidey,6.9,21.5,26.5,18.7
2024-12-02,Pasar Ciwidey,44.7,20.8,26.6,18.0
2024-12-03,Pasar Ciwidey,32.8,20.3,22.6,18.8
2024-12-04,Pasar Ciwidey,17.4,20.5,23.0,18.7
2024-12-05,Pasar Ciwidey,13.2,21.2,24.9,19.3
2024-12-06,Pasar Ciwidey,15.5,21.0,24.0,19.5
2024-12-07,Pasar Ciwidey,7.0,20.9,25.4,18.3
2024-12-08,Pasar Ciwidey,2.4,20.9,24.0,18.5
2024-12-09,Pasar Ciwidey,0.9,20.9,23.7,18.8
2024-12-10,Pasar Ciwidey,3.3,21.5,26.3,18.1
2024-12-11,Pasar Ciwidey,7.9,21.3,24.6,19.3
2024-12-12,Pasar Ciwidey,2.3,22.3,27.2,19.1
2024-12-13,Pasar Ciwidey,6.7,21.7,26.6,18.7
2024-12-14,Pasar Ciwidey,7.9,21.2,24.1,19.2
2024-12-15,Pasar Ciwidey,30.7,20.2,23.7,18.6
2024-12-16,Pasar Ciwidey,3.6,20.8,26.2,17.8
2024-12-17,Pasar Ciwidey,26.4,20.8,24.7,17.8
2024-12-18,Pasar Ciwidey,3.8,20.9,25.1,18.0
2024-12-19,Pasar Ciwidey,1.1,21.7,26.8,17.4
2024-12-20,Pasar Ciwidey,2.9,21.5,26.3,19.3
2024-12-21,Pasar Ciwidey,12.2,21.1,25.6,18.7
2024-12-22,Pasar Ciwidey,34.1,20.6,25.0,18.1
2024-12-23,Pasar Ciwidey,6.8,20.4,25.5,17.2
2024-12-24,Pasar Ciwidey,20.8,19.8,21.9,18.4
2024-12-25,Pasar Ciwidey,18.5,20.6,26.4,18.1
2024-12-26,Pasar Ciwidey,0.1,21.2,25.7,17.3
2024-12-27,Pasar Ciwidey,7.4,21.3,26.7,17.1
2024-12-28,Pasar Ciwidey,1.3,21.2,25.9,16.8
2024-12-29,Pasar Ciwidey,0.2,20.9,26.1,17.4
2024-12-30,Pasar Ciwidey,2.3,20.7,24.9,17.6
2024-12-31,Pasar Ciwidey,2.1,21.2,25.1,18.8
2025-01-01,Pasar Ciwidey,18.4,20.3,25.4,17.4
2025-01-02,Pasar Ciwidey,1.5,20.9,26.7,15.8
2025-01-03,Pasar Ciwidey,1.1,21.1,27.3,15.0
2025-01-04,Pasar Ciwidey,14.2,20.1,25.1,15.6
2025-01-05,Pasar Ciwidey,0.7,20.3,24.7,17.1
2025-01-06,Pasar Ciwidey,11.7,20.4,25.9,15.7
2025-01-07,Pasar Ciwidey,27.7,20.5,25.2,16.8
2025-01-08,Pasar Ciwidey,6.2,19.5,22.0,17.2
2025-01-09,Pasar Ciwidey,5.1,18.9,21.7,16.8
2025-01-10,Pasar Ciwidey,29.5,20.5,25.0,17.6
2025-01-11,Pasar Ciwidey,16.5,20.7,26.1,17.8
2025-01-12,Pasar Ciwidey,3.5,20.5,25.0,17.2
2025-01-13,Pasar Ciwidey,21.6,20.7,26.7,17.2
2025-01-14,Pasar Ciwidey,34.4,19.9,23.9,17.3
2025-01-15,Pasar Ciwidey,13.2,21.0,26.5,17.7
2025-01-16,Pasar Ciwidey,3.8,21.1,25.9,17.8
2025-01-17,Pasar Ciwidey,22.7,20.6,24.6,18.2
2025-01-18,Pasar Ciwidey,5.7,21.2,25.0,19.0
2025-01-19,Pasar Ciwidey,2.9,21.0,25.1,17.6
2025-01-20,Pasar Ciwidey,8.3,20.3,23.9,18.7
2025-01-21,Pasar Ciwidey,15.1,20.4,24.6,18.6
2025-01-22,Pasar Ciwidey,9.0,20.9,26.1,18.0
2025-01-23,Pasar Ciwidey,12.5,20.9,26.8,17.2
2025-01-24,Pasar Ciwidey,35.9,20.3,24.1,17.6
2025-01-25,Pasar Ciwidey,7.6,20.4,24.1,17.1
2025-01-26,Pasar Ciwidey,21.6,20.8,25.1,17.1
2025-01-27,Pasar Ciwidey,7.2,20.5,25.4,15.7
2025-01-28,Pasar Ciwidey,18.9,19.9,25.5,16.2
2025-01-29,Pasar Ciwidey,6.8,19.2,20.4,18.5
2025-01-30,Pasar Ciwidey,8.7,18.7,20.1,17.8
2025-01-31,Pasar Ciwidey,2.4,20.2,24.2,17.7
2025-02-01,Pasar Ciwidey,3.6,19.9,23.0,17.5
2025-02-02,Pasar Ciwidey,5.4,20.6,25.3,17.3
2025-02-03,Pasar Ciwidey,0.3,21.6,26.8,18.3
2025-02-04,Pasar Ciwidey,0.6,21.7,25.4,19.0
2025-02-05,Pasar Ciwidey,3.2,21.2,24.6,18.4
2025-02-06,Pasar Ciwidey,14.4,19.8,22.4,17.9
2025-02-07,Pasar Ciwidey,8.5,20.0,23.8,18.0
2025-02-08,Pasar Ciwidey,19.4,20.0,24.0,16.9
2025-02-09,Pasar Ciwidey,14.7,20.1,24.2,16.1
2025-02-10,Pasar Ciwidey,1.8,20.2,24.6,16.5
2025-02-11,Pasar Ciwidey,4.3,20.3,26.0,15.8
2025-02-12,Pasar Ciwidey,0.1,20.8,27.4,14.6
2025-02-13,Pasar Ciwidey,0.4,21.1,25.9,17.4
2025-02-14,Pasar Ciwidey,10.3,20.9,25.6,17.4
2025-02-15,Pasar Ciwidey,16.9,20.5,25.3,18.1
2025-02-16,Pasar Ciwidey,13.5,20.2,25.1,16.4
2025-02-17,Pasar Ciwidey,3.5,20.6,24.9,17.9
2025-02-18,Pasar Ciwidey,19.5,20.3,24.7,17.2
2025-02-19,Pasar Ciwidey,10.6,19.7,23.8,17.1
2025-02-20,Pasar Ciwidey,1.1,21.1,25.7,18.0
2025-02-21,Pasar Ciwidey,19.6,20.3,26.3,16.8
2025-02-22,Pasar Ciwidey,12.7,20.5,24.8,18.1
2025-02-23,Pasar Ciwidey,15.1,19.7,23.1,17.4
2025-02-24,Pasar Ciwidey,30.1,20.2,24.4,17.7
2025-02-25,Pasar Ciwidey,26.3,20.5,25.4,17.8
2025-02-26,Pasar Ciwidey,23.8,20.1,23.7,17.9
2025-02-27,Pasar Ciwidey,4.6,20.0,25.1,16.1
2025-02-28,Pasar Ciwidey,10.5,20.3,24.9,16.1
2025-03-01,Pasar Ciwidey,2.1,21.0,25.5,17.8
2025-03-02,Pasar Ciwidey,0.7,20.7,25.1,16.4
2025-03-03,Pasar Ciwidey,29.2,20.5,24.2,17.6
2025-03-04,Pasar Ciwidey,15.5,20.4,23.8,17.9
2025-03-05,Pasar Ciwidey,0.3,21.0,25.8,17.3
2025-03-06,Pasar Ciwidey,22.9,21.0,26.1,17.5
2025-03-07,Pasar Ciwidey,1.3,21.0,25.2,18.6
2025-03-08,Pasar Ciwidey,17.8,20.8,25.3,17.8
2025-03-09,Pasar Ciwidey,1.7,20.2,23.7,18.0
2025-03-10,Pasar Ciwidey,4.4,20.3,25.1,18.0
2025-03-11,Pasar Ciwidey,1.9,20.9,25.9,17.8
2025-03-12,Pasar Ciwidey,31.5,20.7,24.9,17.1
2025-03-13,Pasar Ciwidey,13.8,21.0,26.4,16.4
2025-03-14,Pasar Ciwidey,27.6,20.6,26.1,17.4
2025-03-15,Pasar Ciwidey,41.7,20.0,24.3,16.8
2025-03-16,Pasar Ciwidey,27.1,20.2,26.5,16.2
2025-03-17,Pasar Ciwidey,12.7,19.9,24.9,16.8
2025-03-18,Pasar Ciwidey,7.4,20.2,22.5,18.5
2025-03-19,Pasar Ciwidey,5.1,20.5,24.6,17.4
2025-03-20,Pasar Ciwidey,0.0,21.7,27.6,17.7
2025-03-21,Pasar Ciwidey,2.6,21.0,26.0,17.7
2025-03-22,Pasar Ciwidey,2.1,21.1,27.0,16.6
2025-03-23,Pasar Ciwidey,0.1,20.7,27.4,15.3
2025-03-24,Pasar Ciwidey,1.4,20.8,25.8,16.6
2025-03-25,Pasar Ciwidey,2.2,21.1,25.9,17.5
2025-03-26,Pasar Ciwidey,12.0,20.3,25.4,16.2
2025-03-27,Pasar Ciwidey,4.5,20.3,25.1,16.1
2025-03-28,Pasar Ciwidey,21.4,20.7,24.6,18.5
2025-03-29,Pasar Ciwidey,0.2,21.0,25.8,16.6
2025-03-30,Pasar Ciwidey,2.2,20.9,26.6,15.6
2025-03-31,Pasar Ciwidey,1.9,21.0,26.8,16.5
2025-04-01,Pasar Ciwidey,22.6,19.6,23.1,16.3
2025-04-02,Pasar Ciwidey,54.2,20.2,23.8,18.0
2025-04-03,Pasar Ciwidey,34.4,20.5,24.2,18.5
2025-04-04,Pasar Ciwidey,16.1,19.9,23.9,16.4
2025-04-05,Pasar Ciwidey,22.6,20.1,24.7,16.7
2025-04-06,Pasar Ciwidey,20.6,20.2,24.6,17.6
2025-04-07,Pasar Ciwidey,1.2,21.1,26.4,17.5
2025-04-08,Pasar Ciwidey,0.0,20.5,26.1,15.6
2025-04-09,Pasar Ciwidey,3.7,20.8,26.3,17.3
2025-04-10,Pasar Ciwidey,15.1,20.5,24.4,17.5
2025-04-11,Pasar Ciwidey,5.9,20.6,25.1,18.3
2025-04-12,Pasar Ciwidey,3.9,20.4,23.6,17.0
2025-04-13,Pasar Ciwidey,27.0,20.3,24.3,17.7
2025-04-14,Pasar Ciwidey,18.1,20.6,24.5,18.6
2025-04-15,Pasar Ciwidey,27.5,20.1,23.6,17.9
2025-04-16,Pasar Ciwidey,2.7,20.8,25.5,17.1
2025-04-17,Pasar Ciwidey,1.3,20.7,24.8,17.3
2025-04-18,Pasar Ciwidey,14.3,20.2,24.7,16.1
2025-04-19,Pasar Ciwidey,20.3,21.2,26.2,18.6
2025-04-20,Pasar Ciwidey,29.3,20.8,25.6,17.6
2025-04-21,Pasar Ciwidey,16.7,20.1,24.4,17.5
2025-04-22,Pasar Ciwidey,0.3,20.6,26.4,16.2
2025-04-23,Pasar Ciwidey,12.2,19.9,25.4,15.9
2025-04-24,Pasar Ciwidey,21.7,20.1,25.0,17.5
2025-04-25,Pasar Ciwidey,10.9,20.6,24.7,18.2
2025-04-26,Pasar Ciwidey,14.6,20.1,22.9,17.6
2025-04-27,Pasar Ciwidey,3.5,20.8,25.9,16.0
2025-04-28,Pasar Ciwidey,0.0,20.6,25.6,14.7
2025-04-29,Pasar Ciwidey,0.1,20.8,25.4,17.0
2025-04-30,Pasar Ciwidey,0.0,20.3,25.5,15.2
2025-05-01,Pasar Ciwidey,1.2,20.8,25.5,15.8
2025-05-02,Pasar Ciwidey,10.2,20.1,25.6,15.5
2025-05-03,Pasar Ciwidey,9.1,20.5,25.9,16.5
2025-05-04,Pasar Ciwidey,9.3,20.5,24.7,18.8
2025-05-05,Pasar Ciwidey,1.1,21.0,25.6,17.7
2025-05-06,Pasar Ciwidey,1.9,20.9,26.1,17.3
2025-05-07,Pasar Ciwidey,13.5,20.4,24.8,17.8
2025-05-08,Pasar Ciwidey,1.9,20.7,24.7,17.7
2025-05-09,Pasar Ciwidey,5.6,21.0,26.3,17.1
2025-05-10,Pasar Ciwidey,14.2,20.9,26.2,16.4
2025-05-11,Pasar Ciwidey,11.4,21.1,26.2,18.0
2025-05-12,Pasar Ciwidey,29.8,20.7,25.7,17.0
2025-05-13,Pasar Ciwidey,14.8,20.6,24.6,18.0
2025-05-14,Pasar Ciwidey,8.5,20.5,24.6,18.0
2025-05-15,Pasar Ciwidey,6.6,20.8,26.0,17.6
2025-05-16,Pasar Ciwidey,45.4,20.7,25.1,18.4
2025-05-17,Pasar Ciwidey,29.5,20.4,24.8,17.2
2025-05-18,Pasar Ciwidey,17.0,20.5,24.8,17.5
2025-05-19,Pasar Ciwidey,6.9,20.5,24.7,16.9
2025-05-20,Pasar Ciwidey,1.3,21.2,24.4,18.5
2025-05-21,Pasar Ciwidey,29.8,19.7,20.9,17.8
2025-05-22,Pasar Ciwidey,23.3,20.3,23.1,18.5
2025-05-23,Pasar Ciwidey,13.8,20.0,23.3,17.9
2025-05-24,Pasar Ciwidey,24.0,20.5,24.3,18.1
2025-05-25,Pasar Ciwidey,9.0,21.0,24.5,18.9
2025-05-26,Pasar Ciwidey,7.7,19.8,21.5,18.3
2025-05-27,Pasar Ciwidey,0.5,21.2,26.5,16.8
2025-05-28,Pasar Ciwidey,1.5,21.4,26.1,17.7
2025-05-29,Pasar Ciwidey,2.3,20.7,26.3,15.7
2025-05-30,Pasar Ciwidey,2.1,21.3,26.5,17.3
2025-05-31,Pasar Ciwidey,6.7,20.6,26.8,16.2
2025-06-01,Pasar Ciwidey,0.4,19.6,23.9,15.7
2025-06-02,Pasar Ciwidey,0.7,20.9,25.9,17.1
2025-06-03,Pasar Ciwidey,0.6,20.0,24.8,15.4
2025-06-04,Pasar Ciwidey,0.0,20.5,25.5,16.8
2025-06-05,Pasar Ciwidey,0.0,20.5,25.7,16.1
2025-06-06,Pasar Ciwidey,8.7,20.6,25.4,17.6
2025-06-07,Pasar Ciwidey,9.0,20.9,25.5,18.8
2025-06-08,Pasar Ciwidey,0.0,20.3,25.6,14.8
2025-06-09,Pasar Ciwidey,5.2,19.5,24.9,14.5
2025-06-10,Pasar Ciwidey,14.4,19.6,24.3,15.3
2025-06-11,Pasar Ciwidey,1.0,20.1,23.4,17.8
2025-06-12,Pasar Ciwidey,1.3,20.8,25.3,16.7
2025-06-13,Pasar Ciwidey,0.1,21.2,26.2,16.9
2025-06-14,Pasar Ciwidey,0.5,20.4,24.3,16.1
2025-06-15,Pasar Ciwidey,1.1,20.4,25.0,18.2
2025-06-16,Pasar Ciwidey,0.5,20.9,26.3,17.2
2025-06-17,Pasar Ciwidey,8.5,20.2,24.6,16.8
2025-06-18,Pasar Ciwidey,1.5,19.6,23.1,16.6
2025-06-19,Pasar Ciwidey,0.4,19.7,22.3,17.7
2025-06-20,Pasar Ciwidey,4.4,19.7,23.9,16.6
2025-06-21,Pasar Ciwidey,0.7,20.1,24.6,17.9
2025-06-22,Pasar Ciwidey,0.8,20.4,25.4,17.1
2025-06-23,Pasar Ciwidey,1.9,19.9,24.9,17.0
2025-06-24,Pasar Ciwidey,1.3,19.3,24.5,16.0
2025-06-25,Pasar Ciwidey,3.9,19.3,24.6,15.4
2025-06-26,Pasar Ciwidey,0.0,20.1,25.3,15.5
2025-06-27,Pasar Ciwidey,0.7,20.3,25.3,15.3
2025-06-28,Pasar Ciwidey,17.2,19.1,23.1,16.5
2025-06-29,Pasar Ciwidey,2.1,19.0,23.3,16.1
2025-06-30,Pasar Ciwidey,0.7,20.0,24.9,16.3
2025-07-01,Pasar Ciwidey,10.4,19.8,24.2,17.6
2025-07-02,Pasar Ciwidey,20.3,19.9,24.9,16.7
2025-07-03,Pasar Ciwidey,4.9,19.8,24.2,15.9
2025-07-04,Pasar Ciwidey,0.8,19.8,24.2,16.8
2025-07-05,Pasar Ciwidey,6.8,19.7,24.5,16.7
2025-07-06,Pasar Ciwidey,1.9,20.0,24.9,18.0
2025-07-07,Pasar Ciwidey,5.0,19.7,24.4,16.5
2025-07-08,Pasar Ciwidey,1.1,20.5,25.9,17.4
2025-07-09,Pasar Ciwidey,0.3,20.2,24.5,17.3
2025-07-10,Pasar Ciwidey,0.2,19.2,24.5,14.7
2025-07-11,Pasar Ciwidey,0.2,19.0,23.7,14.3
2025-07-12,Pasar Ciwidey,0.0,19.7,25.4,15.6
2025-07-13,Pasar Ciwidey,0.4,20.4,25.4,16.4
2025-07-14,Pasar Ciwidey,16.5,20.1,24.5,17.5
2025-07-15,Pasar Ciwidey,0.0,20.0,24.8,16.1
2025-07-16,Pasar Ciwidey,2.6,20.0,25.2,15.5
2025-07-17,Pasar Ciwidey,0.0,20.1,25.4,15.3
2025-07-18,Pasar Ciwidey,0.6,19.8,24.6,14.9
2025-07-19,Pasar Ciwidey,0.0,19.8,24.8,13.3
2025-07-20,Pasar Ciwidey,0.1,19.2,24.7,13.0
2025-07-21,Pasar Ciwidey,0.2,20.2,25.5,16.4
2025-07-22,Pasar Ciwidey,0.0,18.8,25.1,12.7
2025-07-23,Pasar Ciwidey,0.0,19.5,25.5,14.7
2025-07-24,Pasar Ciwidey,0.0,20.3,26.8,15.2
2025-07-25,Pasar Ciwidey,0.0,20.0,25.8,14.7
2025-07-26,Pasar Ciwidey,0.0,20.5,25.9,16.3
2025-07-27,Pasar Ciwidey,4.5,20.2,25.5,15.9
2025-07-28,Pasar Ciwidey,2.8,20.3,25.5,17.1
2025-07-29,Pasar Ciwidey,5.2,20.6,24.4,17.9
2025-07-30,Pasar Ciwidey,0.4,20.9,26.2,17.4
2025-07-31,Pasar Ciwidey,0.1,20.8,25.7,17.1
2025-08-01,Pasar Ciwidey,0.0,20.5,26.0,16.3
2025-08-02,Pasar Ciwidey,0.0,20.9,26.3,16.7
2025-08-03,Pasar Ciwidey,0.2,20.6,26.6,16.6
2025-08-04,Pasar Ciwidey,1.9,20.3,25.0,17.5
2025-08-05,Pasar Ciwidey,1.1,20.4,26.0,16.9
2025-08-06,Pasar Ciwidey,2.9,20.6,25.6,17.1
2025-08-07,Pasar Ciwidey,0.0,20.7,26.2,16.3
2025-08-08,Pasar Ciwidey,0.0,21.0,25.6,16.9
2025-08-09,Pasar Ciwidey,3.5,20.6,25.5,18.2
2025-08-10,Pasar Ciwidey,0.3,20.5,26.6,15.9
2025-08-11,Pasar Ciwidey,0.9,19.8,24.9,15.4
2025-08-12,Pasar Ciwidey,9.4,19.4,23.0,17.2
2025-08-13,Pasar Ciwidey,3.8,19.5,24.6,15.9
2025-08-14,Pasar Ciwidey,50.0,19.0,22.2,16.7
2025-08-15,Pasar Ciwidey,0.0,19.3,25.1,14.5
2025-08-16,Pasar Ciwidey,0.1,19.3,25.8,13.6
2025-08-17,Pasar Ciwidey,0.2,20.1,25.0,15.9
2025-08-18,Pasar Ciwidey,8.7,19.6,25.2,15.8
2025-08-19,Pasar Ciwidey,1.8,19.5,23.8,16.9
2025-08-20,Pasar Ciwidey,13.8,20.1,24.6,17.2
2025-08-21,Pasar Ciwidey,1.2,19.8,23.9,17.4
2025-08-22,Pasar Ciwidey,2.3,19.8,24.6,16.3
2025-08-23,Pasar Ciwidey,0.0,20.5,26.0,16.2
2025-08-24,Pasar Ciwidey,0.2,20.7,25.8,16.1
2025-08-25,Pasar Ciwidey,4.8,19.8,25.6,15.6
2025-08-26,Pasar Ciwidey,0.0,19.2,25.5,13.7
2025-08-27,Pasar Ciwidey,3.6,19.6,26.1,14.0
2025-08-28,Pasar Ciwidey,4.2,20.4,24.7,16.9
2025-08-29,Pasar Ciwidey,5.2,20.6,26.1,17.8
2025-08-30,Pasar Ciwidey,2.3,20.6,26.0,17.3
2025-08-31,Pasar Ciwidey,3.9,20.3,23.7,17.6
2025-09-01,Pasar Ciwidey,0.2,21.1,26.8,17.3
2025-09-02,Pasar Ciwidey,0.0,20.4,26.0,15.6
2025-09-03,Pasar Ciwidey,0.0,21.1,27.2,16.3
2025-09-04,Pasar Ciwidey,0.1,20.9,27.7,15.8
2025-09-05,Pasar Ciwidey,7.6,19.7,25.1,15.2
2025-09-06,Pasar Ciwidey,0.0,20.7,25.7,17.0
2025-09-07,Pasar Ciwidey,0.0,20.4,26.4,15.5
2025-09-08,Pasar Ciwidey,1.3,19.9,25.2,15.9
2025-09-09,Pasar Ciwidey,3.0,19.6,25.5,16.3
2025-09-10,Pasar Ciwidey,3.8,20.2,25.8,17.2
2025-09-11,Pasar Ciwidey,8.7,19.9,22.4,17.3
2025-09-12,Pasar Ciwidey,13.9,20.4,25.2,17.8
2025-09-13,Pasar Ciwidey,0.4,20.7,26.3,15.8
2025-09-14,Pasar Ciwidey,0.3,20.7,26.4,14.9
2025-09-15,Pasar Ciwidey,0.0,20.9,26.8,15.6
2025-09-16,Pasar Ciwidey,3.5,20.5,25.5,16.3
2025-09-17,Pasar Ciwidey,2.2,20.2,24.9,17.0
2025-09-18,Pasar Ciwidey,3.0,19.9,24.8,17.1
2025-09-19,Pasar Ciwidey,3.1,20.1,25.8,16.2
2025-09-20,Pasar Ciwidey,11.4,19.7,24.4,17.5
2025-09-21,Pasar Ciwidey,1.2,20.3,25.4,17.1
2025-09-22,Pasar Ciwidey,0.0,21.6,27.9,16.8
2025-09-23,Pasar Ciwidey,0.0,21.5,27.5,15.4
2025-09-24,Pasar Ciwidey,0.5,21.1,26.9,16.1
2025-09-25,Pasar Ciwidey,0.1,21.1,26.9,17.3
2025-09-26,Pasar Ciwidey,3.3,21.4,26.5,17.7
2025-09-27,Pasar Ciwidey,0.9,21.3,26.4,17.5
2025-09-28,Pasar Ciwidey,0.7,21.2,26.1,17.4
2025-09-29,Pasar Ciwidey,2.5,20.3,25.7,17.1
2025-09-30,Pasar Ciwidey,2.6,20.6,26.3,17.5
2025-10-01,Pasar Ciwidey,2.4,20.4,26.3,17.3
2025-10-02,Pasar Ciwidey,8.4,19.4,23.7,17.4
2025-10-03,Pasar Ciwidey,0.0,21.3,26.5,17.2
2025-10-04,Pasar Ciwidey,1.1,21.7,28.9,16.9
2025-10-05,Pasar Ciwidey,0.0,20.6,27.7,15.1
2025-10-06,Pasar Ciwidey,0.1,21.3,26.8,16.7
2025-10-07,Pasar Ciwidey,0.4,20.7,25.9,16.8
2025-10-08,Pasar Ciwidey,1.1,20.5,27.2,14.6
2025-10-09,Pasar Ciwidey,0.1,20.5,27.5,14.3
2025-10-10,Pasar Ciwidey,0.4,21.0,26.9,16.4
2025-10-11,Pasar Ciwidey,1.8,20.2,25.4,15.6
2025-10-12,Pasar Ciwidey,0.5,21.4,27.1,15.3
2025-10-13,Pasar Ciwidey,7.7,20.7,26.5,16.4
2025-10-14,Pasar Ciwidey,0.7,22.1,27.8,17.6
2025-10-15,Pasar Ciwidey,0.2,22.0,28.9,15.7
2025-10-16,Pasar Ciwidey,0.0,22.0,28.1,15.6
2025-10-17,Pasar Ciwidey,2.9,22.0,28.5,17.5
2025-10-18,Pasar Ciwidey,1.4,21.7,27.4,16.9
2025-10-19,Pasar Ciwidey,1.7,21.5,25.4,17.5
2025-10-20,Pasar Ciwidey,1.6,22.2,27.4,18.2
2025-10-21,Pasar Ciwidey,8.7,21.1,26.3,16.3
2025-10-22,Pasar Ciwidey,28.1,21.0,25.4,19.1
2025-10-23,Pasar Ciwidey,22.5,20.7,25.1,18.7
2025-10-24,Pasar Ciwidey,25.9,20.1,23.5,18.0
2025-10-25,Pasar Ciwidey,0.7,20.8,26.7,16.1
2025-10-26,Pasar Ciwidey,10.6,19.7,25.3,15.6
2025-10-27,Pasar Ciwidey,5.2,20.5,25.0,17.4
2025-10-28,Pasar Ciwidey,7.9,20.0,23.1,17.4
2025-10-29,Pasar Ciwidey,4.4,20.2,23.7,16.9
2025-10-30,Pasar Ciwidey,6.0,20.7,25.6,17.4
2025-10-31,Pasar Ciwidey,1.2,20.8,26.6,17.4
2025-11-01,Pasar Ciwidey,4.1,21.2,25.7,18.1
2025-11-02,Pasar Ciwidey,2.4,20.8,25.8,18.2
2025-11-03,Pasar Ciwidey,15.2,20.4,25.4,17.7
2025-11-04,Pasar Ciwidey,3.9,20.9,26.9,16.7
2025-11-05,Pasar Ciwidey,1.6,20.2,23.7,17.5
2025-11-06,Pasar Ciwidey,5.7,21.0,25.8,18.4
2025-11-07,Pasar Ciwidey,6.0,21.9,27.4,18.5
2025-11-08,Pasar Ciwidey,32.4,20.4,24.8,18.8
2025-11-09,Pasar Ciwidey,6.5,21.3,25.6,18.3
2025-11-10,Pasar Ciwidey,12.4,20.9,27.3,17.1
2025-11-11,Pasar Ciwidey,19.9,20.2,23.8,18.6
2025-11-12,Pasar Ciwidey,23.2,20.5,24.4,18.2
2025-11-13,Pasar Ciwidey,18.8,20.3,24.9,17.7
2025-11-14,Pasar Ciwidey,9.2,20.3,24.7,18.1
2025-11-15,Pasar Ciwidey,8.1,21.1,26.1,18.4
2025-11-16,Pasar Ciwidey,7.5,21.5,26.6,17.7
2025-11-17,Pasar Ciwidey,11.1,20.6,24.9,16.4
2025-11-18,Pasar Ciwidey,34.4,19.9,23.4,17.5
2025-11-19,Pasar Ciwidey,23.8,19.9,25.1,16.4
2025-11-20,Pasar Ciwidey,37.8,20.0,24.7,16.2
2025-11-21,Pasar Ciwidey,8.0,21.9,27.2,18.1
2025-11-22,Pasar Ciwidey,4.9,20.2,25.1,17.2
2025-11-23,Pasar Ciwidey,10.6,20.2,24.0,17.6
2025-11-24,Pasar Ciwidey,0.2,20.9,27.8,16.0
2025-11-25,Pasar Ciwidey,1.7,21.0,28.0,14.2
2025-11-26,Pasar Ciwidey,0.4,21.0,26.3,16.0
2025-11-27,Pasar Ciwidey,9.7,20.9,25.4,17.5
2025-11-28,Pasar Ciwidey,2.8,21.2,26.7,16.5
2025-11-29,Pasar Ciwidey,1.5,21.1,26.6,16.1
2025-11-30,Pasar Ciwidey,7.2,20.3,25.6,16.1
2025-12-01,Pasar Ciwidey,5.5,20.4,26.3,16.6
2025-12-02,Pasar Ciwidey,1.2,21.1,27.2,17.7
2025-12-03,Pasar Ciwidey,9.0,20.8,25.9,18.4
2025-12-04,Pasar Ciwidey,14.1,20.2,23.5,18.5
2025-12-05,Pasar Ciwidey,8.8,20.4,26.3,18.4
2025-12-06,Pasar Ciwidey,5.5,20.0,23.9,17.6
2025-12-07,Pasar Ciwidey,3.7,21.0,25.4,17.0
2025-12-08,Pasar Ciwidey,17.8,20.2,24.4,17.0
2025-12-09,Pasar Ciwidey,10.9,20.3,23.8,17.5
2025-12-10,Pasar Ciwidey,4.0,20.4,25.6,17.0
2025-12-11,Pasar Ciwidey,5.1,20.7,26.5,17.3
2025-12-12,Pasar Ciwidey,3.1,20.8,26.5,15.5
2025-12-13,Pasar Ciwidey,3.6,21.7,26.5,16.8
2025-12-14,Pasar Ciwidey,29.4,20.8,24.2,18.6
2025-12-15,Pasar Ciwidey,0.3,21.9,26.7,18.8
2025-12-16,Pasar Ciwidey,1.8,21.9,27.1,17.3
2025-12-17,Pasar Ciwidey,13.7,21.1,26.2,17.8
2025-12-18,Pasar Ciwidey,9.5,21.4,25.5,19.0
2025-12-19,Pasar Ciwidey,3.0,21.1,25.8,18.3
2025-12-20,Pasar Ciwidey,21.9,20.0,23.5,17.4
2025-12-21,Pasar Ciwidey,3.7,20.5,24.8,17.4
2025-12-22,Pasar Ciwidey,31.0,20.2,24.8,17.0
2025-12-23,Pasar Ciwidey,21.3,20.9,25.5,17.7
2025-12-24,Pasar Ciwidey,3.3,21.1,25.0,18.0
2025-12-25,Pasar Ciwidey,1.8,22.0,26.8,18.4
2025-12-26,Pasar Ciwidey,14.1,21.4,26.5,18.2
2025-12-27,Pasar Ciwidey,1.0,21.4,25.8,18.5
2025-12-28,Pasar Ciwidey,18.6,21.0,26.4,17.4
2025-12-29,Pasar Ciwidey,5.1,20.8,25.6,17.5
2025-12-30,Pasar Ciwidey,39.8,20.4,24.5,16.8
2025-12-31,Pasar Ciwidey,27.0,19.2,20.6,17.4
2026-01-01,Pasar Ciwidey,23.1,19.9,24.4,17.1
2026-01-02,Pasar Ciwidey,14.9,20.0,24.6,17.2
2026-01-03,Pasar Ciwidey,28.6,19.5,21.1,18.8
2026-01-04,Pasar Ciwidey,3.5,20.2,24.4,17.5
2026-01-05,Pasar Ciwidey,3.4,20.9,26.8,17.3
2026-01-06,Pasar Ciwidey,1.3,20.9,27.4,14.9
2026-01-07,Pasar Ciwidey,1.6,20.5,25.4,16.0
2026-01-08,Pasar Ciwidey,5.5,20.3,26.1,16.3
2026-01-09,Pasar Ciwidey,13.6,20.5,25.7,16.7
2026-01-10,Pasar Ciwidey,8.8,19.8,22.9,17.8
2026-01-11,Pasar Ciwidey,5.9,19.5,22.7,17.9
2026-01-12,Pasar Ciwidey,1.5,19.5,23.5,17.0
2026-01-13,Pasar Ciwidey,1.5,20.2,24.1,17.3
2026-01-14,Pasar Ciwidey,2.1,20.7,24.8,18.1
2026-01-15,Pasar Ciwidey,20.6,19.5,21.7,16.6
2026-01-16,Pasar Ciwidey,2.2,20.4,25.1,16.4
2026-01-17,Pasar Ciwidey,11.4,19.8,25.2,16.5
2026-01-18,Pasar Ciwidey,12.4,19.4,21.7,17.9
2026-01-19,Pasar Ciwidey,8.9,20.0,25.0,17.0
2026-01-20,Pasar Ciwidey,5.4,20.4,25.2,17.4
2026-01-21,Pasar Ciwidey,8.4,19.7,22.4,18.2
2026-01-22,Pasar Ciwidey,20.7,18.9,20.7,17.3
2026-01-23,Pasar Ciwidey,47.0,18.5,19.3,17.9
2026-01-24,Pasar Ciwidey,18.9,18.3,19.6,16.0
2026-01-25,Pasar Ciwidey,4.4,19.6,23.7,15.9
2026-01-26,Pasar Ciwidey,4.3,20.1,24.2,17.2
2026-01-27,Pasar Ciwidey,10.9,19.1,22.1,17.1
2026-01-28,Pasar Ciwidey,22.2,18.9,19.8,18.3
2026-01-29,Pasar Ciwidey,30.7,19.1,21.1,18.5
2026-01-30,Pasar Ciwidey,4.5,19.8,23.8,18.1
2026-01-31,Pasar Ciwidey,9.3,19.8,24.1,15.0
2026-02-01,Pasar Ciwidey,7.4,19.6,23.6,16.2
2026-02-02,Pasar Ciwidey,4.8,19.7,24.0,16.9
2026-02-03,Pasar Ciwidey,22.1,19.6,24.3,15.7
2026-02-04,Pasar Ciwidey,15.7,19.4,24.8,15.1
2026-02-05,Pasar Ciwidey,2.0,20.4,25.4,16.9
2026-02-06,Pasar Ciwidey,2.3,20.9,25.3,18.2
2026-02-07,Pasar Ciwidey,2.4,19.8,23.2,16.3
2026-02-08,Pasar Ciwidey,1.4,20.1,22.5,18.0
2026-02-09,Pasar Ciwidey,18.1,19.4,22.5,17.4
2026-02-10,Pasar Ciwidey,20.5,19.7,24.2,15.4
2026-02-11,Pasar Ciwidey,3.7,20.1,25.5,16.6
2026-02-12,Pasar Ciwidey,24.2,20.1,25.7,16.6
2026-02-13,Pasar Ciwidey,12.2,20.0,23.8,17.2
2026-02-14,Pasar Ciwidey,16.0,20.6,25.4,17.1
2026-02-15,Pasar Ciwidey,4.9,20.0,24.8,17.7
2026-02-16,Pasar Ciwidey,21.9,20.0,24.1,17.7
2026-02-17,Pasar Ciwidey,2.4,20.9,26.6,17.7
2026-02-18,Pasar Ciwidey,5.3,19.5,21.4,17.5
2026-02-19,Pasar Ciwidey,25.3,18.8,21.3,16.9
2026-02-20,Pasar Ciwidey,12.1,19.2,21.6,17.8
2026-02-21,Pasar Ciwidey,25.2,19.7,23.2,17.2
2026-02-22,Pasar Ciwidey,32.7,19.9,22.8,18.6
2026-02-23,Pasar Ciwidey,17.1,19.3,22.7,17.7
2026-02-24,Pasar Ciwidey,1.2,20.2,25.8,17.6
2026-02-25,Pasar Ciwidey,0.4,20.6,25.0,16.2
2026-02-26,Pasar Ciwidey,1.6,20.7,25.1,18.3
2026-02-27,Pasar Ciwidey,2.4,20.3,25.0,18.4
2026-02-28,Pasar Ciwidey,3.0,20.4,24.4,18.2
2026-03-01,Pasar Ciwidey,2.5,20.4,25.9,17.0
2026-03-02,Pasar Ciwidey,8.5,20.3,24.8,17.2
2026-03-03,Pasar Ciwidey,8.7,20.6,23.1,18.7
2026-03-04,Pasar Ciwidey,3.1,20.7,23.7,18.9
2026-03-05,Pasar Ciwidey,4.0,21.0,24.5,19.0
2026-03-06,Pasar Ciwidey,3.3,20.2,23.2,18.0
2026-03-07,Pasar Ciwidey,14.2,19.8,23.9,17.7
2026-03-08,Pasar Ciwidey,30.5,19.0,22.4,16.8
2026-03-09,Pasar Ciwidey,3.3,19.5,25.0,15.3
2026-03-10,Pasar Ciwidey,2.4,20.7,27.8,14.8
2026-03-11,Pasar Ciwidey,2.2,21.0,27.3,15.9
2026-03-12,Pasar Ciwidey,0.6,20.7,27.9,14.6
2026-03-13,Pasar Ciwidey,0.7,20.5,28.1,14.3
2026-03-14,Pasar Ciwidey,4.9,19.7,26.3,14.3
2026-03-15,Pasar Ciwidey,0.6,20.3,26.2,14.5
2026-03-16,Pasar Ciwidey,0.6,20.6,25.7,16.3
2026-03-17,Pasar Ciwidey,1.0,21.2,26.4,15.4
2026-03-18,Pasar Ciwidey,1.4,21.7,27.5,16.3
2026-03-19,Pasar Ciwidey,12.9,20.2,26.4,16.0
2026-03-20,Pasar Ciwidey,7.8,20.4,25.8,16.1
2026-03-21,Pasar Ciwidey,10.8,20.5,26.6,15.1
2026-03-22,Pasar Ciwidey,2.1,20.3,26.1,14.8
2026-03-23,Pasar Ciwidey,0.4,19.9,26.0,14.2
2026-03-24,Pasar Ciwidey,0.5,20.5,26.1,15.7
2026-03-25,Pasar Ciwidey,2.6,19.9,25.8,15.1
2026-03-26,Pasar Ciwidey,6.0,20.1,23.4,17.9
2026-03-27,Pasar Ciwidey,26.9,19.9,22.7,17.5
2026-03-28,Pasar Ciwidey,23.5,20.0,23.2,16.3
2026-03-29,Pasar Ciwidey,7.8,20.3,24.3,16.3
2026-03-30,Pasar Ciwidey,14.0,20.1,24.6,16.7
2026-03-31,Pasar Ciwidey,2.3,20.4,24.6,17.4
2026-04-01,Pasar Ciwidey,10.1,20.3,24.9,17.2
2026-04-02,Pasar Ciwidey,21.3,20.2,24.3,17.3
2026-04-03,Pasar Ciwidey,3.4,21.0,25.8,18.2
2026-04-04,Pasar Ciwidey,4.4,20.3,24.8,16.1
2026-04-05,Pasar Ciwidey,4.4,20.7,25.7,18.1
2026-04-06,Pasar Ciwidey,0.9,20.6,25.7,17.4
2026-04-07,Pasar Ciwidey,3.4,20.6,25.0,17.4
2026-04-08,Pasar Ciwidey,3.8,20.4,24.4,16.7
2026-04-09,Pasar Ciwidey,16.2,20.4,23.6,18.4
2026-04-10,Pasar Ciwidey,5.3,20.4,25.4,17.5
2026-04-11,Pasar Ciwidey,9.2,20.7,26.0,17.0
2026-04-12,Pasar Ciwidey,38.8,20.9,25.6,18.8
2026-04-13,Pasar Ciwidey,1.3,21.2,26.2,16.4
2026-04-14,Pasar Ciwidey,7.2,21.1,25.3,18.7
2026-04-15,Pasar Ciwidey,7.5,20.6,23.9,18.4
2026-04-16,Pasar Ciwidey,2.4,21.2,25.5,17.3
2026-04-17,Pasar Ciwidey,5.9,20.6,25.7,17.6
2026-04-18,Pasar Ciwidey,1.3,20.8,25.9,16.5
2026-04-19,Pasar Ciwidey,0.7,20.8,26.5,16.4
2026-04-20,Pasar Ciwidey,2.1,21.1,25.8,17.2
2026-04-21,Pasar Ciwidey,3.2,20.9,26.7,16.2
2026-04-22,Pasar Ciwidey,23.7,21.0,26.8,17.7
2026-04-23,Pasar Ciwidey,1.0,21.3,26.0,18.3
2026-04-24,Pasar Ciwidey,0.6,20.9,25.3,17.5
2026-04-25,Pasar Ciwidey,0.9,20.9,25.9,17.8
2026-04-26,Pasar Ciwidey,0.9,21.1,25.5,17.8
2026-04-27,Pasar Ciwidey,2.9,20.8,25.0,17.8
2026-04-28,Pasar Ciwidey,4.6,20.6,25.2,16.7
2026-04-29,Pasar Ciwidey,2.9,21.4,25.9,18.3
2026-04-30,Pasar Ciwidey,8.5,21.2,25.6,18.1
2026-05-01,Pasar Ciwidey,14.7,21.0,25.2,18.8
2026-05-02,Pasar Ciwidey,4.4,20.3,24.4,17.6
2026-05-03,Pasar Ciwidey,1.0,20.8,25.4,17.1
2026-05-04,Pasar Ciwidey,8.6,20.0,23.5,17.0
2026-05-05,Pasar Ciwidey,6.5,20.6,24.3,17.7
2026-05-06,Pasar Ciwidey,0.0,21.3,27.0,17.5
2026-05-07,Pasar Ciwidey,2.7,21.0,24.6,18.2
2026-05-08,Pasar Ciwidey,0.0,21.1,26.9,15.9
2026-05-09,Pasar Ciwidey,0.1,20.8,25.7,15.9
2026-05-10,Pasar Ciwidey,0.0,21.6,26.7,17.4
2026-05-11,Pasar Ciwidey,0.8,21.7,26.7,18.5
2026-05-12,Pasar Ciwidey,0.8,21.8,26.9,17.6
2026-05-13,Pasar Ciwidey,0.4,21.4,26.6,16.4
2026-05-14,Pasar Ciwidey,4.6,20.6,27.3,16.4
2026-05-15,Pasar Ciwidey,3.9,20.9,26.3,17.5
2026-05-16,Pasar Ciwidey,6.4,20.7,25.8,17.9
2026-05-17,Pasar Ciwidey,8.3,20.3,25.7,16.1
2026-05-18,Pasar Ciwidey,2.0,20.6,27.0,15.5
2026-05-19,Pasar Ciwidey,3.1,20.9,25.6,17.6
2026-05-20,Pasar Ciwidey,3.4,20.2,23.7,15.9
2026-05-21,Pasar Ciwidey,0.9,21.3,26.9,17.7
2026-05-22,Pasar Ciwidey,10.8,20.9,24.6,16.8
2026-05-23,Pasar Ciwidey,16.4,20.5,23.7,18.0
2026-05-24,Pasar Ciwidey,15.0,19.6,24.1,16.3
2026-05-25,Pasar Ciwidey,6.8,20.4,23.7,17.3
2026-05-26,Pasar Ciwidey,0.5,20.7,27.4,15.1
2026-05-27,Pasar Ciwidey,0.1,19.6,25.5,14.5
2026-05-28,Pasar Ciwidey,0.0,19.8,26.0,13.5
2026-05-29,Pasar Ciwidey,0.4,19.2,25.4,13.8
2026-05-30,Pasar Ciwidey,1.2,20.0,24.7,14.8
2026-05-31,Pasar Ciwidey,0.1,20.8,25.1,17.3
2026-06-01,Pasar Ciwidey,0.4,21.0,26.4,15.8
2026-06-02,Pasar Ciwidey,0.5,20.9,25.5,17.5
2026-06-03,Pasar Ciwidey,0.1,20.9,25.5,17.3
2026-06-04,Pasar Ciwidey,0.0,20.7,26.1,16.2
2026-06-05,Pasar Ciwidey,0.0,21.0,26.9,16.3
2026-06-06,Pasar Ciwidey,0.0,20.8,27.0,15.3
2026-06-07,Pasar Ciwidey,0.0,20.1,26.1,15.2
2026-06-08,Pasar Ciwidey,0.0,19.9,25.9,15.8
2026-06-09,Pasar Ciwidey,0.0,19.6,25.5,12.6
2026-06-10,Pasar Ciwidey,0.0,19.4,25.2,12.4
2026-06-11,Pasar Ciwidey,0.0,19.8,25.6,13.9
2026-06-12,Pasar Ciwidey,0.0,19.6,25.4,14.6
2026-06-13,Pasar Ciwidey,2.9,19.8,22.2,17.4
2026-06-14,Pasar Ciwidey,0.0,20.8,25.0,18.0
2026-06-15,Pasar Ciwidey,0.0,20.5,26.4,14.3
2026-06-16,Pasar Ciwidey,0.0,20.1,25.8,14.6
2026-06-17,Pasar Ciwidey,0.0,20.0,25.9,15.4
2026-06-18,Pasar Ciwidey,0.0,19.8,25.7,14.0
2026-06-19,Pasar Ciwidey,0.0,20.0,27.0,13.5
2026-06-20,Pasar Ciwidey,0.3,20.3,26.5,14.0
2026-06-21,Pasar Ciwidey,0.6,20.5,26.3,16.0
2026-06-22,Pasar Ciwidey,2.1,20.6,25.9,16.5
2026-06-23,Pasar Ciwidey,5.0,20.2,23.9,18.6
2026-06-24,Pasar Ciwidey,0.0,20.2,26.1,16.0
2026-06-25,Pasar Ciwidey,2.1,19.3,24.4,15.9
2026-06-26,Pasar Ciwidey,0.0,19.7,26.1,14.1
2026-06-27,Pasar Ciwidey,0.0,20.6,26.9,15.1
2026-06-28,Pasar Ciwidey,0.0,21.0,26.8,16.1
2026-06-29,Pasar Ciwidey,0.0,19.6,26.4,13.1
2026-06-30,Pasar Ciwidey,0.1,19.4,26.4,12.9
2026-07-01,Pasar Ciwidey,0.5,19.1,25.8,11.0
2026-07-02,Pasar Ciwidey,0.0,19.0,25.3,13.3
2026-07-03,Pasar Ciwidey,0.3,19.2,26.1,12.7
2026-07-04,Pasar Ciwidey,0.0,19.8,26.4,14.6
2026-07-05,Pasar Ciwidey,0.0,20.4,26.8,15.3
2026-07-06,Pasar Ciwidey,0.0,20.8,26.8,16.6
2026-07-07,Pasar Ciwidey,0.1,20.2,26.1,14.5
2026-07-08,Pasar Ciwidey,0.3,18.9,25.4,12.5
2026-07-09,Pasar Ciwidey,1.5,19.6,24.7,15.2
2026-07-10,Pasar Ciwidey,0.0,18.7,24.6,12.7
2026-07-11,Pasar Ciwidey,0.0,19.0,24.7,13.1
2026-07-12,Pasar Ciwidey,0.0,18.5,24.2,12.2
2026-07-13,Pasar Ciwidey,0.1,18.8,25.5,10.8
2026-07-14,Pasar Ciwidey,0.0,19.6,26.0,11.9
2026-07-15,Pasar Ciwidey,0.0,19.9,26.3,14.7
2026-07-16,Pasar Ciwidey,0.0,19.9,26.1,14.9
2026-07-17,Pasar Ciwidey,1.0,19.8,26.7,13.7
2026-07-18,Pasar Ciwidey,1.1,19.8,26.6,15.2
2026-07-19,Pasar Ciwidey,0.2,19.6,26.0,13.5
2026-07-20,Pasar Ciwidey,0.2,20.2,25.9,13.6
2026-07-21,Pasar Ciwidey,4.8,20.5,24.6,16.8
2026-07-22,Pasar Ciwidey,1.0,20.2,26.8,14.4
2026-07-23,Pasar Ciwidey,1.2,19.7,25.2,13.5
2026-07-24,Pasar Ciwidey,0.0,19.1,26.0,13.6
2026-07-25,Pasar Ciwidey,0.0,18.5,24.4,13.0
2026-07-26,Pasar Ciwidey,0.0,18.5,25.5,12.6
2026-07-27,Pasar Ciwidey,0.0,18.6,25.7,12.6
2026-07-28,Pasar Ciwidey,0.0,19.2,26.4,13.3
2026-07-29,Pasar Ciwidey,0.7,19.8,26.5,14.0
2026-07-30,Pasar Ciwidey,3.3,20.1,27.7,14.8
2026-07-31,Pasar Ciwidey,0.8,20.6,27.6,15.5
2026-08-01,Pasar Ciwidey,0.0,21.0,27.5,16.6
2026-08-02,Pasar Ciwidey,0.9,20.7,26.9,16.1
2026-08-03,Pasar Ciwidey,1.0,20.1,26.8,14.1
2026-08-04,Pasar Ciwidey,0.3,20.8,27.5,14.0
2026-08-05,Pasar Ciwidey,0.0,20.3,27.5,14.9
2026-08-06,Pasar Ciwidey,0.0,19.9,26.4,12.9
2026-08-07,Pasar Ciwidey,0.0,21.1,27.2,16.9
2026-08-08,Pasar Ciwidey,0.0,20.4,27.8,13.4
2026-08-09,Pasar Ciwidey,0.0,19.5,27.5,11.9
2026-08-10,Pasar Ciwidey,0.0,19.4,26.1,11.7
2026-08-11,Pasar Ciwidey,0.0,19.5,27.0,12.0
2026-08-12,Pasar Ciwidey,0.0,20.1,26.9,13.0
2026-08-13,Pasar Ciwidey,0.0,19.6,28.0,11.5
2026-08-14,Pasar Ciwidey,0.0,20.8,28.3,12.9
2026-08-15,Pasar Ciwidey,0.0,20.5,27.6,14.2
2026-08-16,Pasar Ciwidey,0.2,21.0,27.8,15.8
2026-08-17,Pasar Ciwidey,1.2,21.3,27.1,16.3
2026-08-18,Pasar Ciwidey,0.0,21.4,28.0,15.3
2026-08-19,Pasar Ciwidey,1.9,21.6,26.2,17.9
2026-08-20,Pasar Ciwidey,2.9,21.0,27.0,16.2
2026-08-21,Pasar Ciwidey,0.0,19.9,27.9,12.5
2026-08-22,Pasar Ciwidey,0.0,20.3,28.4,13.0
2024-08-22,Pasar Baleendah,0.0,26.1,33.6,19.5
2024-08-23,Pasar Baleendah,0.1,25.4,32.5,18.5
2024-08-24,Pasar Baleendah,0.0,24.2,32.5,16.0
2024-08-25,Pasar Baleendah,0.0,23.9,32.8,15.5
2024-08-26,Pasar Baleendah,0.0,24.8,32.8,17.3
2024-08-27,Pasar Baleendah,0.0,24.1,32.0,17.6
2024-08-28,Pasar Baleendah,0.0,24.0,32.7,14.5
2024-08-29,Pasar Baleendah,1.1,24.6,31.4,19.3
2024-08-30,Pasar Baleendah,0.0,24.3,32.1,16.5
2024-08-31,Pasar Baleendah,0.0,24.9,32.6,17.2
2024-09-01,Pasar Baleendah,0.0,25.9,32.1,19.1
2024-09-02,Pasar Baleendah,0.1,26.5,33.9,20.3
2024-09-03,Pasar Baleendah,0.0,25.5,33.6,17.7
2024-09-04,Pasar Baleendah,0.0,25.4,34.1,17.3
2024-09-05,Pasar Baleendah,0.5,24.6,31.9,18.9
2024-09-06,Pasar Baleendah,0.0,25.5,32.7,19.2
2024-09-07,Pasar Baleendah,0.0,24.9,32.3,18.7
2024-09-08,Pasar Baleendah,2.1,24.7,33.0,18.4
2024-09-09,Pasar Baleendah,11.2,23.7,30.8,19.1
2024-09-10,Pasar Baleendah,7.2,23.1,27.3,19.2
2024-09-11,Pasar Baleendah,6.6,24.1,29.5,20.8
2024-09-12,Pasar Baleendah,0.0,24.1,30.0,18.9
2024-09-13,Pasar Baleendah,0.0,22.1,29.6,16.0
2024-09-14,Pasar Baleendah,0.0,21.5,29.5,14.3
2024-09-15,Pasar Baleendah,0.0,22.2,29.7,14.5
2024-09-16,Pasar Baleendah,0.0,21.8,30.1,12.8
2024-09-17,Pasar Baleendah,0.0,22.0,29.9,13.8
2024-09-18,Pasar Baleendah,0.0,22.0,30.4,12.5
2024-09-19,Pasar Baleendah,0.0,22.3,30.7,12.9
2024-09-20,Pasar Baleendah,0.0,23.6,30.9,15.7
2024-09-21,Pasar Baleendah,0.0,25.1,31.5,17.9
2024-09-22,Pasar Baleendah,1.9,25.6,32.9,19.4
2024-09-23,Pasar Baleendah,2.7,25.1,29.5,21.7
2024-09-24,Pasar Baleendah,3.0,23.2,27.2,19.5
2024-09-25,Pasar Baleendah,1.5,24.0,31.5,19.0
2024-09-26,Pasar Baleendah,0.1,24.2,30.7,18.9
2024-09-27,Pasar Baleendah,0.5,24.9,31.5,19.2
2024-09-28,Pasar Baleendah,1.6,24.7,32.1,18.9
2024-09-29,Pasar Baleendah,1.7,24.1,31.5,18.2
2024-09-30,Pasar Baleendah,0.0,25.2,32.4,18.2
2024-10-01,Pasar Baleendah,1.9,24.8,32.2,18.8
2024-10-02,Pasar Baleendah,3.4,24.5,31.0,19.8
2024-10-03,Pasar Baleendah,4.3,24.1,31.1,18.8
2024-10-04,Pasar Baleendah,1.5,24.0,31.2,18.6
2024-10-05,Pasar Baleendah,1.7,23.6,31.2,17.0
2024-10-06,Pasar Baleendah,2.9,23.6,31.0,18.2
2024-10-07,Pasar Baleendah,0.0,25.1,32.8,18.4
2024-10-08,Pasar Baleendah,0.1,25.2,32.6,18.3
2024-10-09,Pasar Baleendah,0.9,25.6,32.6,18.7
2024-10-10,Pasar Baleendah,2.3,24.2,32.7,18.4
2024-10-11,Pasar Baleendah,0.4,25.9,32.5,19.1
2024-10-12,Pasar Baleendah,0.9,26.2,33.4,19.7
2024-10-13,Pasar Baleendah,0.0,26.3,33.9,19.7
2024-10-14,Pasar Baleendah,0.6,26.0,33.4,19.3
2024-10-15,Pasar Baleendah,0.0,25.9,33.6,19.2
2024-10-16,Pasar Baleendah,0.0,24.8,33.8,15.8
2024-10-17,Pasar Baleendah,0.0,24.2,32.5,15.4
2024-10-18,Pasar Baleendah,0.0,25.1,31.9,17.2
2024-10-19,Pasar Baleendah,0.0,25.4,31.9,17.6
2024-10-20,Pasar Baleendah,0.0,25.5,32.5,18.6
2024-10-21,Pasar Baleendah,0.0,25.6,32.0,19.9
2024-10-22,Pasar Baleendah,1.1,25.4,32.5,19.5
2024-10-23,Pasar Baleendah,0.1,26.0,32.8,20.3
2024-10-24,Pasar Baleendah,0.1,26.0,32.2,19.8
2024-10-25,Pasar Baleendah,0.0,26.4,33.2,19.3
2024-10-26,Pasar Baleendah,0.0,25.9,32.9,18.7
2024-10-27,Pasar Baleendah,12.9,24.3,32.3,19.9
2024-10-28,Pasar Baleendah,0.9,24.5,32.2,18.3
2024-10-29,Pasar Baleendah,0.0,25.3,33.6,18.2
2024-10-30,Pasar Baleendah,0.1,25.5,33.3,17.3
2024-10-31,Pasar Baleendah,1.3,24.9,32.4,18.6
2024-11-01,Pasar Baleendah,2.4,24.4,32.3,19.6
2024-11-02,Pasar Baleendah,7.7,24.5,31.1,21.5
2024-11-03,Pasar Baleendah,19.8,23.1,28.5,20.6
2024-11-04,Pasar Baleendah,19.1,23.4,27.8,20.9
2024-11-05,Pasar Baleendah,14.0,23.3,29.0,19.3
2024-11-06,Pasar Baleendah,15.9,23.1,28.7,19.8
2024-11-07,Pasar Baleendah,1.8,23.4,30.7,17.1
2024-11-08,Pasar Baleendah,0.6,24.8,30.1,19.6
2024-11-09,Pasar Baleendah,3.2,23.4,28.6,19.4
2024-11-10,Pasar Baleendah,1.3,23.6,29.0,20.1
2024-11-11,Pasar Baleendah,5.9,23.4,26.6,21.2
2024-11-12,Pasar Baleendah,2.7,23.7,29.4,20.2
2024-11-13,Pasar Baleendah,1.0,24.4,30.3,20.2
2024-11-14,Pasar Baleendah,3.0,24.3,30.5,19.3
2024-11-15,Pasar Baleendah,2.7,24.5,30.6,19.5
2024-11-16,Pasar Baleendah,3.2,24.3,28.5,20.5
2024-11-17,Pasar Baleendah,18.0,23.8,30.0,19.9
2024-11-18,Pasar Baleendah,32.5,24.1,29.2,21.5
2024-11-19,Pasar Baleendah,1.6,23.8,28.6,19.4
2024-11-20,Pasar Baleendah,6.8,23.9,29.7,19.8
2024-11-21,Pasar Baleendah,7.3,24.1,28.5,21.4
2024-11-22,Pasar Baleendah,6.3,24.0,28.4,20.8
2024-11-23,Pasar Baleendah,5.9,23.5,27.9,20.5
2024-11-24,Pasar Baleendah,3.1,23.8,28.5,21.5
2024-11-25,Pasar Baleendah,1.4,24.4,28.8,21.5
2024-11-26,Pasar Baleendah,3.3,24.2,28.8,20.5
2024-11-27,Pasar Baleendah,8.4,23.9,29.7,20.6
2024-11-28,Pasar Baleendah,2.4,24.4,29.1,21.9
2024-11-29,Pasar Baleendah,0.2,24.7,29.1,20.8
2024-11-30,Pasar Baleendah,0.3,24.5,29.1,20.4
2024-12-01,Pasar Baleendah,5.9,24.4,29.0,20.9
2024-12-02,Pasar Baleendah,20.6,23.4,28.4,20.2
2024-12-03,Pasar Baleendah,25.6,22.7,25.2,21.1
2024-12-04,Pasar Baleendah,8.2,22.9,26.0,20.9
2024-12-05,Pasar Baleendah,14.4,23.9,27.3,21.3
2024-12-06,Pasar Baleendah,8.7,24.0,27.3,22.3
2024-12-07,Pasar Baleendah,5.0,24.4,28.6,21.1
2024-12-08,Pasar Baleendah,5.8,24.4,27.7,21.0
2024-12-09,Pasar Baleendah,1.1,23.8,27.7,21.6
2024-12-10,Pasar Baleendah,3.3,24.2,29.0,20.9
2024-12-11,Pasar Baleendah,17.5,24.3,28.8,21.7
2024-12-12,Pasar Baleendah,0.5,25.5,30.0,21.6
2024-12-13,Pasar Baleendah,1.9,25.2,29.7,22.4
2024-12-14,Pasar Baleendah,7.5,24.2,27.6,22.1
2024-12-15,Pasar Baleendah,8.5,23.4,27.7,21.6
2024-12-16,Pasar Baleendah,4.9,23.7,29.2,21.3
2024-12-17,Pasar Baleendah,1.1,24.3,27.5,21.3
2024-12-18,Pasar Baleendah,20.9,23.6,28.1,20.3
2024-12-19,Pasar Baleendah,1.3,24.5,29.9,19.8
2024-12-20,Pasar Baleendah,6.5,24.2,29.1,21.3
2024-12-21,Pasar Baleendah,1.4,24.5,28.3,21.9
2024-12-22,Pasar Baleendah,4.9,23.8,27.6,21.3
2024-12-23,Pasar Baleendah,22.6,23.5,27.7,20.9
2024-12-24,Pasar Baleendah,9.9,23.1,26.0,21.4
2024-12-25,Pasar Baleendah,9.0,23.7,28.9,21.4
2024-12-26,Pasar Baleendah,0.1,24.3,28.5,20.7
2024-12-27,Pasar Baleendah,2.1,24.4,28.3,21.2
2024-12-28,Pasar Baleendah,0.4,24.7,29.0,21.1
2024-12-29,Pasar Baleendah,0.0,24.0,28.0,20.8
2024-12-30,Pasar Baleendah,1.1,23.6,28.5,21.1
2024-12-31,Pasar Baleendah,1.0,24.4,28.5,21.5
2025-01-01,Pasar Baleendah,3.9,23.5,29.5,20.8
2025-01-02,Pasar Baleendah,0.7,24.4,29.4,20.6
2025-01-03,Pasar Baleendah,1.7,24.5,30.2,19.0
2025-01-04,Pasar Baleendah,16.5,23.4,28.7,18.7
2025-01-05,Pasar Baleendah,14.6,23.6,27.7,20.5
2025-01-06,Pasar Baleendah,8.7,23.4,29.3,18.9
2025-01-07,Pasar Baleendah,19.2,23.4,28.0,20.0
2025-01-08,Pasar Baleendah,2.6,23.2,26.5,20.4
2025-01-09,Pasar Baleendah,8.1,22.5,25.0,20.1
2025-01-10,Pasar Baleendah,12.6,23.5,27.9,20.6
2025-01-11,Pasar Baleendah,19.1,23.6,28.4,20.4
2025-01-12,Pasar Baleendah,3.5,23.9,28.5,20.6
2025-01-13,Pasar Baleendah,3.2,23.6,28.0,20.5
2025-01-14,Pasar Baleendah,7.9,22.9,26.5,20.1
2025-01-15,Pasar Baleendah,8.8,23.9,28.0,20.9
2025-01-16,Pasar Baleendah,1.0,23.9,27.7,21.3
2025-01-17,Pasar Baleendah,12.0,23.4,27.4,21.0
2025-01-18,Pasar Baleendah,5.0,23.5,27.0,21.0
2025-01-19,Pasar Baleendah,1.5,23.7,28.0,20.9
2025-01-20,Pasar Baleendah,12.8,22.7,26.6,21.2
2025-01-21,Pasar Baleendah,9.2,23.3,27.6,21.2
2025-01-22,Pasar Baleendah,4.8,23.9,28.0,21.5
2025-01-23,Pasar Baleendah,3.5,24.1,28.5,21.5
2025-01-24,Pasar Baleendah,12.3,23.4,27.0,21.6
2025-01-25,Pasar Baleendah,0.2,23.6,27.7,20.0
2025-01-26,Pasar Baleendah,6.8,23.6,28.0,19.9
2025-01-27,Pasar Baleendah,0.5,23.9,28.2,20.4
2025-01-28,Pasar Baleendah,12.6,23.2,27.3,19.7
2025-01-29,Pasar Baleendah,5.7,22.8,24.8,21.6
2025-01-30,Pasar Baleendah,4.1,22.5,24.9,21.1
2025-01-31,Pasar Baleendah,1.7,23.7,26.8,21.9
2025-02-01,Pasar Baleendah,2.1,23.8,26.9,21.6
2025-02-02,Pasar Baleendah,1.8,24.2,28.1,22.0
2025-02-03,Pasar Baleendah,1.7,24.6,28.4,21.6
2025-02-04,Pasar Baleendah,0.5,24.6,29.0,20.9
2025-02-05,Pasar Baleendah,6.1,23.7,27.1,20.7
2025-02-06,Pasar Baleendah,5.1,23.0,26.1,21.0
2025-02-07,Pasar Baleendah,3.5,23.6,27.1,21.9
2025-02-08,Pasar Baleendah,5.2,23.0,27.4,19.3
2025-02-09,Pasar Baleendah,3.7,23.2,27.0,19.4
2025-02-10,Pasar Baleendah,1.4,23.1,26.6,20.2
2025-02-11,Pasar Baleendah,0.2,23.2,28.0,18.6
2025-02-12,Pasar Baleendah,0.4,24.5,31.1,18.4
2025-02-13,Pasar Baleendah,2.5,24.3,30.2,19.7
2025-02-14,Pasar Baleendah,6.6,23.8,29.9,19.6
2025-02-15,Pasar Baleendah,4.7,24.0,29.3,21.5
2025-02-16,Pasar Baleendah,6.1,23.6,28.6,19.3
2025-02-17,Pasar Baleendah,4.1,23.4,27.4,21.3
2025-02-18,Pasar Baleendah,15.2,23.3,29.2,20.9
2025-02-19,Pasar Baleendah,7.3,22.8,26.4,20.3
2025-02-20,Pasar Baleendah,1.5,23.9,29.0,19.3
2025-02-21,Pasar Baleendah,6.4,23.8,28.5,19.6
2025-02-22,Pasar Baleendah,2.4,24.2,27.8,21.6
2025-02-23,Pasar Baleendah,6.0,23.3,26.7,20.4
2025-02-24,Pasar Baleendah,19.1,23.5,28.9,21.4
2025-02-25,Pasar Baleendah,13.1,23.6,28.4,20.9
2025-02-26,Pasar Baleendah,12.9,23.2,28.4,21.4
2025-02-27,Pasar Baleendah,4.9,23.0,28.7,18.4
2025-02-28,Pasar Baleendah,1.5,23.7,27.1,20.0
2025-03-01,Pasar Baleendah,0.9,24.4,29.4,21.1
2025-03-02,Pasar Baleendah,1.9,23.8,29.2,19.1
2025-03-03,Pasar Baleendah,17.2,23.5,27.9,19.4
2025-03-04,Pasar Baleendah,8.9,23.8,29.4,20.6
2025-03-05,Pasar Baleendah,0.6,24.3,30.2,18.7
2025-03-06,Pasar Baleendah,6.1,23.2,29.3,18.5
2025-03-07,Pasar Baleendah,5.3,23.8,28.7,20.7
2025-03-08,Pasar Baleendah,9.5,23.7,28.9,20.1
2025-03-09,Pasar Baleendah,4.9,23.2,27.1,20.5
2025-03-10,Pasar Baleendah,20.4,23.4,28.6,19.3
2025-03-11,Pasar Baleendah,2.1,24.3,29.2,20.8
2025-03-12,Pasar Baleendah,1.5,23.9,27.4,19.6
2025-03-13,Pasar Baleendah,7.7,24.3,28.3,21.3
2025-03-14,Pasar Baleendah,10.4,24.0,29.2,21.5
2025-03-15,Pasar Baleendah,10.6,22.9,27.1,20.0
2025-03-16,Pasar Baleendah,1.5,23.2,27.8,19.7
2025-03-17,Pasar Baleendah,9.2,23.2,28.4,19.5
2025-03-18,Pasar Baleendah,7.8,23.4,25.7,21.5
2025-03-19,Pasar Baleendah,7.0,23.4,27.2,20.3
2025-03-20,Pasar Baleendah,0.0,24.5,30.5,20.6
2025-03-21,Pasar Baleendah,1.7,24.3,28.5,21.7
2025-03-22,Pasar Baleendah,1.2,24.0,28.8,19.7
2025-03-23,Pasar Baleendah,0.2,23.9,29.9,19.3
2025-03-24,Pasar Baleendah,0.4,24.0,29.0,19.6
2025-03-25,Pasar Baleendah,1.2,24.4,28.9,20.5
2025-03-26,Pasar Baleendah,7.5,23.8,28.7,19.4
2025-03-27,Pasar Baleendah,3.9,24.3,30.3,20.0
2025-03-28,Pasar Baleendah,14.8,23.5,28.5,20.9
2025-03-29,Pasar Baleendah,0.4,24.2,29.0,19.9
2025-03-30,Pasar Baleendah,0.0,23.8,29.4,17.9
2025-03-31,Pasar Baleendah,0.2,23.9,29.2,19.0
2025-04-01,Pasar Baleendah,7.0,22.3,27.2,17.7
2025-04-02,Pasar Baleendah,12.7,23.0,26.7,20.0
2025-04-03,Pasar Baleendah,9.6,23.6,26.8,21.2
2025-04-04,Pasar Baleendah,0.8,23.0,27.3,19.3
2025-04-05,Pasar Baleendah,9.5,23.5,28.1,20.3
2025-04-06,Pasar Baleendah,1.3,23.7,28.9,20.3
2025-04-07,Pasar Baleendah,1.4,24.6,29.8,20.3
2025-04-08,Pasar Baleendah,0.1,24.0,30.5,17.3
2025-04-09,Pasar Baleendah,2.0,24.2,30.2,19.6
2025-04-10,Pasar Baleendah,2.8,23.6,27.8,20.3
2025-04-11,Pasar Baleendah,7.9,24.1,28.3,21.8
2025-04-12,Pasar Baleendah,20.7,23.1,26.9,20.0
2025-04-13,Pasar Baleendah,9.2,23.1,27.6,19.8
2025-04-14,Pasar Baleendah,6.3,23.4,27.7,21.2
2025-04-15,Pasar Baleendah,1.5,23.3,27.5,20.2
2025-04-16,Pasar Baleendah,0.4,24.2,30.4,18.9
2025-04-17,Pasar Baleendah,0.1,23.5,28.7,18.3
2025-04-18,Pasar Baleendah,6.7,23.4,28.0,19.7
2025-04-19,Pasar Baleendah,5.4,24.2,29.0,21.4
2025-04-20,Pasar Baleendah,8.8,24.2,28.4,20.9
2025-04-21,Pasar Baleendah,1.3,23.7,27.0,21.1
2025-04-22,Pasar Baleendah,0.1,24.0,28.8,19.5
2025-04-23,Pasar Baleendah,5.2,22.8,29.2,18.5
2025-04-24,Pasar Baleendah,6.0,22.8,28.5,18.3
2025-04-25,Pasar Baleendah,0.5,23.7,28.8,20.0
2025-04-26,Pasar Baleendah,3.6,23.0,26.2,19.1
2025-04-27,Pasar Baleendah,0.2,24.1,30.2,18.5
2025-04-28,Pasar Baleendah,0.1,23.9,30.1,16.6
2025-04-29,Pasar Baleendah,0.2,23.7,29.5,17.0
2025-04-30,Pasar Baleendah,0.1,23.7,31.0,16.3
2025-05-01,Pasar Baleendah,0.1,24.4,30.0,18.2
2025-05-02,Pasar Baleendah,5.8,23.2,29.8,17.5
2025-05-03,Pasar Baleendah,1.3,23.5,28.6,19.0
2025-05-04,Pasar Baleendah,9.9,23.5,28.5,20.1
2025-05-05,Pasar Baleendah,0.9,23.8,29.8,18.7
2025-05-06,Pasar Baleendah,0.2,23.8,29.9,18.4
2025-05-07,Pasar Baleendah,2.9,23.3,28.4,19.1
2025-05-08,Pasar Baleendah,7.7,23.3,29.0,19.4
2025-05-09,Pasar Baleendah,0.4,24.2,28.6,19.2
2025-05-10,Pasar Baleendah,0.9,24.4,30.0,20.0
2025-05-11,Pasar Baleendah,1.0,24.3,29.5,20.7
2025-05-12,Pasar Baleendah,0.3,24.0,28.5,19.9
2025-05-13,Pasar Baleendah,3.3,24.0,28.7,20.7
2025-05-14,Pasar Baleendah,10.1,23.6,28.5,21.1
2025-05-15,Pasar Baleendah,3.1,23.9,29.2,19.4
2025-05-16,Pasar Baleendah,13.4,23.7,28.0,21.5
2025-05-17,Pasar Baleendah,4.1,23.9,29.1,20.4
2025-05-18,Pasar Baleendah,6.9,23.6,28.4,19.6
2025-05-19,Pasar Baleendah,0.5,23.8,27.0,21.2
2025-05-20,Pasar Baleendah,0.9,24.4,28.6,20.8
2025-05-21,Pasar Baleendah,21.2,22.6,25.0,20.6
2025-05-22,Pasar Baleendah,41.1,23.2,27.5,20.9
2025-05-23,Pasar Baleendah,22.2,22.4,26.6,19.3
2025-05-24,Pasar Baleendah,9.6,23.5,27.1,21.4
2025-05-25,Pasar Baleendah,2.6,24.0,26.9,21.7
2025-05-26,Pasar Baleendah,18.0,23.0,25.2,21.5
2025-05-27,Pasar Baleendah,1.5,24.7,29.4,20.4
2025-05-28,Pasar Baleendah,0.2,24.7,29.3,20.2
2025-05-29,Pasar Baleendah,0.9,23.8,30.1,19.1
2025-05-30,Pasar Baleendah,0.0,23.9,29.5,18.3
2025-05-31,Pasar Baleendah,0.2,23.8,29.4,18.3
2025-06-01,Pasar Baleendah,0.3,23.1,27.9,19.3
2025-06-02,Pasar Baleendah,0.4,24.0,29.1,19.5
2025-06-03,Pasar Baleendah,0.6,23.1,28.0,18.1
2025-06-04,Pasar Baleendah,0.2,23.5,28.6,17.4
2025-06-05,Pasar Baleendah,0.1,24.1,29.8,18.6
2025-06-06,Pasar Baleendah,13.4,23.4,29.3,19.4
2025-06-07,Pasar Baleendah,4.4,23.7,28.1,20.6
2025-06-08,Pasar Baleendah,0.0,22.9,28.6,16.2
2025-06-09,Pasar Baleendah,0.3,23.2,29.6,17.4
2025-06-10,Pasar Baleendah,7.9,22.9,28.0,18.4
2025-06-11,Pasar Baleendah,1.1,23.0,27.0,20.0
2025-06-12,Pasar Baleendah,0.6,23.9,29.3,18.2
2025-06-13,Pasar Baleendah,0.0,24.6,30.3,18.7
2025-06-14,Pasar Baleendah,1.4,23.8,30.3,18.6
2025-06-15,Pasar Baleendah,1.4,24.1,29.9,20.1
2025-06-16,Pasar Baleendah,0.4,23.9,29.9,18.9
2025-06-17,Pasar Baleendah,1.6,23.3,28.2,19.7
2025-06-18,Pasar Baleendah,17.4,22.7,26.7,19.8
2025-06-19,Pasar Baleendah,0.0,23.1,27.0,20.7
2025-06-20,Pasar Baleendah,2.4,22.7,27.6,18.7
2025-06-21,Pasar Baleendah,5.7,22.8,28.2,19.4
2025-06-22,Pasar Baleendah,0.7,23.7,29.6,18.7
2025-06-23,Pasar Baleendah,1.0,23.3,29.0,18.6
2025-06-24,Pasar Baleendah,0.5,22.4,28.6,17.3
2025-06-25,Pasar Baleendah,0.1,22.3,28.5,17.7
2025-06-26,Pasar Baleendah,0.0,23.4,29.1,18.2
2025-06-27,Pasar Baleendah,0.0,23.5,29.8,17.0
2025-06-28,Pasar Baleendah,13.0,22.2,27.4,19.0
2025-06-29,Pasar Baleendah,1.2,21.9,27.3,17.7
2025-06-30,Pasar Baleendah,1.5,23.3,29.1,18.3
2025-07-01,Pasar Baleendah,4.5,22.7,27.3,19.6
2025-07-02,Pasar Baleendah,0.4,22.5,28.5,17.4
2025-07-03,Pasar Baleendah,0.5,23.1,27.6,19.2
2025-07-04,Pasar Baleendah,0.3,22.7,27.0,18.2
2025-07-05,Pasar Baleendah,6.4,22.8,27.8,19.2
2025-07-06,Pasar Baleendah,11.7,22.6,28.3,19.3
2025-07-07,Pasar Baleendah,1.4,22.4,27.0,18.6
2025-07-08,Pasar Baleendah,0.4,23.6,29.7,19.1
2025-07-09,Pasar Baleendah,0.3,22.8,27.3,19.1
2025-07-10,Pasar Baleendah,0.0,21.8,27.8,16.1
2025-07-11,Pasar Baleendah,1.1,21.8,27.1,16.6
2025-07-12,Pasar Baleendah,0.0,22.8,29.5,17.4
2025-07-13,Pasar Baleendah,0.6,23.3,29.3,17.4
2025-07-14,Pasar Baleendah,24.6,23.4,28.5,20.1
2025-07-15,Pasar Baleendah,0.0,23.0,28.7,17.8
2025-07-16,Pasar Baleendah,1.0,23.1,29.4,18.4
2025-07-17,Pasar Baleendah,0.0,23.5,29.1,18.7
2025-07-18,Pasar Baleendah,0.1,22.5,27.9,17.2
2025-07-19,Pasar Baleendah,0.0,23.1,28.5,16.9
2025-07-20,Pasar Baleendah,0.0,22.5,27.8,15.8
2025-07-21,Pasar Baleendah,0.0,23.3,29.3,19.2
2025-07-22,Pasar Baleendah,0.0,22.2,29.6,15.4
2025-07-23,Pasar Baleendah,0.0,22.8,30.4,16.0
2025-07-24,Pasar Baleendah,0.0,22.9,29.7,15.9
2025-07-25,Pasar Baleendah,0.6,23.3,29.2,17.8
2025-07-26,Pasar Baleendah,0.0,23.3,29.1,17.3
2025-07-27,Pasar Baleendah,0.5,23.4,29.5,18.3
2025-07-28,Pasar Baleendah,1.9,23.3,29.7,19.1
2025-07-29,Pasar Baleendah,0.0,23.8,27.9,20.3
2025-07-30,Pasar Baleendah,0.9,24.0,29.5,20.1
2025-07-31,Pasar Baleendah,0.6,24.1,29.9,19.2
2025-08-01,Pasar Baleendah,0.7,23.6,30.0,17.5
2025-08-02,Pasar Baleendah,0.0,23.8,30.5,17.4
2025-08-03,Pasar Baleendah,0.7,23.4,30.6,18.2
2025-08-04,Pasar Baleendah,9.8,23.2,28.6,19.7
2025-08-05,Pasar Baleendah,9.7,23.2,29.6,18.7
2025-08-06,Pasar Baleendah,0.1,23.1,28.7,18.8
2025-08-07,Pasar Baleendah,0.6,23.9,30.5,18.9
2025-08-08,Pasar Baleendah,0.0,24.3,30.1,19.8
2025-08-09,Pasar Baleendah,1.4,23.6,29.1,19.8
2025-08-10,Pasar Baleendah,0.4,24.2,31.2,17.7
2025-08-11,Pasar Baleendah,5.5,22.8,29.2,18.4
2025-08-12,Pasar Baleendah,0.6,22.4,26.4,19.4
2025-08-13,Pasar Baleendah,10.0,22.1,28.3,17.2
2025-08-14,Pasar Baleendah,10.3,22.3,27.3,19.2
2025-08-15,Pasar Baleendah,0.0,22.1,28.5,16.7
2025-08-16,Pasar Baleendah,0.3,22.9,30.1,16.9
2025-08-17,Pasar Baleendah,0.0,23.1,29.6,17.0
2025-08-18,Pasar Baleendah,1.4,22.7,29.1,17.2
2025-08-19,Pasar Baleendah,4.3,22.2,27.1,19.3
2025-08-20,Pasar Baleendah,1.3,23.1,27.7,20.1
2025-08-21,Pasar Baleendah,0.5,23.2,27.9,20.4
2025-08-22,Pasar Baleendah,4.1,23.1,29.5,18.3
2025-08-23,Pasar Baleendah,0.0,23.1,28.7,16.5
2025-08-24,Pasar Baleendah,0.7,24.2,29.7,18.5
2025-08-25,Pasar Baleendah,0.2,23.2,28.9,18.1
2025-08-26,Pasar Baleendah,0.0,22.0,29.8,15.2
2025-08-27,Pasar Baleendah,0.8,22.3,30.0,14.4
2025-08-28,Pasar Baleendah,0.2,24.0,30.2,19.3
2025-08-29,Pasar Baleendah,0.6,24.0,30.8,19.8
2025-08-30,Pasar Baleendah,2.8,24.1,30.0,19.9
2025-08-31,Pasar Baleendah,6.4,23.3,28.0,20.3
2025-09-01,Pasar Baleendah,0.6,24.6,31.1,19.2
2025-09-02,Pasar Baleendah,0.7,23.7,30.6,17.9
2025-09-03,Pasar Baleendah,0.0,24.5,32.0,18.0
2025-09-04,Pasar Baleendah,0.0,24.9,33.2,17.2
2025-09-05,Pasar Baleendah,18.4,22.9,29.4,18.7
2025-09-06,Pasar Baleendah,0.1,23.9,29.9,19.1
2025-09-07,Pasar Baleendah,0.0,23.0,30.2,16.6
2025-09-08,Pasar Baleendah,11.6,22.7,28.9,18.3
2025-09-09,Pasar Baleendah,14.8,22.5,30.3,18.6
2025-09-10,Pasar Baleendah,5.9,23.2,29.4,18.9
2025-09-11,Pasar Baleendah,13.6,23.0,25.2,20.7
2025-09-12,Pasar Baleendah,3.6,23.3,27.7,20.3
2025-09-13,Pasar Baleendah,0.0,23.9,30.2,17.9
2025-09-14,Pasar Baleendah,0.0,23.7,30.2,17.4
2025-09-15,Pasar Baleendah,0.0,23.8,30.9,17.3
2025-09-16,Pasar Baleendah,1.3,23.5,30.2,18.2
2025-09-17,Pasar Baleendah,7.0,23.1,28.4,20.1
2025-09-18,Pasar Baleendah,0.7,23.3,28.6,20.1
2025-09-19,Pasar Baleendah,5.3,23.4,29.5,19.8
2025-09-20,Pasar Baleendah,1.7,23.0,28.7,19.0
2025-09-21,Pasar Baleendah,3.8,23.0,29.5,18.0
2025-09-22,Pasar Baleendah,0.0,24.4,32.3,17.9
2025-09-23,Pasar Baleendah,0.0,24.6,32.2,17.5
2025-09-24,Pasar Baleendah,0.0,24.6,31.3,18.4
2025-09-25,Pasar Baleendah,0.6,24.2,30.8,18.8
2025-09-26,Pasar Baleendah,1.8,24.8,30.4,19.6
2025-09-27,Pasar Baleendah,0.9,25.2,30.6,20.5
2025-09-28,Pasar Baleendah,0.9,24.6,30.7,18.9
2025-09-29,Pasar Baleendah,18.2,23.0,28.6,19.3
2025-09-30,Pasar Baleendah,3.8,24.0,29.9,20.4
2025-10-01,Pasar Baleendah,4.8,23.6,29.9,19.1
2025-10-02,Pasar Baleendah,32.5,22.5,28.8,19.3
2025-10-03,Pasar Baleendah,5.6,24.8,30.8,19.1
2025-10-04,Pasar Baleendah,0.0,25.1,33.5,19.3
2025-10-05,Pasar Baleendah,0.7,24.1,32.1,18.8
2025-10-06,Pasar Baleendah,0.0,24.7,31.5,18.5
2025-10-07,Pasar Baleendah,0.0,24.8,32.1,19.0
2025-10-08,Pasar Baleendah,0.3,24.7,32.3,18.2
2025-10-09,Pasar Baleendah,0.0,24.7,32.8,16.5
2025-10-10,Pasar Baleendah,0.1,25.7,31.7,21.0
2025-10-11,Pasar Baleendah,1.5,24.3,30.5,18.9
2025-10-12,Pasar Baleendah,0.1,25.6,32.0,18.8
2025-10-13,Pasar Baleendah,5.5,24.5,30.9,19.2
2025-10-14,Pasar Baleendah,0.0,26.0,32.5,19.3
2025-10-15,Pasar Baleendah,0.3,26.2,33.7,19.2
2025-10-16,Pasar Baleendah,0.0,26.5,33.3,20.0
2025-10-17,Pasar Baleendah,0.6,26.6,33.9,20.4
2025-10-18,Pasar Baleendah,0.9,26.3,32.3,19.5
2025-10-19,Pasar Baleendah,1.2,25.8,30.4,21.2
2025-10-20,Pasar Baleendah,1.3,26.6,33.3,21.2
2025-10-21,Pasar Baleendah,11.3,25.1,32.0,20.6
2025-10-22,Pasar Baleendah,12.7,24.0,28.3,21.7
2025-10-23,Pasar Baleendah,9.1,23.6,28.2,21.3
2025-10-24,Pasar Baleendah,11.6,22.8,26.1,21.1
2025-10-25,Pasar Baleendah,0.1,23.4,29.3,19.0
2025-10-26,Pasar Baleendah,4.6,22.3,28.3,18.1
2025-10-27,Pasar Baleendah,0.5,23.6,29.8,19.3
2025-10-28,Pasar Baleendah,2.1,23.0,26.0,20.1
2025-10-29,Pasar Baleendah,2.3,23.0,26.1,19.6
2025-10-30,Pasar Baleendah,3.8,23.3,28.7,19.8
2025-10-31,Pasar Baleendah,1.1,23.5,29.6,18.9
2025-11-01,Pasar Baleendah,13.9,24.1,29.6,20.6
2025-11-02,Pasar Baleendah,8.6,23.9,28.4,20.8
2025-11-03,Pasar Baleendah,4.9,23.6,28.8,20.7
2025-11-04,Pasar Baleendah,1.8,24.3,30.2,20.0
2025-11-05,Pasar Baleendah,0.6,23.9,27.7,21.3
2025-11-06,Pasar Baleendah,3.4,24.1,29.2,21.0
2025-11-07,Pasar Baleendah,4.0,25.2,30.6,21.4
2025-11-08,Pasar Baleendah,6.2,23.4,28.0,21.4
2025-11-09,Pasar Baleendah,9.8,24.5,29.2,20.2
2025-11-10,Pasar Baleendah,6.5,24.1,29.5,20.3
2025-11-11,Pasar Baleendah,17.0,23.2,27.4,21.5
2025-11-12,Pasar Baleendah,9.8,23.2,26.3,21.0
2025-11-13,Pasar Baleendah,12.6,23.0,26.4,21.1
2025-11-14,Pasar Baleendah,15.8,22.8,27.2,20.8
2025-11-15,Pasar Baleendah,10.8,24.2,29.0,21.3
2025-11-16,Pasar Baleendah,11.1,24.0,28.9,21.6
2025-11-17,Pasar Baleendah,5.8,23.3,26.6,20.5
2025-11-18,Pasar Baleendah,25.4,23.2,27.4,20.7
2025-11-19,Pasar Baleendah,5.4,23.2,28.0,19.0
2025-11-20,Pasar Baleendah,14.4,23.3,27.8,20.6
2025-11-21,Pasar Baleendah,8.8,24.8,30.1,20.5
2025-11-22,Pasar Baleendah,6.8,23.5,28.9,19.4
2025-11-23,Pasar Baleendah,12.2,22.8,27.2,18.9
2025-11-24,Pasar Baleendah,0.0,24.2,30.9,19.9
2025-11-25,Pasar Baleendah,0.2,24.0,29.5,18.6
2025-11-26,Pasar Baleendah,0.0,24.5,30.8,17.8
2025-11-27,Pasar Baleendah,4.8,24.0,29.5,19.8
2025-11-28,Pasar Baleendah,0.1,24.1,30.4,18.3
2025-11-29,Pasar Baleendah,2.8,23.9,30.2,18.8
2025-11-30,Pasar Baleendah,1.5,23.5,29.2,18.9
2025-12-01,Pasar Baleendah,2.0,23.3,29.3,18.8
2025-12-02,Pasar Baleendah,3.8,24.0,30.7,21.0
2025-12-03,Pasar Baleendah,15.0,23.8,29.5,20.8
2025-12-04,Pasar Baleendah,19.1,22.8,27.1,20.9
2025-12-05,Pasar Baleendah,1.3,23.4,29.8,20.2
2025-12-06,Pasar Baleendah,0.6,23.3,26.4,19.9
2025-12-07,Pasar Baleendah,4.7,24.1,28.8,20.0
2025-12-08,Pasar Baleendah,9.6,23.0,26.8,20.0
2025-12-09,Pasar Baleendah,0.3,23.3,27.3,19.6
2025-12-10,Pasar Baleendah,4.1,23.6,27.9,20.0
2025-12-11,Pasar Baleendah,3.0,23.9,30.6,20.6
2025-12-12,Pasar Baleendah,0.2,24.1,30.0,17.7
2025-12-13,Pasar Baleendah,0.3,24.6,29.4,20.0
2025-12-14,Pasar Baleendah,10.9,23.7,26.4,20.7
2025-12-15,Pasar Baleendah,0.7,25.0,30.2,20.8
2025-12-16,Pasar Baleendah,2.9,24.7,30.8,20.3
2025-12-17,Pasar Baleendah,7.0,23.7,29.0,20.4
2025-12-18,Pasar Baleendah,5.1,24.1,28.1,20.6
2025-12-19,Pasar Baleendah,6.8,23.8,28.1,20.8
2025-12-20,Pasar Baleendah,26.0,23.0,26.8,20.9
2025-12-21,Pasar Baleendah,1.7,23.6,27.7,20.3
2025-12-22,Pasar Baleendah,7.5,23.5,26.7,20.6
2025-12-23,Pasar Baleendah,10.3,23.8,28.6,19.5
2025-12-24,Pasar Baleendah,0.7,24.6,27.8,21.2
2025-12-25,Pasar Baleendah,1.9,25.1,31.0,21.1
2025-12-26,Pasar Baleendah,8.1,24.4,28.6,22.1
2025-12-27,Pasar Baleendah,2.1,24.6,29.1,21.4
2025-12-28,Pasar Baleendah,4.6,24.1,28.3,20.8
2025-12-29,Pasar Baleendah,0.3,24.1,30.7,19.6
2025-12-30,Pasar Baleendah,11.0,23.3,28.0,20.0
2025-12-31,Pasar Baleendah,13.2,22.6,24.8,20.6
2026-01-01,Pasar Baleendah,4.3,23.1,27.4,20.3
2026-01-02,Pasar Baleendah,2.0,23.4,28.0,20.7
2026-01-03,Pasar Baleendah,20.7,22.3,24.7,21.2
2026-01-04,Pasar Baleendah,2.7,23.3,26.6,20.8
2026-01-05,Pasar Baleendah,1.6,24.1,28.7,21.0
2026-01-06,Pasar Baleendah,3.0,24.0,29.8,19.2
2026-01-07,Pasar Baleendah,1.5,23.8,27.9,19.8
2026-01-08,Pasar Baleendah,0.8,23.2,28.0,19.2
2026-01-09,Pasar Baleendah,4.9,23.3,28.3,19.4
2026-01-10,Pasar Baleendah,7.0,22.7,26.1,20.3
2026-01-11,Pasar Baleendah,8.4,22.0,25.3,20.2
2026-01-12,Pasar Baleendah,1.9,21.5,24.2,19.7
2026-01-13,Pasar Baleendah,2.4,22.7,25.9,19.7
2026-01-14,Pasar Baleendah,2.6,23.2,26.9,20.6
2026-01-15,Pasar Baleendah,20.5,22.3,24.5,20.4
2026-01-16,Pasar Baleendah,1.8,23.4,28.2,19.6
2026-01-17,Pasar Baleendah,10.7,22.9,27.0,19.8
2026-01-18,Pasar Baleendah,13.0,22.4,25.0,20.8
2026-01-19,Pasar Baleendah,2.3,23.2,27.5,19.9
2026-01-20,Pasar Baleendah,5.7,23.4,27.8,20.9
2026-01-21,Pasar Baleendah,7.3,22.3,25.4,20.8
2026-01-22,Pasar Baleendah,17.9,21.7,23.7,20.4
2026-01-23,Pasar Baleendah,13.2,22.3,24.4,21.0
2026-01-24,Pasar Baleendah,5.5,22.3,24.7,19.9
2026-01-25,Pasar Baleendah,2.3,23.1,27.2,19.5
2026-01-26,Pasar Baleendah,2.3,23.5,27.6,21.0
2026-01-27,Pasar Baleendah,1.3,23.0,26.3,20.8
2026-01-28,Pasar Baleendah,36.5,22.4,23.9,20.8
2026-01-29,Pasar Baleendah,41.6,22.4,25.1,21.4
2026-01-30,Pasar Baleendah,6.2,23.1,26.8,21.4
2026-01-31,Pasar Baleendah,2.5,23.0,27.2,19.0
2026-02-01,Pasar Baleendah,1.9,22.7,26.0,19.6
2026-02-02,Pasar Baleendah,3.9,22.8,27.3,20.3
2026-02-03,Pasar Baleendah,0.8,23.0,26.7,20.4
2026-02-04,Pasar Baleendah,8.3,22.6,27.1,18.8
2026-02-05,Pasar Baleendah,3.5,23.3,27.9,19.8
2026-02-06,Pasar Baleendah,2.3,23.6,27.9,20.5
2026-02-07,Pasar Baleendah,1.6,22.8,26.5,18.8
2026-02-08,Pasar Baleendah,0.9,23.1,26.0,20.0
2026-02-09,Pasar Baleendah,6.4,22.5,25.5,20.0
2026-02-10,Pasar Baleendah,1.6,22.6,26.1,18.5
2026-02-11,Pasar Baleendah,3.9,23.5,29.0,20.2
2026-02-12,Pasar Baleendah,15.9,23.2,27.6,20.4
2026-02-13,Pasar Baleendah,4.4,23.1,26.3,20.5
2026-02-14,Pasar Baleendah,3.4,23.9,28.2,20.8
2026-02-15,Pasar Baleendah,7.1,23.5,27.4,20.8
2026-02-16,Pasar Baleendah,6.0,23.2,26.7,21.2
2026-02-17,Pasar Baleendah,1.9,23.9,28.9,20.9
2026-02-18,Pasar Baleendah,3.0,23.0,25.4,20.8
2026-02-19,Pasar Baleendah,14.1,22.4,25.1,20.5
2026-02-20,Pasar Baleendah,3.9,22.8,26.0,21.0
2026-02-21,Pasar Baleendah,4.2,23.4,26.6,20.8
2026-02-22,Pasar Baleendah,21.1,23.1,25.8,21.8
2026-02-23,Pasar Baleendah,15.6,22.4,25.1,20.8
2026-02-24,Pasar Baleendah,1.4,23.4,28.5,20.5
2026-02-25,Pasar Baleendah,0.3,24.4,29.3,19.7
2026-02-26,Pasar Baleendah,1.0,23.9,28.2,20.9
2026-02-27,Pasar Baleendah,2.2,23.4,27.5,20.8
2026-02-28,Pasar Baleendah,2.7,23.3,27.6,21.6
2026-03-01,Pasar Baleendah,6.7,23.6,29.5,19.6
2026-03-02,Pasar Baleendah,12.8,23.5,28.2,20.6
2026-03-03,Pasar Baleendah,8.9,23.4,26.3,20.9
2026-03-04,Pasar Baleendah,3.0,23.6,27.8,20.8
2026-03-05,Pasar Baleendah,3.0,24.1,28.4,21.5
2026-03-06,Pasar Baleendah,4.2,23.1,26.7,20.0
2026-03-07,Pasar Baleendah,11.7,22.7,26.9,20.5
2026-03-08,Pasar Baleendah,12.6,22.5,26.1,20.3
2026-03-09,Pasar Baleendah,1.5,22.9,28.4,18.0
2026-03-10,Pasar Baleendah,0.4,24.0,30.7,18.4
2026-03-11,Pasar Baleendah,0.8,24.2,30.3,19.6
2026-03-12,Pasar Baleendah,1.0,24.1,30.9,18.6
2026-03-13,Pasar Baleendah,0.3,23.5,30.8,17.3
2026-03-14,Pasar Baleendah,2.4,22.8,29.6,16.4
2026-03-15,Pasar Baleendah,0.0,24.0,30.0,17.3
2026-03-16,Pasar Baleendah,0.0,24.5,30.0,19.1
2026-03-17,Pasar Baleendah,0.0,24.9,30.1,19.5
2026-03-18,Pasar Baleendah,0.3,24.9,30.9,20.1
2026-03-19,Pasar Baleendah,2.8,23.8,31.5,18.6
2026-03-20,Pasar Baleendah,3.6,24.0,29.6,19.4
2026-03-21,Pasar Baleendah,6.9,23.9,30.6,18.2
2026-03-22,Pasar Baleendah,0.4,24.1,29.5,18.8
2026-03-23,Pasar Baleendah,1.1,23.6,29.3,17.4
2026-03-24,Pasar Baleendah,1.1,24.0,29.3,19.9
2026-03-25,Pasar Baleendah,3.0,23.7,29.7,18.9
2026-03-26,Pasar Baleendah,2.2,23.4,26.7,20.9
2026-03-27,Pasar Baleendah,14.3,23.1,27.5,20.5
2026-03-28,Pasar Baleendah,12.7,23.2,26.1,19.3
2026-03-29,Pasar Baleendah,8.5,23.5,28.1,19.1
2026-03-30,Pasar Baleendah,2.9,23.0,27.9,18.6
2026-03-31,Pasar Baleendah,1.1,23.7,28.6,20.4
2026-04-01,Pasar Baleendah,12.0,23.1,29.4,18.4
2026-04-02,Pasar Baleendah,8.8,23.3,26.9,20.3
2026-04-03,Pasar Baleendah,1.4,24.5,29.9,20.9
2026-04-04,Pasar Baleendah,0.2,24.0,28.7,20.3
2026-04-05,Pasar Baleendah,4.6,23.7,29.8,19.2
2026-04-06,Pasar Baleendah,0.9,23.6,29.4,20.1
2026-04-07,Pasar Baleendah,26.4,23.1,29.3,19.2
2026-04-08,Pasar Baleendah,3.8,23.5,28.5,18.6
2026-04-09,Pasar Baleendah,3.5,23.4,26.8,20.7
2026-04-10,Pasar Baleendah,2.9,23.8,28.8,20.5
2026-04-11,Pasar Baleendah,3.0,24.2,28.6,20.3
2026-04-12,Pasar Baleendah,7.9,23.8,28.1,21.4
2026-04-13,Pasar Baleendah,0.4,24.2,30.7,19.1
2026-04-14,Pasar Baleendah,7.4,24.0,29.4,20.6
2026-04-15,Pasar Baleendah,6.7,23.6,27.3,20.8
2026-04-16,Pasar Baleendah,2.2,24.8,30.2,20.3
2026-04-17,Pasar Baleendah,8.6,23.6,29.3,20.4
2026-04-18,Pasar Baleendah,0.6,23.9,29.7,18.2
2026-04-19,Pasar Baleendah,0.3,23.9,30.3,18.6
2026-04-20,Pasar Baleendah,0.9,24.4,30.3,19.0
2026-04-21,Pasar Baleendah,5.5,24.1,30.1,19.4
2026-04-22,Pasar Baleendah,2.6,24.4,29.4,21.5
2026-04-23,Pasar Baleendah,1.3,24.9,29.4,21.3
2026-04-24,Pasar Baleendah,2.0,24.1,29.5,18.3
2026-04-25,Pasar Baleendah,1.2,24.2,30.9,18.6
2026-04-26,Pasar Baleendah,4.2,24.4,29.9,19.3
2026-04-27,Pasar Baleendah,0.7,24.3,29.9,20.1
2026-04-28,Pasar Baleendah,1.1,24.3,29.0,19.8
2026-04-29,Pasar Baleendah,2.2,25.1,30.6,20.8
2026-04-30,Pasar Baleendah,2.0,23.9,29.0,19.2
2026-05-01,Pasar Baleendah,9.5,23.6,28.0,20.5
2026-05-02,Pasar Baleendah,0.7,22.7,28.3,18.6
2026-05-03,Pasar Baleendah,5.7,23.7,29.6,18.8
2026-05-04,Pasar Baleendah,4.1,22.9,26.7,19.3
2026-05-05,Pasar Baleendah,15.6,23.5,29.7,19.6
2026-05-06,Pasar Baleendah,0.2,24.9,31.0,19.2
2026-05-07,Pasar Baleendah,0.4,24.7,29.1,21.5
2026-05-08,Pasar Baleendah,0.1,24.5,31.2,18.6
2026-05-09,Pasar Baleendah,0.5,24.5,30.1,19.3
2026-05-10,Pasar Baleendah,0.2,25.1,30.6,19.9
2026-05-11,Pasar Baleendah,0.6,24.9,30.3,20.5
2026-05-12,Pasar Baleendah,0.2,25.0,31.3,20.5
2026-05-13,Pasar Baleendah,0.3,24.8,31.5,18.7
2026-05-14,Pasar Baleendah,2.5,24.0,32.0,19.2
2026-05-15,Pasar Baleendah,4.8,24.6,32.2,20.5
2026-05-16,Pasar Baleendah,5.1,23.9,29.9,20.7
2026-05-17,Pasar Baleendah,0.5,24.1,28.9,19.8
2026-05-18,Pasar Baleendah,1.0,24.0,30.8,18.1
2026-05-19,Pasar Baleendah,2.3,24.6,30.3,20.4
2026-05-20,Pasar Baleendah,3.2,23.7,28.1,19.2
2026-05-21,Pasar Baleendah,2.6,24.8,30.3,20.5
2026-05-22,Pasar Baleendah,3.7,24.3,29.1,19.7
2026-05-23,Pasar Baleendah,8.9,23.8,27.0,21.8
2026-05-24,Pasar Baleendah,6.6,22.8,27.7,19.9
2026-05-25,Pasar Baleendah,0.6,23.5,27.5,19.5
2026-05-26,Pasar Baleendah,0.0,24.5,31.0,18.9
2026-05-27,Pasar Baleendah,0.0,23.4,29.1,19.5
2026-05-28,Pasar Baleendah,0.0,23.3,29.1,17.3
2026-05-29,Pasar Baleendah,0.0,23.2,29.8,17.1
2026-05-30,Pasar Baleendah,0.0,24.1,29.0,18.5
2026-05-31,Pasar Baleendah,0.0,24.4,29.5,19.4
2026-06-01,Pasar Baleendah,0.3,24.8,30.4,19.3
2026-06-02,Pasar Baleendah,0.1,24.8,29.8,20.4
2026-06-03,Pasar Baleendah,0.7,24.8,29.5,21.1
2026-06-04,Pasar Baleendah,0.3,24.5,30.2,19.7
2026-06-05,Pasar Baleendah,0.5,25.0,31.5,19.8
2026-06-06,Pasar Baleendah,0.0,24.6,31.3,18.5
2026-06-07,Pasar Baleendah,0.0,23.8,30.3,17.8
2026-06-08,Pasar Baleendah,0.0,23.0,29.6,17.2
2026-06-09,Pasar Baleendah,0.0,22.7,28.6,16.5
2026-06-10,Pasar Baleendah,0.0,22.9,29.3,16.0
2026-06-11,Pasar Baleendah,0.2,23.4,29.9,17.1
2026-06-12,Pasar Baleendah,0.2,24.2,30.6,19.4
2026-06-13,Pasar Baleendah,3.2,23.3,27.0,21.1
2026-06-14,Pasar Baleendah,0.2,24.6,29.7,19.9
2026-06-15,Pasar Baleendah,0.6,24.3,30.5,18.4
2026-06-16,Pasar Baleendah,0.0,24.4,30.5,19.0
2026-06-17,Pasar Baleendah,0.1,23.8,30.3,18.1
2026-06-18,Pasar Baleendah,0.0,23.8,30.0,17.6
2026-06-19,Pasar Baleendah,0.0,24.0,31.6,16.0
2026-06-20,Pasar Baleendah,0.2,24.8,31.2,18.5
2026-06-21,Pasar Baleendah,0.4,24.7,31.9,18.4
2026-06-22,Pasar Baleendah,1.0,24.9,31.4,20.0
2026-06-23,Pasar Baleendah,4.5,23.9,29.4,21.7
2026-06-24,Pasar Baleendah,0.0,24.4,30.7,18.8
2026-06-25,Pasar Baleendah,2.1,23.3,29.3,18.8
2026-06-26,Pasar Baleendah,0.0,24.3,31.6,18.0
2026-06-27,Pasar Baleendah,0.5,24.9,31.3,18.6
2026-06-28,Pasar Baleendah,0.2,25.1,31.6,19.1
2026-06-29,Pasar Baleendah,0.0,24.3,31.8,16.9
2026-06-30,Pasar Baleendah,0.0,24.1,31.0,17.3
2026-07-01,Pasar Baleendah,0.0,24.1,30.9,16.6
2026-07-02,Pasar Baleendah,0.0,24.6,30.8,19.6
2026-07-03,Pasar Baleendah,0.5,24.7,32.1,18.2
2026-07-04,Pasar Baleendah,0.1,24.6,31.5,18.7
2026-07-05,Pasar Baleendah,0.0,25.0,32.2,19.1
2026-07-06,Pasar Baleendah,0.0,25.2,31.5,19.9
2026-07-07,Pasar Baleendah,0.0,24.2,30.6,18.3
2026-07-08,Pasar Baleendah,0.0,23.2,30.3,15.9
2026-07-09,Pasar Baleendah,0.0,24.0,30.4,17.4
2026-07-10,Pasar Baleendah,0.0,22.8,30.0,15.1
2026-07-11,Pasar Baleendah,0.0,23.9,29.4,17.3
2026-07-12,Pasar Baleendah,0.0,23.2,29.3,16.3
2026-07-13,Pasar Baleendah,0.0,23.6,30.2,16.1
2026-07-14,Pasar Baleendah,0.0,24.5,31.5,16.9
2026-07-15,Pasar Baleendah,0.1,24.3,31.9,16.9
2026-07-16,Pasar Baleendah,0.2,24.9,31.4,18.5
2026-07-17,Pasar Baleendah,0.5,24.9,32.5,18.3
2026-07-18,Pasar Baleendah,0.0,24.9,31.6,18.8
2026-07-19,Pasar Baleendah,0.0,24.3,31.2,17.3
2026-07-20,Pasar Baleendah,0.5,24.5,31.4,17.8
2026-07-21,Pasar Baleendah,0.9,25.1,31.6,19.9
2026-07-22,Pasar Baleendah,0.0,24.3,31.7,17.6
2026-07-23,Pasar Baleendah,0.2,23.9,31.0,18.2
2026-07-24,Pasar Baleendah,0.0,23.2,30.8,16.6
2026-07-25,Pasar Baleendah,0.0,22.8,29.6,17.4
2026-07-26,Pasar Baleendah,0.0,23.1,31.3,14.6
2026-07-27,Pasar Baleendah,0.0,23.5,31.1,15.3
2026-07-28,Pasar Baleendah,0.0,23.8,31.8,15.4
2026-07-29,Pasar Baleendah,0.3,24.8,31.9,18.3
2026-07-30,Pasar Baleendah,1.3,25.2,32.6,18.9
2026-07-31,Pasar Baleendah,0.0,25.5,32.4,19.1
2026-08-01,Pasar Baleendah,0.0,26.1,33.0,20.0
2026-08-02,Pasar Baleendah,0.1,25.9,31.8,19.4
2026-08-03,Pasar Baleendah,1.3,25.1,32.2,18.6
2026-08-04,Pasar Baleendah,0.4,25.5,32.3,18.1
2026-08-05,Pasar Baleendah,0.0,25.7,33.0,18.6
2026-08-06,Pasar Baleendah,0.0,25.2,31.9,17.7
2026-08-07,Pasar Baleendah,0.0,25.4,32.2,18.1
2026-08-08,Pasar Baleendah,0.0,25.9,33.9,18.9
2026-08-09,Pasar Baleendah,0.0,24.4,33.4,15.3
2026-08-10,Pasar Baleendah,0.0,24.8,31.9,16.9
2026-08-11,Pasar Baleendah,0.0,25.2,32.3,17.4
2026-08-12,Pasar Baleendah,0.0,25.5,32.6,18.0
2026-08-13,Pasar Baleendah,0.0,25.3,33.8,16.7
2026-08-14,Pasar Baleendah,0.0,25.9,32.8,17.9
2026-08-15,Pasar Baleendah,1.0,25.4,32.0,18.7
2026-08-16,Pasar Baleendah,0.0,25.4,32.3,18.8
2026-08-17,Pasar Baleendah,0.0,26.2,32.7,20.4
2026-08-18,Pasar Baleendah,0.0,26.2,33.0,19.2
2026-08-19,Pasar Baleendah,0.0,26.2,32.4,21.7
2026-08-20,Pasar Baleendah,0.7,26.5,33.0,20.4
2026-08-21,Pasar Baleendah,0.0,25.8,33.4,18.5
2026-08-22,Pasar Baleendah,0.2,25.7,33.4,17.7
2024-08-22,Pasar Stasiun Majalaya,0.1,25.1,32.2,18.7
2024-08-23,Pasar Stasiun Majalaya,0.0,24.4,31.3,18.2
2024-08-24,Pasar Stasiun Majalaya,0.0,22.4,30.1,16.0
2024-08-25,Pasar Stasiun Majalaya,0.0,22.6,30.4,16.4
2024-08-26,Pasar Stasiun Majalaya,0.0,23.3,31.0,17.4
2024-08-27,Pasar Stasiun Majalaya,0.0,22.3,29.5,17.3
2024-08-28,Pasar Stasiun Majalaya,0.0,22.7,30.3,14.8
2024-08-29,Pasar Stasiun Majalaya,0.0,22.8,29.0,18.1
2024-08-30,Pasar Stasiun Majalaya,0.0,22.8,30.0,16.7
2024-08-31,Pasar Stasiun Majalaya,0.8,23.8,31.9,15.9
2024-09-01,Pasar Stasiun Majalaya,0.5,24.6,31.4,18.8
2024-09-02,Pasar Stasiun Majalaya,0.0,25.0,32.9,19.0
2024-09-03,Pasar Stasiun Majalaya,0.0,23.5,31.2,17.1
2024-09-04,Pasar Stasiun Majalaya,0.2,24.1,32.1,17.2
2024-09-05,Pasar Stasiun Majalaya,3.0,23.7,30.3,18.8
2024-09-06,Pasar Stasiun Majalaya,0.0,24.1,30.5,20.0
2024-09-07,Pasar Stasiun Majalaya,0.0,23.4,30.1,18.2
2024-09-08,Pasar Stasiun Majalaya,2.8,24.1,31.5,19.5
2024-09-09,Pasar Stasiun Majalaya,28.5,22.9,30.1,18.9
2024-09-10,Pasar Stasiun Majalaya,22.5,22.4,28.0,18.9
2024-09-11,Pasar Stasiun Majalaya,20.3,22.9,28.6,19.8
2024-09-12,Pasar Stasiun Majalaya,0.0,23.0,28.4,18.6
2024-09-13,Pasar Stasiun Majalaya,0.0,21.3,27.4,16.3
2024-09-14,Pasar Stasiun Majalaya,0.0,20.9,27.8,15.3
2024-09-15,Pasar Stasiun Majalaya,0.0,21.2,27.8,15.3
2024-09-16,Pasar Stasiun Majalaya,0.0,20.6,27.6,14.0
2024-09-17,Pasar Stasiun Majalaya,0.0,20.8,27.7,14.3
2024-09-18,Pasar Stasiun Majalaya,0.0,20.6,28.4,13.4
2024-09-19,Pasar Stasiun Majalaya,0.0,21.3,29.8,13.0
2024-09-20,Pasar Stasiun Majalaya,0.0,23.0,30.0,15.3
2024-09-21,Pasar Stasiun Majalaya,0.1,24.4,30.9,17.8
2024-09-22,Pasar Stasiun Majalaya,0.8,24.7,30.2,19.2
2024-09-23,Pasar Stasiun Majalaya,2.4,24.4,29.7,20.9
2024-09-24,Pasar Stasiun Majalaya,17.0,22.5,27.0,19.8
2024-09-25,Pasar Stasiun Majalaya,2.0,22.7,29.4,18.5
2024-09-26,Pasar Stasiun Majalaya,3.1,22.6,29.0,18.9
2024-09-27,Pasar Stasiun Majalaya,1.7,23.3,29.4,18.6
2024-09-28,Pasar Stasiun Majalaya,0.9,23.8,30.0,19.0
2024-09-29,Pasar Stasiun Majalaya,2.0,23.3,29.9,19.2
2024-09-30,Pasar Stasiun Majalaya,0.1,24.0,30.5,18.4
2024-10-01,Pasar Stasiun Majalaya,2.8,23.6,30.0,18.6
2024-10-02,Pasar Stasiun Majalaya,1.3,23.8,29.3,19.9
2024-10-03,Pasar Stasiun Majalaya,1.7,23.1,29.8,18.7
2024-10-04,Pasar Stasiun Majalaya,2.0,23.3,29.4,18.7
2024-10-05,Pasar Stasiun Majalaya,2.3,22.7,29.3,17.4
2024-10-06,Pasar Stasiun Majalaya,1.2,23.1,29.6,18.0
2024-10-07,Pasar Stasiun Majalaya,0.0,24.1,30.6,19.0
2024-10-08,Pasar Stasiun Majalaya,0.1,23.7,29.9,18.8
2024-10-09,Pasar Stasiun Majalaya,0.3,24.0,30.2,19.0
2024-10-10,Pasar Stasiun Majalaya,5.7,23.4,31.2,18.3
2024-10-11,Pasar Stasiun Majalaya,0.1,24.3,30.1,19.5
2024-10-12,Pasar Stasiun Majalaya,1.0,24.6,30.8,19.4
2024-10-13,Pasar Stasiun Majalaya,0.2,24.9,31.4,19.4
2024-10-14,Pasar Stasiun Majalaya,0.6,24.7,30.9,19.5
2024-10-15,Pasar Stasiun Majalaya,0.0,24.1,30.5,19.1
2024-10-16,Pasar Stasiun Majalaya,0.0,22.7,30.7,15.8
2024-10-17,Pasar Stasiun Majalaya,0.0,22.3,29.7,15.3
2024-10-18,Pasar Stasiun Majalaya,0.0,23.6,31.0,16.2
2024-10-19,Pasar Stasiun Majalaya,0.1,24.6,30.6,18.5
2024-10-20,Pasar Stasiun Majalaya,0.0,24.6,30.9,19.5
2024-10-21,Pasar Stasiun Majalaya,0.1,24.5,31.7,18.1
2024-10-22,Pasar Stasiun Majalaya,4.4,23.8,30.7,19.2
2024-10-23,Pasar Stasiun Majalaya,3.3,24.2,30.7,20.0
2024-10-24,Pasar Stasiun Majalaya,0.0,24.5,30.4,19.3
2024-10-25,Pasar Stasiun Majalaya,0.1,24.8,31.5,19.4
2024-10-26,Pasar Stasiun Majalaya,1.4,24.2,31.0,18.2
2024-10-27,Pasar Stasiun Majalaya,6.9,23.3,30.4,19.1
2024-10-28,Pasar Stasiun Majalaya,1.0,23.7,31.1,18.8
2024-10-29,Pasar Stasiun Majalaya,0.0,24.5,31.4,18.6
2024-10-30,Pasar Stasiun Majalaya,0.3,24.3,31.1,18.0
2024-10-31,Pasar Stasiun Majalaya,1.9,24.2,30.2,18.6
2024-11-01,Pasar Stasiun Majalaya,7.8,23.7,30.2,19.8
2024-11-02,Pasar Stasiun Majalaya,10.4,23.7,30.5,20.1
2024-11-03,Pasar Stasiun Majalaya,12.9,22.5,29.0,19.8
2024-11-04,Pasar Stasiun Majalaya,7.3,22.6,27.4,19.7
2024-11-05,Pasar Stasiun Majalaya,24.2,22.7,29.2,18.9
2024-11-06,Pasar Stasiun Majalaya,6.7,22.6,27.9,19.2
2024-11-07,Pasar Stasiun Majalaya,2.7,23.2,29.3,19.6
2024-11-08,Pasar Stasiun Majalaya,1.4,23.8,29.4,19.4
2024-11-09,Pasar Stasiun Majalaya,14.4,22.8,29.3,19.0
2024-11-10,Pasar Stasiun Majalaya,3.4,23.2,28.6,19.6
2024-11-11,Pasar Stasiun Majalaya,12.4,22.8,28.6,20.0
2024-11-12,Pasar Stasiun Majalaya,9.3,23.0,28.7,19.2
2024-11-13,Pasar Stasiun Majalaya,2.4,23.8,29.6,19.7
2024-11-14,Pasar Stasiun Majalaya,1.7,24.0,29.0,19.7
2024-11-15,Pasar Stasiun Majalaya,3.8,23.9,29.7,20.0
2024-11-16,Pasar Stasiun Majalaya,12.2,23.6,29.1,20.5
2024-11-17,Pasar Stasiun Majalaya,15.0,23.6,29.9,20.6
2024-11-18,Pasar Stasiun Majalaya,21.2,23.6,29.1,20.4
2024-11-19,Pasar Stasiun Majalaya,11.0,23.4,29.4,20.3
2024-11-20,Pasar Stasiun Majalaya,29.6,23.5,30.9,19.9
2024-11-21,Pasar Stasiun Majalaya,19.0,23.5,29.5,20.1
2024-11-22,Pasar Stasiun Majalaya,24.4,23.2,29.1,20.3
2024-11-23,Pasar Stasiun Majalaya,14.9,23.1,29.2,20.2
2024-11-24,Pasar Stasiun Majalaya,17.3,23.1,29.6,20.7
2024-11-25,Pasar Stasiun Majalaya,11.2,23.8,29.5,20.9
2024-11-26,Pasar Stasiun Majalaya,2.0,23.7,29.0,20.1
2024-11-27,Pasar Stasiun Majalaya,12.8,23.5,30.3,21.1
2024-11-28,Pasar Stasiun Majalaya,3.9,23.5,28.0,21.2
2024-11-29,Pasar Stasiun Majalaya,1.0,24.1,28.2,21.1
2024-11-30,Pasar Stasiun Majalaya,12.6,23.8,29.7,20.5
2024-12-01,Pasar Stasiun Majalaya,12.5,23.9,30.0,21.2
2024-12-02,Pasar Stasiun Majalaya,10.7,22.9,28.1,20.3
2024-12-03,Pasar Stasiun Majalaya,34.6,22.1,24.5,20.7
2024-12-04,Pasar Stasiun Majalaya,5.2,22.5,25.9,20.5
2024-12-05,Pasar Stasiun Majalaya,15.6,23.4,27.2,20.8
2024-12-06,Pasar Stasiun Majalaya,12.0,23.3,27.8,21.2
2024-12-07,Pasar Stasiun Majalaya,17.6,23.8,28.3,20.9
2024-12-08,Pasar Stasiun Majalaya,7.0,23.9,27.4,20.7
2024-12-09,Pasar Stasiun Majalaya,1.6,23.2,26.6,21.0
2024-12-10,Pasar Stasiun Majalaya,2.0,23.5,27.6,21.1
2024-12-11,Pasar Stasiun Majalaya,17.2,23.6,28.3,21.3
2024-12-12,Pasar Stasiun Majalaya,0.3,24.5,29.2,21.3
2024-12-13,Pasar Stasiun Majalaya,4.1,24.2,29.6,20.8
2024-12-14,Pasar Stasiun Majalaya,4.3,23.1,26.4,21.4
2024-12-15,Pasar Stasiun Majalaya,11.1,23.0,28.1,20.9
2024-12-16,Pasar Stasiun Majalaya,3.5,23.3,28.6,20.8
2024-12-17,Pasar Stasiun Majalaya,6.8,23.4,27.3,20.2
2024-12-18,Pasar Stasiun Majalaya,11.9,22.8,25.9,20.6
2024-12-19,Pasar Stasiun Majalaya,2.0,23.8,28.7,20.4
2024-12-20,Pasar Stasiun Majalaya,4.8,23.4,28.5,20.7
2024-12-21,Pasar Stasiun Majalaya,4.5,23.8,29.1,20.5
2024-12-22,Pasar Stasiun Majalaya,10.5,23.4,27.7,20.2
2024-12-23,Pasar Stasiun Majalaya,18.9,22.9,26.6,20.5
2024-12-24,Pasar Stasiun Majalaya,12.6,22.4,26.1,20.6
2024-12-25,Pasar Stasiun Majalaya,7.8,23.2,28.3,20.7
2024-12-26,Pasar Stasiun Majalaya,0.2,23.8,27.5,20.6
2024-12-27,Pasar Stasiun Majalaya,2.2,23.9,27.9,21.5
2024-12-28,Pasar Stasiun Majalaya,0.2,23.9,27.2,20.4
2024-12-29,Pasar Stasiun Majalaya,0.2,23.8,27.5,21.2
2024-12-30,Pasar Stasiun Majalaya,1.6,22.8,27.3,21.1
2024-12-31,Pasar Stasiun Majalaya,0.4,23.3,27.3,20.5
2025-01-01,Pasar Stasiun Majalaya,8.5,23.1,29.5,20.5
2025-01-02,Pasar Stasiun Majalaya,0.5,24.0,29.4,19.9
2025-01-03,Pasar Stasiun Majalaya,2.3,24.3,29.8,20.0
2025-01-04,Pasar Stasiun Majalaya,7.8,22.7,28.6,18.7
2025-01-05,Pasar Stasiun Majalaya,6.7,22.6,26.3,19.9
2025-01-06,Pasar Stasiun Majalaya,5.4,23.3,29.4,19.5
2025-01-07,Pasar Stasiun Majalaya,11.4,23.0,28.2,20.1
2025-01-08,Pasar Stasiun Majalaya,1.3,22.5,26.8,19.9
2025-01-09,Pasar Stasiun Majalaya,11.3,21.8,24.6,19.6
2025-01-10,Pasar Stasiun Majalaya,9.1,23.4,28.4,20.6
2025-01-11,Pasar Stasiun Majalaya,13.9,22.8,28.4,19.5
2025-01-12,Pasar Stasiun Majalaya,2.8,23.2,27.2,20.6
2025-01-13,Pasar Stasiun Majalaya,5.7,23.2,29.1,20.6
2025-01-14,Pasar Stasiun Majalaya,8.2,22.6,27.3,20.4
2025-01-15,Pasar Stasiun Majalaya,8.8,23.3,28.6,20.3
2025-01-16,Pasar Stasiun Majalaya,6.3,23.2,27.5,20.8
2025-01-17,Pasar Stasiun Majalaya,5.6,23.0,27.5,20.6
2025-01-18,Pasar Stasiun Majalaya,6.4,22.4,25.8,20.2
2025-01-19,Pasar Stasiun Majalaya,2.3,23.0,27.8,20.5
2025-01-20,Pasar Stasiun Majalaya,12.4,22.0,26.1,20.3
2025-01-21,Pasar Stasiun Majalaya,12.0,22.5,26.9,20.4
2025-01-22,Pasar Stasiun Majalaya,5.9,23.1,28.1,20.7
2025-01-23,Pasar Stasiun Majalaya,4.6,23.2,28.5,20.1
2025-01-24,Pasar Stasiun Majalaya,18.2,22.9,27.1,20.8
2025-01-25,Pasar Stasiun Majalaya,3.7,23.1,28.1,19.6
2025-01-26,Pasar Stasiun Majalaya,13.0,23.2,28.5,20.1
2025-01-27,Pasar Stasiun Majalaya,1.3,23.5,28.3,20.1
2025-01-28,Pasar Stasiun Majalaya,10.7,22.9,28.1,20.2
2025-01-29,Pasar Stasiun Majalaya,6.5,22.1,25.1,20.7
2025-01-30,Pasar Stasiun Majalaya,1.3,21.7,24.5,20.2
2025-01-31,Pasar Stasiun Majalaya,1.7,23.0,27.3,20.5
2025-02-01,Pasar Stasiun Majalaya,1.8,23.2,27.0,20.6
2025-02-02,Pasar Stasiun Majalaya,1.9,23.6,27.9,21.1
2025-02-03,Pasar Stasiun Majalaya,0.3,23.8,28.2,20.3
2025-02-04,Pasar Stasiun Majalaya,0.2,23.6,27.9,20.6
2025-02-05,Pasar Stasiun Majalaya,4.9,23.1,26.6,20.2
2025-02-06,Pasar Stasiun Majalaya,3.3,22.5,26.0,20.4
2025-02-07,Pasar Stasiun Majalaya,9.1,22.8,27.0,20.4
2025-02-08,Pasar Stasiun Majalaya,9.8,22.3,27.5,19.5
2025-02-09,Pasar Stasiun Majalaya,3.1,22.6,27.7,18.8
2025-02-10,Pasar Stasiun Majalaya,1.4,22.7,26.6,20.0
2025-02-11,Pasar Stasiun Majalaya,0.0,23.0,27.9,18.8
2025-02-12,Pasar Stasiun Majalaya,0.6,23.0,30.2,17.4
2025-02-13,Pasar Stasiun Majalaya,2.7,22.9,28.1,18.7
2025-02-14,Pasar Stasiun Majalaya,7.5,23.3,28.7,20.2
2025-02-15,Pasar Stasiun Majalaya,3.1,23.1,28.3,20.3
2025-02-16,Pasar Stasiun Majalaya,3.7,23.1,28.4,19.3
2025-02-17,Pasar Stasiun Majalaya,11.3,22.6,26.8,20.0
2025-02-18,Pasar Stasiun Majalaya,14.1,22.5,27.8,20.1
2025-02-19,Pasar Stasiun Majalaya,8.8,22.1,26.4,19.5
2025-02-20,Pasar Stasiun Majalaya,0.7,23.3,28.4,18.5
2025-02-21,Pasar Stasiun Majalaya,9.2,22.9,28.2,19.3
2025-02-22,Pasar Stasiun Majalaya,6.2,23.4,27.2,20.8
2025-02-23,Pasar Stasiun Majalaya,16.3,22.6,25.7,20.3
2025-02-24,Pasar Stasiun Majalaya,19.6,22.8,28.0,20.6
2025-02-25,Pasar Stasiun Majalaya,15.1,22.8,29.0,20.1
2025-02-26,Pasar Stasiun Majalaya,9.6,22.4,27.2,20.4
2025-02-27,Pasar Stasiun Majalaya,15.8,22.4,28.5,18.6
2025-02-28,Pasar Stasiun Majalaya,7.3,23.0,28.0,20.2
2025-03-01,Pasar Stasiun Majalaya,3.8,23.6,29.2,20.3
2025-03-02,Pasar Stasiun Majalaya,15.2,23.1,29.2,19.1
2025-03-03,Pasar Stasiun Majalaya,14.5,22.9,27.7,19.7
2025-03-04,Pasar Stasiun Majalaya,8.8,23.0,27.7,20.1
2025-03-05,Pasar Stasiun Majalaya,0.1,23.8,28.9,19.2
2025-03-06,Pasar Stasiun Majalaya,8.4,23.0,28.8,19.1
2025-03-07,Pasar Stasiun Majalaya,8.1,23.0,29.0,19.7
2025-03-08,Pasar Stasiun Majalaya,2.8,23.4,29.3,20.6
2025-03-09,Pasar Stasiun Majalaya,14.4,22.5,27.7,19.5
2025-03-10,Pasar Stasiun Majalaya,5.7,22.8,27.9,18.8
2025-03-11,Pasar Stasiun Majalaya,2.8,23.9,29.0,20.2
2025-03-12,Pasar Stasiun Majalaya,5.3,23.4,27.9,20.1
2025-03-13,Pasar Stasiun Majalaya,13.4,23.7,28.7,20.8
2025-03-14,Pasar Stasiun Majalaya,21.8,23.2,28.4,21.1
2025-03-15,Pasar Stasiun Majalaya,24.8,22.5,27.8,20.4
2025-03-16,Pasar Stasiun Majalaya,4.0,22.7,27.7,20.2
2025-03-17,Pasar Stasiun Majalaya,14.8,22.6,28.7,19.0
2025-03-18,Pasar Stasiun Majalaya,5.2,22.5,25.1,20.6
2025-03-19,Pasar Stasiun Majalaya,3.2,22.9,27.7,19.7
2025-03-20,Pasar Stasiun Majalaya,0.0,24.2,29.4,21.1
2025-03-21,Pasar Stasiun Majalaya,0.7,23.6,27.8,20.7
2025-03-22,Pasar Stasiun Majalaya,1.3,23.4,27.7,19.7
2025-03-23,Pasar Stasiun Majalaya,0.0,23.9,29.4,20.0
2025-03-24,Pasar Stasiun Majalaya,0.9,23.9,28.6,20.4
2025-03-25,Pasar Stasiun Majalaya,2.0,24.1,28.7,20.6
2025-03-26,Pasar Stasiun Majalaya,10.2,23.0,28.7,19.1
2025-03-27,Pasar Stasiun Majalaya,3.0,23.6,29.9,19.6
2025-03-28,Pasar Stasiun Majalaya,10.2,23.0,27.9,20.7
2025-03-29,Pasar Stasiun Majalaya,0.3,23.5,27.7,20.3
2025-03-30,Pasar Stasiun Majalaya,1.1,23.5,29.5,18.5
2025-03-31,Pasar Stasiun Majalaya,1.6,23.7,29.4,19.7
2025-04-01,Pasar Stasiun Majalaya,16.6,22.1,27.1,18.2
2025-04-02,Pasar Stasiun Majalaya,23.0,22.2,26.8,19.3
2025-04-03,Pasar Stasiun Majalaya,13.3,22.7,26.5,20.4
2025-04-04,Pasar Stasiun Majalaya,5.1,22.7,27.0,19.6
2025-04-05,Pasar Stasiun Majalaya,10.1,23.0,27.7,19.8
2025-04-06,Pasar Stasiun Majalaya,4.3,23.1,28.6,19.6
2025-04-07,Pasar Stasiun Majalaya,1.8,24.1,30.2,19.6
2025-04-08,Pasar Stasiun Majalaya,0.6,23.5,29.7,18.4
2025-04-09,Pasar Stasiun Majalaya,2.1,23.5,28.9,18.9
2025-04-10,Pasar Stasiun Majalaya,4.9,23.1,28.1,20.1
2025-04-11,Pasar Stasiun Majalaya,7.8,23.3,28.3,20.7
2025-04-12,Pasar Stasiun Majalaya,9.8,23.1,27.5,20.7
2025-04-13,Pasar Stasiun Majalaya,23.4,22.8,28.9,20.0
2025-04-14,Pasar Stasiun Majalaya,9.9,22.8,28.2,20.3
2025-04-15,Pasar Stasiun Majalaya,4.3,23.0,27.8,19.7
2025-04-16,Pasar Stasiun Majalaya,1.2,24.0,30.4,19.1
2025-04-17,Pasar Stasiun Majalaya,0.2,23.6,29.4,18.5
2025-04-18,Pasar Stasiun Majalaya,7.6,23.3,27.7,21.0
2025-04-19,Pasar Stasiun Majalaya,7.8,23.6,30.0,20.1
2025-04-20,Pasar Stasiun Majalaya,6.7,23.6,28.8,20.8
2025-04-21,Pasar Stasiun Majalaya,2.5,23.2,27.5,20.8
2025-04-22,Pasar Stasiun Majalaya,0.5,23.4,28.7,19.9
2025-04-23,Pasar Stasiun Majalaya,3.5,22.6,28.4,18.9
2025-04-24,Pasar Stasiun Majalaya,0.7,22.6,28.7,18.2
2025-04-25,Pasar Stasiun Majalaya,4.4,23.0,27.9,19.5
2025-04-26,Pasar Stasiun Majalaya,2.5,22.6,26.9,19.1
2025-04-27,Pasar Stasiun Majalaya,0.8,23.6,29.5,18.3
2025-04-28,Pasar Stasiun Majalaya,0.0,23.0,29.9,17.1
2025-04-29,Pasar Stasiun Majalaya,0.5,22.1,28.6,15.1
2025-04-30,Pasar Stasiun Majalaya,0.5,23.0,30.2,16.6
2025-05-01,Pasar Stasiun Majalaya,0.4,23.6,30.0,18.0
2025-05-02,Pasar Stasiun Majalaya,1.8,22.9,29.7,17.6
2025-05-03,Pasar Stasiun Majalaya,2.1,23.3,28.5,19.9
2025-05-04,Pasar Stasiun Majalaya,17.9,22.9,27.9,20.4
2025-05-05,Pasar Stasiun Majalaya,1.8,23.5,29.1,19.1
2025-05-06,Pasar Stasiun Majalaya,6.3,23.2,29.8,18.5
2025-05-07,Pasar Stasiun Majalaya,5.9,22.7,28.0,19.2
2025-05-08,Pasar Stasiun Majalaya,10.0,23.2,29.3,19.3
2025-05-09,Pasar Stasiun Majalaya,1.8,23.6,28.4,19.9
2025-05-10,Pasar Stasiun Majalaya,6.0,23.5,29.4,19.7
2025-05-11,Pasar Stasiun Majalaya,5.8,23.6,28.8,20.4
2025-05-12,Pasar Stasiun Majalaya,2.1,23.8,29.3,20.4
2025-05-13,Pasar Stasiun Majalaya,12.7,23.1,27.6,20.3
2025-05-14,Pasar Stasiun Majalaya,21.5,23.1,28.3,20.6
2025-05-15,Pasar Stasiun Majalaya,2.1,23.4,29.4,19.5
2025-05-16,Pasar Stasiun Majalaya,6.9,23.3,28.9,21.0
2025-05-17,Pasar Stasiun Majalaya,1.0,23.3,28.4,20.2
2025-05-18,Pasar Stasiun Majalaya,3.2,23.1,28.8,19.5
2025-05-19,Pasar Stasiun Majalaya,0.4,23.0,26.8,20.6
2025-05-20,Pasar Stasiun Majalaya,0.6,23.8,28.7,20.2
2025-05-21,Pasar Stasiun Majalaya,15.9,22.4,25.0,20.5
2025-05-22,Pasar Stasiun Majalaya,9.6,22.9,27.2,20.4
2025-05-23,Pasar Stasiun Majalaya,17.7,22.3,27.0,19.4
2025-05-24,Pasar Stasiun Majalaya,5.9,23.0,27.4,21.0
2025-05-25,Pasar Stasiun Majalaya,10.3,23.3,26.7,20.4
2025-05-26,Pasar Stasiun Majalaya,19.2,22.8,25.7,21.3
2025-05-27,Pasar Stasiun Majalaya,0.5,24.0,28.6,20.3
2025-05-28,Pasar Stasiun Majalaya,3.0,24.1,29.4,19.9
2025-05-29,Pasar Stasiun Majalaya,6.2,23.7,30.1,19.7
2025-05-30,Pasar Stasiun Majalaya,0.0,23.9,30.0,18.9
2025-05-31,Pasar Stasiun Majalaya,1.4,23.8,29.5,19.1
2025-06-01,Pasar Stasiun Majalaya,0.6,23.1,28.8,19.9
2025-06-02,Pasar Stasiun Majalaya,0.1,24.0,29.9,19.9
2025-06-03,Pasar Stasiun Majalaya,1.3,23.3,28.5,18.7
2025-06-04,Pasar Stasiun Majalaya,0.5,23.8,29.0,18.3
2025-06-05,Pasar Stasiun Majalaya,1.3,23.6,29.0,18.3
2025-06-06,Pasar Stasiun Majalaya,9.1,22.6,28.8,18.5
2025-06-07,Pasar Stasiun Majalaya,3.1,23.4,28.8,20.0
2025-06-08,Pasar Stasiun Majalaya,0.0,22.8,28.7,17.1
2025-06-09,Pasar Stasiun Majalaya,0.6,23.0,28.6,17.6
2025-06-10,Pasar Stasiun Majalaya,5.6,22.5,28.5,18.8
2025-06-11,Pasar Stasiun Majalaya,2.8,22.4,26.8,19.4
2025-06-12,Pasar Stasiun Majalaya,0.6,23.5,28.3,18.9
2025-06-13,Pasar Stasiun Majalaya,0.0,23.8,29.3,19.7
2025-06-14,Pasar Stasiun Majalaya,0.7,23.2,28.2,19.3
2025-06-15,Pasar Stasiun Majalaya,1.1,23.5,28.9,20.1
2025-06-16,Pasar Stasiun Majalaya,0.8,23.3,29.6,18.9
2025-06-17,Pasar Stasiun Majalaya,1.7,23.2,28.7,19.6
2025-06-18,Pasar Stasiun Majalaya,8.1,22.3,27.0,19.3
2025-06-19,Pasar Stasiun Majalaya,0.9,22.4,27.4,20.0
2025-06-20,Pasar Stasiun Majalaya,4.2,22.2,27.1,19.1
2025-06-21,Pasar Stasiun Majalaya,7.6,22.2,27.8,18.3
2025-06-22,Pasar Stasiun Majalaya,0.8,22.9,28.3,18.8
2025-06-23,Pasar Stasiun Majalaya,1.9,22.6,27.9,18.6
2025-06-24,Pasar Stasiun Majalaya,1.6,22.5,27.5,18.4
2025-06-25,Pasar Stasiun Majalaya,2.6,22.2,28.3,18.5
2025-06-26,Pasar Stasiun Majalaya,0.0,23.1,28.4,19.5
2025-06-27,Pasar Stasiun Majalaya,0.1,22.4,28.5,16.5
2025-06-28,Pasar Stasiun Majalaya,9.8,22.2,26.8,19.2
2025-06-29,Pasar Stasiun Majalaya,2.5,22.0,26.9,18.1
2025-06-30,Pasar Stasiun Majalaya,2.9,22.6,27.8,18.7
2025-07-01,Pasar Stasiun Majalaya,10.2,22.4,26.5,19.9
2025-07-02,Pasar Stasiun Majalaya,4.2,22.3,29.0,17.7
2025-07-03,Pasar Stasiun Majalaya,2.4,22.4,27.0,19.2
2025-07-04,Pasar Stasiun Majalaya,3.4,22.2,28.1,18.0
2025-07-05,Pasar Stasiun Majalaya,19.1,22.2,28.1,18.8
2025-07-06,Pasar Stasiun Majalaya,5.6,22.1,27.9,19.3
2025-07-07,Pasar Stasiun Majalaya,1.0,21.9,27.8,17.8
2025-07-08,Pasar Stasiun Majalaya,0.6,23.1,28.7,19.0
2025-07-09,Pasar Stasiun Majalaya,0.0,21.8,26.7,17.6
2025-07-10,Pasar Stasiun Majalaya,0.0,21.2,27.9,15.8
2025-07-11,Pasar Stasiun Majalaya,2.2,21.3,27.2,15.8
2025-07-12,Pasar Stasiun Majalaya,0.0,22.3,28.6,17.5
2025-07-13,Pasar Stasiun Majalaya,0.6,22.8,27.9,18.4
2025-07-14,Pasar Stasiun Majalaya,2.2,22.5,27.5,19.3
2025-07-15,Pasar Stasiun Majalaya,0.9,22.0,27.9,16.3
2025-07-16,Pasar Stasiun Majalaya,0.5,22.8,28.3,18.3
2025-07-17,Pasar Stasiun Majalaya,0.0,22.5,28.3,18.6
2025-07-18,Pasar Stasiun Majalaya,0.0,21.9,28.3,16.9
2025-07-19,Pasar Stasiun Majalaya,0.0,22.1,28.2,16.5
2025-07-20,Pasar Stasiun Majalaya,0.1,21.7,29.0,15.9
2025-07-21,Pasar Stasiun Majalaya,0.0,21.6,28.5,16.4
2025-07-22,Pasar Stasiun Majalaya,0.0,21.3,28.8,15.4
2025-07-23,Pasar Stasiun Majalaya,0.1,22.3,29.4,15.9
2025-07-24,Pasar Stasiun Majalaya,0.4,22.5,30.0,16.2
2025-07-25,Pasar Stasiun Majalaya,0.2,23.2,29.4,18.3
2025-07-26,Pasar Stasiun Majalaya,0.4,23.5,29.5,18.5
2025-07-27,Pasar Stasiun Majalaya,2.8,22.8,28.1,19.6
2025-07-28,Pasar Stasiun Majalaya,1.4,22.6,27.8,18.8
2025-07-29,Pasar Stasiun Majalaya,0.0,22.8,26.0,20.3
2025-07-30,Pasar Stasiun Majalaya,0.5,23.1,27.6,20.3
2025-07-31,Pasar Stasiun Majalaya,1.1,23.3,28.6,18.9
2025-08-01,Pasar Stasiun Majalaya,0.5,23.4,29.7,18.3
2025-08-02,Pasar Stasiun Majalaya,0.0,23.2,30.5,17.1
2025-08-03,Pasar Stasiun Majalaya,4.1,23.0,30.2,18.5
2025-08-04,Pasar Stasiun Majalaya,10.5,22.3,28.2,18.8
2025-08-05,Pasar Stasiun Majalaya,6.6,22.6,28.8,18.9
2025-08-06,Pasar Stasiun Majalaya,1.4,22.8,29.9,18.7
2025-08-07,Pasar Stasiun Majalaya,0.8,23.4,30.0,18.0
2025-08-08,Pasar Stasiun Majalaya,0.2,23.6,29.5,19.7
2025-08-09,Pasar Stasiun Majalaya,4.8,22.5,28.0,19.0
2025-08-10,Pasar Stasiun Majalaya,0.4,23.0,29.8,18.0
2025-08-11,Pasar Stasiun Majalaya,12.5,22.1,29.0,18.5
2025-08-12,Pasar Stasiun Majalaya,1.1,21.7,25.7,19.1
2025-08-13,Pasar Stasiun Majalaya,11.7,21.7,27.8,17.6
2025-08-14,Pasar Stasiun Majalaya,13.0,21.3,26.1,18.5
2025-08-15,Pasar Stasiun Majalaya,0.8,21.3,28.0,16.5
2025-08-16,Pasar Stasiun Majalaya,2.1,22.3,29.0,17.0
2025-08-17,Pasar Stasiun Majalaya,0.4,22.8,28.7,17.0
2025-08-18,Pasar Stasiun Majalaya,0.7,22.9,28.3,18.1
2025-08-19,Pasar Stasiun Majalaya,5.1,22.1,26.6,19.6
2025-08-20,Pasar Stasiun Majalaya,4.8,22.5,27.9,19.5
2025-08-21,Pasar Stasiun Majalaya,4.8,22.3,27.0,19.3
2025-08-22,Pasar Stasiun Majalaya,1.0,22.4,28.2,18.1
2025-08-23,Pasar Stasiun Majalaya,1.1,23.1,28.6,17.2
2025-08-24,Pasar Stasiun Majalaya,1.3,23.6,28.5,19.5
2025-08-25,Pasar Stasiun Majalaya,0.6,23.1,28.6,19.0
2025-08-26,Pasar Stasiun Majalaya,0.0,21.7,28.2,16.8
2025-08-27,Pasar Stasiun Majalaya,0.0,21.5,28.2,15.0
2025-08-28,Pasar Stasiun Majalaya,0.0,22.4,27.8,19.0
2025-08-29,Pasar Stasiun Majalaya,6.2,22.4,29.1,18.2
2025-08-30,Pasar Stasiun Majalaya,2.4,23.2,28.3,19.5
2025-08-31,Pasar Stasiun Majalaya,12.7,22.4,27.7,19.8
2025-09-01,Pasar Stasiun Majalaya,2.0,23.9,30.2,19.0
2025-09-02,Pasar Stasiun Majalaya,0.3,23.8,29.8,19.9
2025-09-03,Pasar Stasiun Majalaya,0.0,23.8,30.8,18.4
2025-09-04,Pasar Stasiun Majalaya,0.0,24.0,31.8,18.2
2025-09-05,Pasar Stasiun Majalaya,3.8,22.7,28.8,18.7
2025-09-06,Pasar Stasiun Majalaya,0.0,22.5,28.3,18.3
2025-09-07,Pasar Stasiun Majalaya,0.0,22.1,29.5,16.7
2025-09-08,Pasar Stasiun Majalaya,9.9,22.4,28.8,18.7
2025-09-09,Pasar Stasiun Majalaya,11.3,22.1,28.9,18.3
2025-09-10,Pasar Stasiun Majalaya,13.6,22.6,28.2,19.0
2025-09-11,Pasar Stasiun Majalaya,18.6,22.3,26.0,20.2
2025-09-12,Pasar Stasiun Majalaya,5.9,22.6,28.7,19.7
2025-09-13,Pasar Stasiun Majalaya,0.4,23.0,28.9,17.8
2025-09-14,Pasar Stasiun Majalaya,0.0,22.7,29.3,17.7
2025-09-15,Pasar Stasiun Majalaya,0.0,22.3,29.4,17.0
2025-09-16,Pasar Stasiun Majalaya,2.0,22.7,28.7,17.7
2025-09-17,Pasar Stasiun Majalaya,7.7,22.6,28.5,19.4
2025-09-18,Pasar Stasiun Majalaya,1.2,22.8,27.9,19.6
2025-09-19,Pasar Stasiun Majalaya,6.1,23.3,28.6,20.4
2025-09-20,Pasar Stasiun Majalaya,3.4,22.4,26.9,18.8
2025-09-21,Pasar Stasiun Majalaya,6.1,22.9,29.2,18.8
2025-09-22,Pasar Stasiun Majalaya,0.0,23.4,30.7,18.0
2025-09-23,Pasar Stasiun Majalaya,0.1,23.3,30.8,16.7
2025-09-24,Pasar Stasiun Majalaya,0.5,23.7,31.3,18.1
2025-09-25,Pasar Stasiun Majalaya,1.5,23.6,30.4,18.0
2025-09-26,Pasar Stasiun Majalaya,2.0,23.6,28.9,18.6
2025-09-27,Pasar Stasiun Majalaya,3.0,23.9,30.2,18.8
2025-09-28,Pasar Stasiun Majalaya,2.3,23.9,29.7,19.2
2025-09-29,Pasar Stasiun Majalaya,15.9,22.8,29.0,19.6
2025-09-30,Pasar Stasiun Majalaya,6.4,23.5,29.3,20.1
2025-10-01,Pasar Stasiun Majalaya,9.2,22.8,29.0,18.7
2025-10-02,Pasar Stasiun Majalaya,6.9,22.5,27.9,19.5
2025-10-03,Pasar Stasiun Majalaya,0.0,24.3,30.8,18.8
2025-10-04,Pasar Stasiun Majalaya,0.0,24.6,31.7,18.6
2025-10-05,Pasar Stasiun Majalaya,0.5,23.6,30.2,18.6
2025-10-06,Pasar Stasiun Majalaya,1.4,23.9,30.3,18.6
2025-10-07,Pasar Stasiun Majalaya,0.0,24.2,30.7,19.0
2025-10-08,Pasar Stasiun Majalaya,0.2,23.5,29.3,19.0
2025-10-09,Pasar Stasiun Majalaya,0.2,23.3,31.4,16.9
2025-10-10,Pasar Stasiun Majalaya,2.2,23.7,29.3,19.0
2025-10-11,Pasar Stasiun Majalaya,5.1,22.9,28.9,18.8
2025-10-12,Pasar Stasiun Majalaya,0.4,24.2,30.5,19.0
2025-10-13,Pasar Stasiun Majalaya,5.9,23.7,29.9,19.5
2025-10-14,Pasar Stasiun Majalaya,0.1,24.8,31.0,19.6
2025-10-15,Pasar Stasiun Majalaya,0.8,24.7,31.0,19.7
2025-10-16,Pasar Stasiun Majalaya,0.4,24.7,31.1,19.9
2025-10-17,Pasar Stasiun Majalaya,0.3,24.8,31.4,19.9
2025-10-18,Pasar Stasiun Majalaya,2.5,24.8,30.3,19.8
2025-10-19,Pasar Stasiun Majalaya,1.2,24.5,29.5,21.2
2025-10-20,Pasar Stasiun Majalaya,2.5,24.6,30.7,20.3
2025-10-21,Pasar Stasiun Majalaya,14.2,24.1,30.5,20.9
2025-10-22,Pasar Stasiun Majalaya,17.9,23.3,28.7,20.8
2025-10-23,Pasar Stasiun Majalaya,4.3,22.7,27.1,20.4
2025-10-24,Pasar Stasiun Majalaya,9.9,22.2,26.3,20.3
2025-10-25,Pasar Stasiun Majalaya,0.5,23.0,29.2,19.8
2025-10-26,Pasar Stasiun Majalaya,7.7,22.1,29.1,19.0
2025-10-27,Pasar Stasiun Majalaya,25.3,23.1,29.5,19.5
2025-10-28,Pasar Stasiun Majalaya,2.7,22.4,26.3,19.6
2025-10-29,Pasar Stasiun Majalaya,18.5,22.6,27.9,19.6
2025-10-30,Pasar Stasiun Majalaya,15.2,22.6,28.5,19.8
2025-10-31,Pasar Stasiun Majalaya,7.8,23.0,29.9,18.9
2025-11-01,Pasar Stasiun Majalaya,11.2,23.6,29.9,20.1
2025-11-02,Pasar Stasiun Majalaya,7.3,23.6,28.8,20.2
2025-11-03,Pasar Stasiun Majalaya,5.4,23.3,29.3,20.9
2025-11-04,Pasar Stasiun Majalaya,2.4,23.8,29.0,20.8
2025-11-05,Pasar Stasiun Majalaya,1.7,23.2,27.2,20.3
2025-11-06,Pasar Stasiun Majalaya,16.9,23.5,28.0,20.6
2025-11-07,Pasar Stasiun Majalaya,4.1,24.1,30.1,20.1
2025-11-08,Pasar Stasiun Majalaya,29.4,23.1,28.0,21.0
2025-11-09,Pasar Stasiun Majalaya,5.4,23.6,28.6,20.0
2025-11-10,Pasar Stasiun Majalaya,9.6,23.6,28.9,19.9
2025-11-11,Pasar Stasiun Majalaya,23.5,22.5,26.4,21.2
2025-11-12,Pasar Stasiun Majalaya,7.5,22.6,25.9,20.2
2025-11-13,Pasar Stasiun Majalaya,20.9,22.8,26.2,20.6
2025-11-14,Pasar Stasiun Majalaya,6.9,22.2,25.5,20.3
2025-11-15,Pasar Stasiun Majalaya,13.7,23.7,29.1,20.0
2025-11-16,Pasar Stasiun Majalaya,20.2,22.9,28.2,20.6
2025-11-17,Pasar Stasiun Majalaya,3.8,22.8,25.5,20.9
2025-11-18,Pasar Stasiun Majalaya,24.2,22.9,27.1,20.6
2025-11-19,Pasar Stasiun Majalaya,5.0,23.0,27.8,19.8
2025-11-20,Pasar Stasiun Majalaya,25.4,22.9,27.8,20.7
2025-11-21,Pasar Stasiun Majalaya,7.1,23.7,29.3,20.4
2025-11-22,Pasar Stasiun Majalaya,20.9,22.9,29.2,19.9
2025-11-23,Pasar Stasiun Majalaya,17.0,22.4,27.7,19.7
2025-11-24,Pasar Stasiun Majalaya,0.0,24.0,30.0,20.2
2025-11-25,Pasar Stasiun Majalaya,0.0,24.0,30.0,19.2
2025-11-26,Pasar Stasiun Majalaya,0.5,24.0,30.1,19.6
2025-11-27,Pasar Stasiun Majalaya,1.0,23.4,29.2,19.9
2025-11-28,Pasar Stasiun Majalaya,0.0,23.6,29.9,18.6
2025-11-29,Pasar Stasiun Majalaya,1.9,23.2,29.4,18.9
2025-11-30,Pasar Stasiun Majalaya,4.3,22.8,28.4,19.3
2025-12-01,Pasar Stasiun Majalaya,11.5,22.6,28.9,19.3
2025-12-02,Pasar Stasiun Majalaya,14.3,23.3,29.7,20.2
2025-12-03,Pasar Stasiun Majalaya,10.5,23.3,28.9,20.6
2025-12-04,Pasar Stasiun Majalaya,20.1,22.2,27.1,20.2
2025-12-05,Pasar Stasiun Majalaya,6.2,22.8,30.5,19.5
2025-12-06,Pasar Stasiun Majalaya,4.0,22.6,27.3,19.1
2025-12-07,Pasar Stasiun Majalaya,3.0,23.5,28.3,19.8
2025-12-08,Pasar Stasiun Majalaya,5.2,22.2,27.3,19.7
2025-12-09,Pasar Stasiun Majalaya,2.2,22.4,26.7,19.6
2025-12-10,Pasar Stasiun Majalaya,2.1,23.1,28.4,19.8
2025-12-11,Pasar Stasiun Majalaya,1.3,23.7,30.1,20.3
2025-12-12,Pasar Stasiun Majalaya,0.4,23.9,30.4,19.0
2025-12-13,Pasar Stasiun Majalaya,1.5,24.3,29.3,20.0
2025-12-14,Pasar Stasiun Majalaya,3.2,23.3,26.1,20.5
2025-12-15,Pasar Stasiun Majalaya,0.2,24.4,29.5,20.4
2025-12-16,Pasar Stasiun Majalaya,0.5,24.0,30.4,20.1
2025-12-17,Pasar Stasiun Majalaya,5.3,23.0,28.4,20.2
2025-12-18,Pasar Stasiun Majalaya,6.8,23.3,27.2,20.1
2025-12-19,Pasar Stasiun Majalaya,4.8,23.2,27.6,20.8
2025-12-20,Pasar Stasiun Majalaya,12.2,22.6,26.3,20.3
2025-12-21,Pasar Stasiun Majalaya,16.5,23.1,27.6,19.9
2025-12-22,Pasar Stasiun Majalaya,2.7,23.1,27.1,20.6
2025-12-23,Pasar Stasiun Majalaya,13.5,23.4,28.6,19.5
2025-12-24,Pasar Stasiun Majalaya,1.1,24.0,28.0,20.3
2025-12-25,Pasar Stasiun Majalaya,2.9,24.0,29.5,20.1
2025-12-26,Pasar Stasiun Majalaya,12.2,23.5,28.1,21.2
2025-12-27,Pasar Stasiun Majalaya,1.2,23.7,27.4,21.0
2025-12-28,Pasar Stasiun Majalaya,10.9,23.7,29.1,20.2
2025-12-29,Pasar Stasiun Majalaya,7.8,23.2,28.8,19.5
2025-12-30,Pasar Stasiun Majalaya,10.9,22.7,27.5,20.0
2025-12-31,Pasar Stasiun Majalaya,21.1,21.9,24.5,20.1
2026-01-01,Pasar Stasiun Majalaya,5.4,22.7,28.1,19.8
2026-01-02,Pasar Stasiun Majalaya,5.0,22.9,28.1,19.8
2026-01-03,Pasar Stasiun Majalaya,18.6,21.7,24.3,20.5
2026-01-04,Pasar Stasiun Majalaya,4.2,22.8,26.9,19.7
2026-01-05,Pasar Stasiun Majalaya,2.2,23.8,28.8,20.5
2026-01-06,Pasar Stasiun Majalaya,3.2,23.6,29.2,19.6
2026-01-07,Pasar Stasiun Majalaya,1.4,23.3,27.3,20.9
2026-01-08,Pasar Stasiun Majalaya,1.0,23.0,27.8,19.8
2026-01-09,Pasar Stasiun Majalaya,7.1,22.9,28.6,19.6
2026-01-10,Pasar Stasiun Majalaya,5.3,21.8,24.4,19.6
2026-01-11,Pasar Stasiun Majalaya,4.4,21.2,23.6,19.7
2026-01-12,Pasar Stasiun Majalaya,3.5,20.7,23.7,18.8
2026-01-13,Pasar Stasiun Majalaya,4.6,22.0,25.5,19.1
2026-01-14,Pasar Stasiun Majalaya,1.2,22.2,25.8,20.1
2026-01-15,Pasar Stasiun Majalaya,23.3,21.3,23.0,20.1
2026-01-16,Pasar Stasiun Majalaya,0.7,23.0,27.4,19.4
2026-01-17,Pasar Stasiun Majalaya,4.2,22.4,26.9,19.9
2026-01-18,Pasar Stasiun Majalaya,9.3,21.7,24.5,20.0
2026-01-19,Pasar Stasiun Majalaya,0.6,22.6,27.6,19.3
2026-01-20,Pasar Stasiun Majalaya,5.1,22.4,26.9,19.6
2026-01-21,Pasar Stasiun Majalaya,8.9,21.2,24.1,19.9
2026-01-22,Pasar Stasiun Majalaya,15.0,21.0,23.5,19.3
2026-01-23,Pasar Stasiun Majalaya,37.0,21.7,24.5,20.2
2026-01-24,Pasar Stasiun Majalaya,4.9,21.8,25.3,19.9
2026-01-25,Pasar Stasiun Majalaya,1.0,22.6,26.9,19.5
2026-01-26,Pasar Stasiun Majalaya,5.5,22.7,27.3,20.0
2026-01-27,Pasar Stasiun Majalaya,1.6,22.5,26.0,20.4
2026-01-28,Pasar Stasiun Majalaya,75.2,21.7,24.1,20.3
2026-01-29,Pasar Stasiun Majalaya,25.0,21.6,24.9,20.7
2026-01-30,Pasar Stasiun Majalaya,3.1,22.5,26.6,20.4
2026-01-31,Pasar Stasiun Majalaya,6.6,22.6,27.7,19.8
2026-02-01,Pasar Stasiun Majalaya,3.5,22.1,25.6,18.9
2026-02-02,Pasar Stasiun Majalaya,9.7,22.0,26.7,18.8
2026-02-03,Pasar Stasiun Majalaya,5.5,22.2,26.4,19.3
2026-02-04,Pasar Stasiun Majalaya,3.6,22.4,26.8,19.6
2026-02-05,Pasar Stasiun Majalaya,8.2,22.8,27.5,20.2
2026-02-06,Pasar Stasiun Majalaya,1.0,22.7,26.7,20.2
2026-02-07,Pasar Stasiun Majalaya,4.1,22.3,26.2,19.0
2026-02-08,Pasar Stasiun Majalaya,0.4,22.5,25.2,19.4
2026-02-09,Pasar Stasiun Majalaya,7.5,21.8,26.7,19.2
2026-02-10,Pasar Stasiun Majalaya,5.1,22.0,26.2,18.3
2026-02-11,Pasar Stasiun Majalaya,2.7,23.1,28.9,20.2
2026-02-12,Pasar Stasiun Majalaya,20.4,22.5,27.7,19.7
2026-02-13,Pasar Stasiun Majalaya,4.3,22.5,26.5,19.8
2026-02-14,Pasar Stasiun Majalaya,7.2,23.4,28.5,20.3
2026-02-15,Pasar Stasiun Majalaya,13.6,22.7,26.4,20.5
2026-02-16,Pasar Stasiun Majalaya,13.0,22.4,26.2,20.4
2026-02-17,Pasar Stasiun Majalaya,1.3,23.1,27.0,20.4
2026-02-18,Pasar Stasiun Majalaya,3.5,22.0,24.1,20.1
2026-02-19,Pasar Stasiun Majalaya,26.9,21.7,25.3,19.8
2026-02-20,Pasar Stasiun Majalaya,5.0,22.1,25.6,20.1
2026-02-21,Pasar Stasiun Majalaya,6.0,22.7,26.8,20.0
2026-02-22,Pasar Stasiun Majalaya,16.9,22.3,26.1,20.4
2026-02-23,Pasar Stasiun Majalaya,15.4,21.6,24.4,20.3
2026-02-24,Pasar Stasiun Majalaya,0.9,22.4,26.8,19.5
2026-02-25,Pasar Stasiun Majalaya,0.2,23.6,27.8,19.9
2026-02-26,Pasar Stasiun Majalaya,0.5,23.2,26.3,20.9
2026-02-27,Pasar Stasiun Majalaya,2.1,22.4,25.8,20.3
2026-02-28,Pasar Stasiun Majalaya,2.4,22.5,27.2,20.2
2026-03-01,Pasar Stasiun Majalaya,5.2,23.1,29.0,19.7
2026-03-02,Pasar Stasiun Majalaya,19.0,22.9,27.9,19.9
2026-03-03,Pasar Stasiun Majalaya,11.4,22.4,25.3,20.1
2026-03-04,Pasar Stasiun Majalaya,3.3,22.5,26.4,20.1
2026-03-05,Pasar Stasiun Majalaya,2.0,23.0,27.3,20.9
2026-03-06,Pasar Stasiun Majalaya,6.0,22.2,25.3,19.6
2026-03-07,Pasar Stasiun Majalaya,9.4,22.0,26.7,19.7
2026-03-08,Pasar Stasiun Majalaya,10.3,21.9,25.7,19.5
2026-03-09,Pasar Stasiun Majalaya,3.2,22.9,28.2,19.4
2026-03-10,Pasar Stasiun Majalaya,2.0,23.4,30.2,19.1
2026-03-11,Pasar Stasiun Majalaya,0.2,23.5,29.4,20.0
2026-03-12,Pasar Stasiun Majalaya,0.6,23.6,30.3,19.5
2026-03-13,Pasar Stasiun Majalaya,0.9,23.1,30.3,17.8
2026-03-14,Pasar Stasiun Majalaya,3.9,22.5,29.5,16.9
2026-03-15,Pasar Stasiun Majalaya,0.0,23.9,29.3,18.8
2026-03-16,Pasar Stasiun Majalaya,0.1,24.0,29.5,18.9
2026-03-17,Pasar Stasiun Majalaya,0.3,24.4,30.4,19.8
2026-03-18,Pasar Stasiun Majalaya,0.7,23.4,29.3,20.1
2026-03-19,Pasar Stasiun Majalaya,0.6,23.3,30.4,18.9
2026-03-20,Pasar Stasiun Majalaya,1.7,23.6,29.0,19.0
2026-03-21,Pasar Stasiun Majalaya,4.2,23.9,30.2,19.6
2026-03-22,Pasar Stasiun Majalaya,1.3,23.6,28.5,19.2
2026-03-23,Pasar Stasiun Majalaya,0.4,23.7,29.6,18.1
2026-03-24,Pasar Stasiun Majalaya,0.5,23.6,29.0,19.3
2026-03-25,Pasar Stasiun Majalaya,2.1,23.4,27.8,19.8
2026-03-26,Pasar Stasiun Majalaya,3.3,22.8,27.2,20.2
2026-03-27,Pasar Stasiun Majalaya,7.4,22.5,27.7,19.8
2026-03-28,Pasar Stasiun Majalaya,18.7,22.5,26.7,19.8
2026-03-29,Pasar Stasiun Majalaya,3.8,23.2,29.2,19.8
2026-03-30,Pasar Stasiun Majalaya,14.3,22.6,27.9,18.9
2026-03-31,Pasar Stasiun Majalaya,0.9,23.2,28.3,20.0
2026-04-01,Pasar Stasiun Majalaya,26.4,22.5,28.3,18.6
2026-04-02,Pasar Stasiun Majalaya,19.9,22.6,26.4,19.4
2026-04-03,Pasar Stasiun Majalaya,2.0,23.5,29.7,20.0
2026-04-04,Pasar Stasiun Majalaya,4.1,23.4,29.7,19.7
2026-04-05,Pasar Stasiun Majalaya,4.0,23.4,28.8,19.1
2026-04-06,Pasar Stasiun Majalaya,8.6,22.8,29.1,19.3
2026-04-07,Pasar Stasiun Majalaya,2.1,23.2,29.4,18.9
2026-04-08,Pasar Stasiun Majalaya,15.0,23.3,28.2,19.5
2026-04-09,Pasar Stasiun Majalaya,10.6,22.5,27.3,19.5
2026-04-10,Pasar Stasiun Majalaya,2.8,23.2,28.0,20.4
2026-04-11,Pasar Stasiun Majalaya,11.8,23.2,29.5,19.4
2026-04-12,Pasar Stasiun Majalaya,10.4,23.2,28.2,20.6
2026-04-13,Pasar Stasiun Majalaya,1.1,23.7,30.0,19.4
2026-04-14,Pasar Stasiun Majalaya,8.5,23.3,29.7,20.1
2026-04-15,Pasar Stasiun Majalaya,24.9,22.9,28.1,20.1
2026-04-16,Pasar Stasiun Majalaya,3.9,23.6,29.4,19.8
2026-04-17,Pasar Stasiun Majalaya,8.3,22.9,28.3,19.8
2026-04-18,Pasar Stasiun Majalaya,1.3,23.1,28.3,18.7
2026-04-19,Pasar Stasiun Majalaya,2.5,23.1,29.0,18.8
2026-04-20,Pasar Stasiun Majalaya,3.0,23.6,29.2,18.5
2026-04-21,Pasar Stasiun Majalaya,4.1,23.8,29.2,19.3
2026-04-22,Pasar Stasiun Majalaya,6.2,23.6,28.2,21.1
2026-04-23,Pasar Stasiun Majalaya,2.4,24.1,29.0,20.3
2026-04-24,Pasar Stasiun Majalaya,2.2,23.6,28.2,18.4
2026-04-25,Pasar Stasiun Majalaya,1.8,23.8,29.5,19.4
2026-04-26,Pasar Stasiun Majalaya,3.5,24.1,29.4,20.3
2026-04-27,Pasar Stasiun Majalaya,5.3,23.9,30.2,19.6
2026-04-28,Pasar Stasiun Majalaya,0.6,23.8,28.6,19.6
2026-04-29,Pasar Stasiun Majalaya,2.0,24.3,29.4,19.8
2026-04-30,Pasar Stasiun Majalaya,10.5,23.6,30.5,20.1
2026-05-01,Pasar Stasiun Majalaya,10.7,23.5,29.4,20.4
2026-05-02,Pasar Stasiun Majalaya,9.3,22.7,27.5,19.0
2026-05-03,Pasar Stasiun Majalaya,7.8,23.1,28.5,19.1
2026-05-04,Pasar Stasiun Majalaya,9.5,22.8,28.1,19.6
2026-05-05,Pasar Stasiun Majalaya,3.6,23.0,28.8,19.7
2026-05-06,Pasar Stasiun Majalaya,0.1,24.0,30.0,19.4
2026-05-07,Pasar Stasiun Majalaya,0.7,24.0,28.4,21.2
2026-05-08,Pasar Stasiun Majalaya,1.7,24.0,29.9,19.2
2026-05-09,Pasar Stasiun Majalaya,1.2,23.8,29.8,18.1
2026-05-10,Pasar Stasiun Majalaya,0.4,24.1,29.8,19.5
2026-05-11,Pasar Stasiun Majalaya,2.1,23.8,29.6,19.4
2026-05-12,Pasar Stasiun Majalaya,0.6,24.1,30.0,20.1
2026-05-13,Pasar Stasiun Majalaya,0.2,24.1,30.5,18.9
2026-05-14,Pasar Stasiun Majalaya,1.4,23.7,30.4,18.9
2026-05-15,Pasar Stasiun Majalaya,6.5,23.6,30.5,19.2
2026-05-16,Pasar Stasiun Majalaya,5.4,23.6,29.0,20.4
2026-05-17,Pasar Stasiun Majalaya,0.1,23.7,29.1,19.7
2026-05-18,Pasar Stasiun Majalaya,0.1,24.0,31.4,17.8
2026-05-19,Pasar Stasiun Majalaya,3.1,24.1,29.7,20.1
2026-05-20,Pasar Stasiun Majalaya,7.9,23.5,28.7,19.5
2026-05-21,Pasar Stasiun Majalaya,2.8,23.9,30.5,20.0
2026-05-22,Pasar Stasiun Majalaya,3.7,23.5,29.0,19.9
2026-05-23,Pasar Stasiun Majalaya,15.7,23.0,27.9,20.5
2026-05-24,Pasar Stasiun Majalaya,15.9,22.6,28.2,19.7
2026-05-25,Pasar Stasiun Majalaya,0.6,23.0,26.9,19.0
2026-05-26,Pasar Stasiun Majalaya,0.5,23.9,29.9,19.0
2026-05-27,Pasar Stasiun Majalaya,0.0,23.5,29.5,20.0
2026-05-28,Pasar Stasiun Majalaya,0.1,23.4,29.8,18.0
2026-05-29,Pasar Stasiun Majalaya,0.0,23.6,30.0,18.4
2026-05-30,Pasar Stasiun Majalaya,0.0,23.8,29.0,19.6
2026-05-31,Pasar Stasiun Majalaya,0.1,23.6,29.7,19.2
2026-06-01,Pasar Stasiun Majalaya,1.2,23.7,30.5,18.4
2026-06-02,Pasar Stasiun Majalaya,1.0,24.0,29.5,19.3
2026-06-03,Pasar Stasiun Majalaya,0.7,24.1,29.6,20.5
2026-06-04,Pasar Stasiun Majalaya,2.5,23.7,29.3,19.6
2026-06-05,Pasar Stasiun Majalaya,0.3,24.3,30.0,20.5
2026-06-06,Pasar Stasiun Majalaya,0.0,24.1,30.3,18.6
2026-06-07,Pasar Stasiun Majalaya,0.0,23.3,29.2,18.8
2026-06-08,Pasar Stasiun Majalaya,0.0,22.5,29.0,17.4
2026-06-09,Pasar Stasiun Majalaya,0.0,22.6,29.0,17.6
2026-06-10,Pasar Stasiun Majalaya,0.0,22.1,29.1,15.7
2026-06-11,Pasar Stasiun Majalaya,0.6,23.2,29.7,18.1
2026-06-12,Pasar Stasiun Majalaya,0.0,23.3,29.3,18.5
2026-06-13,Pasar Stasiun Majalaya,2.5,22.5,25.7,19.7
2026-06-14,Pasar Stasiun Majalaya,0.1,23.6,28.1,20.2
2026-06-15,Pasar Stasiun Majalaya,1.8,23.5,29.0,18.8
2026-06-16,Pasar Stasiun Majalaya,0.0,23.1,28.9,18.8
2026-06-17,Pasar Stasiun Majalaya,0.0,23.0,29.3,18.7
2026-06-18,Pasar Stasiun Majalaya,0.0,22.9,29.3,18.2
2026-06-19,Pasar Stasiun Majalaya,0.1,23.2,30.2,16.7
2026-06-20,Pasar Stasiun Majalaya,0.5,23.7,30.1,18.8
2026-06-21,Pasar Stasiun Majalaya,0.8,23.6,30.0,18.2
2026-06-22,Pasar Stasiun Majalaya,0.0,24.2,30.3,19.4
2026-06-23,Pasar Stasiun Majalaya,3.9,23.2,27.5,20.9
2026-06-24,Pasar Stasiun Majalaya,0.0,23.6,29.5,19.3
2026-06-25,Pasar Stasiun Majalaya,2.5,22.8,28.4,18.5
2026-06-26,Pasar Stasiun Majalaya,0.1,23.3,30.4,17.9
2026-06-27,Pasar Stasiun Majalaya,0.8,23.9,29.4,19.1
2026-06-28,Pasar Stasiun Majalaya,0.1,23.5,29.6,18.9
2026-06-29,Pasar Stasiun Majalaya,0.0,22.3,30.0,16.6
2026-06-30,Pasar Stasiun Majalaya,0.0,21.7,29.4,15.4
2026-07-01,Pasar Stasiun Majalaya,0.0,22.4,29.3,15.5
2026-07-02,Pasar Stasiun Majalaya,0.0,23.2,29.9,18.5
2026-07-03,Pasar Stasiun Majalaya,0.4,23.4,30.7,17.7
2026-07-04,Pasar Stasiun Majalaya,1.3,23.4,30.4,17.9
2026-07-05,Pasar Stasiun Majalaya,0.0,23.5,30.7,18.4
2026-07-06,Pasar Stasiun Majalaya,0.0,23.5,29.9,18.4
2026-07-07,Pasar Stasiun Majalaya,0.0,22.1,28.5,17.2
2026-07-08,Pasar Stasiun Majalaya,0.0,21.5,28.4,16.4
2026-07-09,Pasar Stasiun Majalaya,0.0,21.2,27.7,14.1
2026-07-10,Pasar Stasiun Majalaya,0.0,21.1,28.2,14.9
2026-07-11,Pasar Stasiun Majalaya,0.0,22.1,28.5,15.6
2026-07-12,Pasar Stasiun Majalaya,0.0,22.0,28.9,15.1
2026-07-13,Pasar Stasiun Majalaya,0.0,22.7,29.5,17.0
2026-07-14,Pasar Stasiun Majalaya,0.0,23.1,30.3,17.2
2026-07-15,Pasar Stasiun Majalaya,0.0,23.2,31.0,17.0
2026-07-16,Pasar Stasiun Majalaya,0.0,23.9,31.3,19.3
2026-07-17,Pasar Stasiun Majalaya,0.5,23.9,30.6,17.9
2026-07-18,Pasar Stasiun Majalaya,0.0,22.9,30.5,17.0
2026-07-19,Pasar Stasiun Majalaya,0.0,22.8,30.6,16.8
2026-07-20,Pasar Stasiun Majalaya,0.1,22.9,29.8,16.9
2026-07-21,Pasar Stasiun Majalaya,0.3,22.9,29.5,17.8
2026-07-22,Pasar Stasiun Majalaya,0.0,22.0,28.2,16.5
2026-07-23,Pasar Stasiun Majalaya,0.0,21.8,27.7,17.9
2026-07-24,Pasar Stasiun Majalaya,0.0,21.0,27.9,16.2
2026-07-25,Pasar Stasiun Majalaya,0.0,20.8,26.9,16.3
2026-07-26,Pasar Stasiun Majalaya,0.0,21.2,29.5,13.1
2026-07-27,Pasar Stasiun Majalaya,0.0,22.0,29.7,14.8
2026-07-28,Pasar Stasiun Majalaya,0.0,22.6,31.1,15.5
2026-07-29,Pasar Stasiun Majalaya,0.0,23.3,30.6,18.1
2026-07-30,Pasar Stasiun Majalaya,1.7,23.9,31.9,18.1
2026-07-31,Pasar Stasiun Majalaya,0.0,23.9,31.3,18.1
2026-08-01,Pasar Stasiun Majalaya,0.7,24.1,31.6,17.7
2026-08-02,Pasar Stasiun Majalaya,2.6,24.0,30.5,18.5
2026-08-03,Pasar Stasiun Majalaya,0.7,24.2,31.4,18.4
2026-08-04,Pasar Stasiun Majalaya,0.5,24.3,31.7,17.9
2026-08-05,Pasar Stasiun Majalaya,0.0,24.1,31.5,17.2
2026-08-06,Pasar Stasiun Majalaya,0.0,24.2,31.7,17.6
2026-08-07,Pasar Stasiun Majalaya,0.0,24.4,31.8,18.1
2026-08-08,Pasar Stasiun Majalaya,0.0,24.3,32.3,18.9
2026-08-09,Pasar Stasiun Majalaya,0.0,23.0,31.8,14.5
2026-08-10,Pasar Stasiun Majalaya,0.0,23.5,31.7,17.1
2026-08-11,Pasar Stasiun Majalaya,0.0,24.2,31.4,18.3
2026-08-12,Pasar Stasiun Majalaya,0.0,23.7,31.3,16.8
2026-08-13,Pasar Stasiun Majalaya,0.0,24.2,32.1,16.7
2026-08-14,Pasar Stasiun Majalaya,0.7,24.7,32.8,18.9
2026-08-15,Pasar Stasiun Majalaya,1.2,24.3,31.2,19.4
2026-08-16,Pasar Stasiun Majalaya,0.6,24.9,32.0,18.9
2026-08-17,Pasar Stasiun Majalaya,1.5,24.6,30.9,20.3
2026-08-18,Pasar Stasiun Majalaya,0.0,24.9,32.1,19.3
2026-08-19,Pasar Stasiun Majalaya,1.7,25.0,30.9,20.4
2026-08-20,Pasar Stasiun Majalaya,0.3,24.7,31.1,19.8
2026-08-21,Pasar Stasiun Majalaya,0.0,24.5,31.9,18.9
2026-08-22,Pasar Stasiun Majalaya,0.1,24.5,32.1,17.1
2024-08-22,Pasar Baru Majalaya,0.1,25.1,32.2,18.7
2024-08-23,Pasar Baru Majalaya,0.0,24.4,31.3,18.2
2024-08-24,Pasar Baru Majalaya,0.0,22.4,30.1,16.0
2024-08-25,Pasar Baru Majalaya,0.0,22.6,30.4,16.4
2024-08-26,Pasar Baru Majalaya,0.0,23.3,31.0,17.4
2024-08-27,Pasar Baru Majalaya,0.0,22.3,29.5,17.3
2024-08-28,Pasar Baru Majalaya,0.0,22.7,30.3,14.8
2024-08-29,Pasar Baru Majalaya,0.0,22.8,29.0,18.1
2024-08-30,Pasar Baru Majalaya,0.0,22.8,30.0,16.7
2024-08-31,Pasar Baru Majalaya,0.8,23.8,31.9,15.9
2024-09-01,Pasar Baru Majalaya,0.5,24.6,31.4,18.8
2024-09-02,Pasar Baru Majalaya,0.0,25.0,32.9,19.0
2024-09-03,Pasar Baru Majalaya,0.0,23.5,31.2,17.1
2024-09-04,Pasar Baru Majalaya,0.2,24.1,32.1,17.2
2024-09-05,Pasar Baru Majalaya,3.0,23.7,30.3,18.8
2024-09-06,Pasar Baru Majalaya,0.0,24.1,30.5,20.0
2024-09-07,Pasar Baru Majalaya,0.0,23.4,30.1,18.2
2024-09-08,Pasar Baru Majalaya,2.8,24.1,31.5,19.5
2024-09-09,Pasar Baru Majalaya,28.5,22.9,30.1,18.9
2024-09-10,Pasar Baru Majalaya,22.5,22.4,28.0,18.9
2024-09-11,Pasar Baru Majalaya,20.3,22.9,28.6,19.8
2024-09-12,Pasar Baru Majalaya,0.0,23.0,28.4,18.6
2024-09-13,Pasar Baru Majalaya,0.0,21.3,27.4,16.3
2024-09-14,Pasar Baru Majalaya,0.0,20.9,27.8,15.3
2024-09-15,Pasar Baru Majalaya,0.0,21.2,27.8,15.3
2024-09-16,Pasar Baru Majalaya,0.0,20.6,27.6,14.0
2024-09-17,Pasar Baru Majalaya,0.0,20.8,27.7,14.3
2024-09-18,Pasar Baru Majalaya,0.0,20.6,28.4,13.4
2024-09-19,Pasar Baru Majalaya,0.0,21.3,29.8,13.0
2024-09-20,Pasar Baru Majalaya,0.0,23.0,30.0,15.3
2024-09-21,Pasar Baru Majalaya,0.1,24.4,30.9,17.8
2024-09-22,Pasar Baru Majalaya,0.8,24.7,30.2,19.2
2024-09-23,Pasar Baru Majalaya,2.4,24.4,29.7,20.9
2024-09-24,Pasar Baru Majalaya,17.0,22.5,27.0,19.8
2024-09-25,Pasar Baru Majalaya,2.0,22.7,29.4,18.5
2024-09-26,Pasar Baru Majalaya,3.1,22.6,29.0,18.9
2024-09-27,Pasar Baru Majalaya,1.7,23.3,29.4,18.6
2024-09-28,Pasar Baru Majalaya,0.9,23.8,30.0,19.0
2024-09-29,Pasar Baru Majalaya,2.0,23.3,29.9,19.2
2024-09-30,Pasar Baru Majalaya,0.1,24.0,30.5,18.4
2024-10-01,Pasar Baru Majalaya,2.8,23.6,30.0,18.6
2024-10-02,Pasar Baru Majalaya,1.3,23.8,29.3,19.9
2024-10-03,Pasar Baru Majalaya,1.7,23.1,29.8,18.7
2024-10-04,Pasar Baru Majalaya,2.0,23.3,29.4,18.7
2024-10-05,Pasar Baru Majalaya,2.3,22.7,29.3,17.4
2024-10-06,Pasar Baru Majalaya,1.2,23.1,29.6,18.0
2024-10-07,Pasar Baru Majalaya,0.0,24.1,30.6,19.0
2024-10-08,Pasar Baru Majalaya,0.1,23.7,29.9,18.8
2024-10-09,Pasar Baru Majalaya,0.3,24.0,30.2,19.0
2024-10-10,Pasar Baru Majalaya,5.7,23.4,31.2,18.3
2024-10-11,Pasar Baru Majalaya,0.1,24.3,30.1,19.5
2024-10-12,Pasar Baru Majalaya,1.0,24.6,30.8,19.4
2024-10-13,Pasar Baru Majalaya,0.2,24.9,31.4,19.4
2024-10-14,Pasar Baru Majalaya,0.6,24.7,30.9,19.5
2024-10-15,Pasar Baru Majalaya,0.0,24.1,30.5,19.1
2024-10-16,Pasar Baru Majalaya,0.0,22.7,30.7,15.8
2024-10-17,Pasar Baru Majalaya,0.0,22.3,29.7,15.3
2024-10-18,Pasar Baru Majalaya,0.0,23.6,31.0,16.2
2024-10-19,Pasar Baru Majalaya,0.1,24.6,30.6,18.5
2024-10-20,Pasar Baru Majalaya,0.0,24.6,30.9,19.5
2024-10-21,Pasar Baru Majalaya,0.1,24.5,31.7,18.1
2024-10-22,Pasar Baru Majalaya,4.4,23.8,30.7,19.2
2024-10-23,Pasar Baru Majalaya,3.3,24.2,30.7,20.0
2024-10-24,Pasar Baru Majalaya,0.0,24.5,30.4,19.3
2024-10-25,Pasar Baru Majalaya,0.1,24.8,31.5,19.4
2024-10-26,Pasar Baru Majalaya,1.4,24.2,31.0,18.2
2024-10-27,Pasar Baru Majalaya,6.9,23.3,30.4,19.1
2024-10-28,Pasar Baru Majalaya,1.0,23.7,31.1,18.8
2024-10-29,Pasar Baru Majalaya,0.0,24.5,31.4,18.6
2024-10-30,Pasar Baru Majalaya,0.3,24.3,31.1,18.0
2024-10-31,Pasar Baru Majalaya,1.9,24.2,30.2,18.6
2024-11-01,Pasar Baru Majalaya,7.8,23.7,30.2,19.8
2024-11-02,Pasar Baru Majalaya,10.4,23.7,30.5,20.1
2024-11-03,Pasar Baru Majalaya,12.9,22.5,29.0,19.8
2024-11-04,Pasar Baru Majalaya,7.3,22.6,27.4,19.7
2024-11-05,Pasar Baru Majalaya,24.2,22.7,29.2,18.9
2024-11-06,Pasar Baru Majalaya,6.7,22.6,27.9,19.2
2024-11-07,Pasar Baru Majalaya,2.7,23.2,29.3,19.6
2024-11-08,Pasar Baru Majalaya,1.4,23.8,29.4,19.4
2024-11-09,Pasar Baru Majalaya,14.4,22.8,29.3,19.0
2024-11-10,Pasar Baru Majalaya,3.4,23.2,28.6,19.6
2024-11-11,Pasar Baru Majalaya,12.4,22.8,28.6,20.0
2024-11-12,Pasar Baru Majalaya,9.3,23.0,28.7,19.2
2024-11-13,Pasar Baru Majalaya,2.4,23.8,29.6,19.7
2024-11-14,Pasar Baru Majalaya,1.7,24.0,29.0,19.7
2024-11-15,Pasar Baru Majalaya,3.8,23.9,29.7,20.0
2024-11-16,Pasar Baru Majalaya,12.2,23.6,29.1,20.5
2024-11-17,Pasar Baru Majalaya,15.0,23.6,29.9,20.6
2024-11-18,Pasar Baru Majalaya,21.2,23.6,29.1,20.4
2024-11-19,Pasar Baru Majalaya,11.0,23.4,29.4,20.3
2024-11-20,Pasar Baru Majalaya,29.6,23.5,30.9,19.9
2024-11-21,Pasar Baru Majalaya,19.0,23.5,29.5,20.1
2024-11-22,Pasar Baru Majalaya,24.4,23.2,29.1,20.3
2024-11-23,Pasar Baru Majalaya,14.9,23.1,29.2,20.2
2024-11-24,Pasar Baru Majalaya,17.3,23.1,29.6,20.7
2024-11-25,Pasar Baru Majalaya,11.2,23.8,29.5,20.9
2024-11-26,Pasar Baru Majalaya,2.0,23.7,29.0,20.1
2024-11-27,Pasar Baru Majalaya,12.8,23.5,30.3,21.1
2024-11-28,Pasar Baru Majalaya,3.9,23.5,28.0,21.2
2024-11-29,Pasar Baru Majalaya,1.0,24.1,28.2,21.1
2024-11-30,Pasar Baru Majalaya,12.6,23.8,29.7,20.5
2024-12-01,Pasar Baru Majalaya,12.5,23.9,30.0,21.2
2024-12-02,Pasar Baru Majalaya,10.7,22.9,28.1,20.3
2024-12-03,Pasar Baru Majalaya,34.6,22.1,24.5,20.7
2024-12-04,Pasar Baru Majalaya,5.2,22.5,25.9,20.5
2024-12-05,Pasar Baru Majalaya,15.6,23.4,27.2,20.8
2024-12-06,Pasar Baru Majalaya,12.0,23.3,27.8,21.2
2024-12-07,Pasar Baru Majalaya,17.6,23.8,28.3,20.9
2024-12-08,Pasar Baru Majalaya,7.0,23.9,27.4,20.7
2024-12-09,Pasar Baru Majalaya,1.6,23.2,26.6,21.0
2024-12-10,Pasar Baru Majalaya,2.0,23.5,27.6,21.1
2024-12-11,Pasar Baru Majalaya,17.2,23.6,28.3,21.3
2024-12-12,Pasar Baru Majalaya,0.3,24.5,29.2,21.3
2024-12-13,Pasar Baru Majalaya,4.1,24.2,29.6,20.8
2024-12-14,Pasar Baru Majalaya,4.3,23.1,26.4,21.4
2024-12-15,Pasar Baru Majalaya,11.1,23.0,28.1,20.9
2024-12-16,Pasar Baru Majalaya,3.5,23.3,28.6,20.8
2024-12-17,Pasar Baru Majalaya,6.8,23.4,27.3,20.2
2024-12-18,Pasar Baru Majalaya,11.9,22.8,25.9,20.6
2024-12-19,Pasar Baru Majalaya,2.0,23.8,28.7,20.4
2024-12-20,Pasar Baru Majalaya,4.8,23.4,28.5,20.7
2024-12-21,Pasar Baru Majalaya,4.5,23.8,29.1,20.5
2024-12-22,Pasar Baru Majalaya,10.5,23.4,27.7,20.2
2024-12-23,Pasar Baru Majalaya,18.9,22.9,26.6,20.5
2024-12-24,Pasar Baru Majalaya,12.6,22.4,26.1,20.6
2024-12-25,Pasar Baru Majalaya,7.8,23.2,28.3,20.7
2024-12-26,Pasar Baru Majalaya,0.2,23.8,27.5,20.6
2024-12-27,Pasar Baru Majalaya,2.2,23.9,27.9,21.5
2024-12-28,Pasar Baru Majalaya,0.2,23.9,27.2,20.4
2024-12-29,Pasar Baru Majalaya,0.2,23.8,27.5,21.2
2024-12-30,Pasar Baru Majalaya,1.6,22.8,27.3,21.1
2024-12-31,Pasar Baru Majalaya,0.4,23.3,27.3,20.5
2025-01-01,Pasar Baru Majalaya,8.5,23.1,29.5,20.5
2025-01-02,Pasar Baru Majalaya,0.5,24.0,29.4,19.9
2025-01-03,Pasar Baru Majalaya,2.3,24.3,29.8,20.0
2025-01-04,Pasar Baru Majalaya,7.8,22.7,28.6,18.7
2025-01-05,Pasar Baru Majalaya,6.7,22.6,26.3,19.9
2025-01-06,Pasar Baru Majalaya,5.4,23.3,29.4,19.5
2025-01-07,Pasar Baru Majalaya,11.4,23.0,28.2,20.1
2025-01-08,Pasar Baru Majalaya,1.3,22.5,26.8,19.9
2025-01-09,Pasar Baru Majalaya,11.3,21.8,24.6,19.6
2025-01-10,Pasar Baru Majalaya,9.1,23.4,28.4,20.6
2025-01-11,Pasar Baru Majalaya,13.9,22.8,28.4,19.5
2025-01-12,Pasar Baru Majalaya,2.8,23.2,27.2,20.6
2025-01-13,Pasar Baru Majalaya,5.7,23.2,29.1,20.6
2025-01-14,Pasar Baru Majalaya,8.2,22.6,27.3,20.4
2025-01-15,Pasar Baru Majalaya,8.8,23.3,28.6,20.3
2025-01-16,Pasar Baru Majalaya,6.3,23.2,27.5,20.8
2025-01-17,Pasar Baru Majalaya,5.6,23.0,27.5,20.6
2025-01-18,Pasar Baru Majalaya,6.4,22.4,25.8,20.2
2025-01-19,Pasar Baru Majalaya,2.3,23.0,27.8,20.5
2025-01-20,Pasar Baru Majalaya,12.4,22.0,26.1,20.3
2025-01-21,Pasar Baru Majalaya,12.0,22.5,26.9,20.4
2025-01-22,Pasar Baru Majalaya,5.9,23.1,28.1,20.7
2025-01-23,Pasar Baru Majalaya,4.6,23.2,28.5,20.1
2025-01-24,Pasar Baru Majalaya,18.2,22.9,27.1,20.8
2025-01-25,Pasar Baru Majalaya,3.7,23.1,28.1,19.6
2025-01-26,Pasar Baru Majalaya,13.0,23.2,28.5,20.1
2025-01-27,Pasar Baru Majalaya,1.3,23.5,28.3,20.1
2025-01-28,Pasar Baru Majalaya,10.7,22.9,28.1,20.2
2025-01-29,Pasar Baru Majalaya,6.5,22.1,25.1,20.7
2025-01-30,Pasar Baru Majalaya,1.3,21.7,24.5,20.2
2025-01-31,Pasar Baru Majalaya,1.7,23.0,27.3,20.5
2025-02-01,Pasar Baru Majalaya,1.8,23.2,27.0,20.6
2025-02-02,Pasar Baru Majalaya,1.9,23.6,27.9,21.1
2025-02-03,Pasar Baru Majalaya,0.3,23.8,28.2,20.3
2025-02-04,Pasar Baru Majalaya,0.2,23.6,27.9,20.6
2025-02-05,Pasar Baru Majalaya,4.9,23.1,26.6,20.2
2025-02-06,Pasar Baru Majalaya,3.3,22.5,26.0,20.4
2025-02-07,Pasar Baru Majalaya,9.1,22.8,27.0,20.4
2025-02-08,Pasar Baru Majalaya,9.8,22.3,27.5,19.5
2025-02-09,Pasar Baru Majalaya,3.1,22.6,27.7,18.8
2025-02-10,Pasar Baru Majalaya,1.4,22.7,26.6,20.0
2025-02-11,Pasar Baru Majalaya,0.0,23.0,27.9,18.8
2025-02-12,Pasar Baru Majalaya,0.6,23.0,30.2,17.4
2025-02-13,Pasar Baru Majalaya,2.7,22.9,28.1,18.7
2025-02-14,Pasar Baru Majalaya,7.5,23.3,28.7,20.2
2025-02-15,Pasar Baru Majalaya,3.1,23.1,28.3,20.3
2025-02-16,Pasar Baru Majalaya,3.7,23.1,28.4,19.3
2025-02-17,Pasar Baru Majalaya,11.3,22.6,26.8,20.0
2025-02-18,Pasar Baru Majalaya,14.1,22.5,27.8,20.1
2025-02-19,Pasar Baru Majalaya,8.8,22.1,26.4,19.5
2025-02-20,Pasar Baru Majalaya,0.7,23.3,28.4,18.5
2025-02-21,Pasar Baru Majalaya,9.2,22.9,28.2,19.3
2025-02-22,Pasar Baru Majalaya,6.2,23.4,27.2,20.8
2025-02-23,Pasar Baru Majalaya,16.3,22.6,25.7,20.3
2025-02-24,Pasar Baru Majalaya,19.6,22.8,28.0,20.6
2025-02-25,Pasar Baru Majalaya,15.1,22.8,29.0,20.1
2025-02-26,Pasar Baru Majalaya,9.6,22.4,27.2,20.4
2025-02-27,Pasar Baru Majalaya,15.8,22.4,28.5,18.6
2025-02-28,Pasar Baru Majalaya,7.3,23.0,28.0,20.2
2025-03-01,Pasar Baru Majalaya,3.8,23.6,29.2,20.3
2025-03-02,Pasar Baru Majalaya,15.2,23.1,29.2,19.1
2025-03-03,Pasar Baru Majalaya,14.5,22.9,27.7,19.7
2025-03-04,Pasar Baru Majalaya,8.8,23.0,27.7,20.1
2025-03-05,Pasar Baru Majalaya,0.1,23.8,28.9,19.2
2025-03-06,Pasar Baru Majalaya,8.4,23.0,28.8,19.1
2025-03-07,Pasar Baru Majalaya,8.1,23.0,29.0,19.7
2025-03-08,Pasar Baru Majalaya,2.8,23.4,29.3,20.6
2025-03-09,Pasar Baru Majalaya,14.4,22.5,27.7,19.5
2025-03-10,Pasar Baru Majalaya,5.7,22.8,27.9,18.8
2025-03-11,Pasar Baru Majalaya,2.8,23.9,29.0,20.2
2025-03-12,Pasar Baru Majalaya,5.3,23.4,27.9,20.1
2025-03-13,Pasar Baru Majalaya,13.4,23.7,28.7,20.8
2025-03-14,Pasar Baru Majalaya,21.8,23.2,28.4,21.1
2025-03-15,Pasar Baru Majalaya,24.8,22.5,27.8,20.4
2025-03-16,Pasar Baru Majalaya,4.0,22.7,27.7,20.2
2025-03-17,Pasar Baru Majalaya,14.8,22.6,28.7,19.0
2025-03-18,Pasar Baru Majalaya,5.2,22.5,25.1,20.6
2025-03-19,Pasar Baru Majalaya,3.2,22.9,27.7,19.7
2025-03-20,Pasar Baru Majalaya,0.0,24.2,29.4,21.1
2025-03-21,Pasar Baru Majalaya,0.7,23.6,27.8,20.7
2025-03-22,Pasar Baru Majalaya,1.3,23.4,27.7,19.7
2025-03-23,Pasar Baru Majalaya,0.0,23.9,29.4,20.0
2025-03-24,Pasar Baru Majalaya,0.9,23.9,28.6,20.4
2025-03-25,Pasar Baru Majalaya,2.0,24.1,28.7,20.6
2025-03-26,Pasar Baru Majalaya,10.2,23.0,28.7,19.1
2025-03-27,Pasar Baru Majalaya,3.0,23.6,29.9,19.6
2025-03-28,Pasar Baru Majalaya,10.2,23.0,27.9,20.7
2025-03-29,Pasar Baru Majalaya,0.3,23.5,27.7,20.3
2025-03-30,Pasar Baru Majalaya,1.1,23.5,29.5,18.5
2025-03-31,Pasar Baru Majalaya,1.6,23.7,29.4,19.7
2025-04-01,Pasar Baru Majalaya,16.6,22.1,27.1,18.2
2025-04-02,Pasar Baru Majalaya,23.0,22.2,26.8,19.3
2025-04-03,Pasar Baru Majalaya,13.3,22.7,26.5,20.4
2025-04-04,Pasar Baru Majalaya,5.1,22.7,27.0,19.6
2025-04-05,Pasar Baru Majalaya,10.1,23.0,27.7,19.8
2025-04-06,Pasar Baru Majalaya,4.3,23.1,28.6,19.6
2025-04-07,Pasar Baru Majalaya,1.8,24.1,30.2,19.6
2025-04-08,Pasar Baru Majalaya,0.6,23.5,29.7,18.4
2025-04-09,Pasar Baru Majalaya,2.1,23.5,28.9,18.9
2025-04-10,Pasar Baru Majalaya,4.9,23.1,28.1,20.1
2025-04-11,Pasar Baru Majalaya,7.8,23.3,28.3,20.7
2025-04-12,Pasar Baru Majalaya,9.8,23.1,27.5,20.7
2025-04-13,Pasar Baru Majalaya,23.4,22.8,28.9,20.0
2025-04-14,Pasar Baru Majalaya,9.9,22.8,28.2,20.3
2025-04-15,Pasar Baru Majalaya,4.3,23.0,27.8,19.7
2025-04-16,Pasar Baru Majalaya,1.2,24.0,30.4,19.1
2025-04-17,Pasar Baru Majalaya,0.2,23.6,29.4,18.5
2025-04-18,Pasar Baru Majalaya,7.6,23.3,27.7,21.0
2025-04-19,Pasar Baru Majalaya,7.8,23.6,30.0,20.1
2025-04-20,Pasar Baru Majalaya,6.7,23.6,28.8,20.8
2025-04-21,Pasar Baru Majalaya,2.5,23.2,27.5,20.8
2025-04-22,Pasar Baru Majalaya,0.5,23.4,28.7,19.9
2025-04-23,Pasar Baru Majalaya,3.5,22.6,28.4,18.9
2025-04-24,Pasar Baru Majalaya,0.7,22.6,28.7,18.2
2025-04-25,Pasar Baru Majalaya,4.4,23.0,27.9,19.5
2025-04-26,Pasar Baru Majalaya,2.5,22.6,26.9,19.1
2025-04-27,Pasar Baru Majalaya,0.8,23.6,29.5,18.3
2025-04-28,Pasar Baru Majalaya,0.0,23.0,29.9,17.1
2025-04-29,Pasar Baru Majalaya,0.5,22.1,28.6,15.1
2025-04-30,Pasar Baru Majalaya,0.5,23.0,30.2,16.6
2025-05-01,Pasar Baru Majalaya,0.4,23.6,30.0,18.0
2025-05-02,Pasar Baru Majalaya,1.8,22.9,29.7,17.6
2025-05-03,Pasar Baru Majalaya,2.1,23.3,28.5,19.9
2025-05-04,Pasar Baru Majalaya,17.9,22.9,27.9,20.4
2025-05-05,Pasar Baru Majalaya,1.8,23.5,29.1,19.1
2025-05-06,Pasar Baru Majalaya,6.3,23.2,29.8,18.5
2025-05-07,Pasar Baru Majalaya,5.9,22.7,28.0,19.2
2025-05-08,Pasar Baru Majalaya,10.0,23.2,29.3,19.3
2025-05-09,Pasar Baru Majalaya,1.8,23.6,28.4,19.9
2025-05-10,Pasar Baru Majalaya,6.0,23.5,29.4,19.7
2025-05-11,Pasar Baru Majalaya,5.8,23.6,28.8,20.4
2025-05-12,Pasar Baru Majalaya,2.1,23.8,29.3,20.4
2025-05-13,Pasar Baru Majalaya,12.7,23.1,27.6,20.3
2025-05-14,Pasar Baru Majalaya,21.5,23.1,28.3,20.6
2025-05-15,Pasar Baru Majalaya,2.1,23.4,29.4,19.5
2025-05-16,Pasar Baru Majalaya,6.9,23.3,28.9,21.0
2025-05-17,Pasar Baru Majalaya,1.0,23.3,28.4,20.2
2025-05-18,Pasar Baru Majalaya,3.2,23.1,28.8,19.5
2025-05-19,Pasar Baru Majalaya,0.4,23.0,26.8,20.6
2025-05-20,Pasar Baru Majalaya,0.6,23.8,28.7,20.2
2025-05-21,Pasar Baru Majalaya,15.9,22.4,25.0,20.5
2025-05-22,Pasar Baru Majalaya,9.6,22.9,27.2,20.4
2025-05-23,Pasar Baru Majalaya,17.7,22.3,27.0,19.4
2025-05-24,Pasar Baru Majalaya,5.9,23.0,27.4,21.0
2025-05-25,Pasar Baru Majalaya,10.3,23.3,26.7,20.4
2025-05-26,Pasar Baru Majalaya,19.2,22.8,25.7,21.3
2025-05-27,Pasar Baru Majalaya,0.5,24.0,28.6,20.3
2025-05-28,Pasar Baru Majalaya,3.0,24.1,29.4,19.9
2025-05-29,Pasar Baru Majalaya,6.2,23.7,30.1,19.7
2025-05-30,Pasar Baru Majalaya,0.0,23.9,30.0,18.9
2025-05-31,Pasar Baru Majalaya,1.4,23.8,29.5,19.1
2025-06-01,Pasar Baru Majalaya,0.6,23.1,28.8,19.9
2025-06-02,Pasar Baru Majalaya,0.1,24.0,29.9,19.9
2025-06-03,Pasar Baru Majalaya,1.3,23.3,28.5,18.7
2025-06-04,Pasar Baru Majalaya,0.5,23.8,29.0,18.3
2025-06-05,Pasar Baru Majalaya,1.3,23.6,29.0,18.3
2025-06-06,Pasar Baru Majalaya,9.1,22.6,28.8,18.5
2025-06-07,Pasar Baru Majalaya,3.1,23.4,28.8,20.0
2025-06-08,Pasar Baru Majalaya,0.0,22.8,28.7,17.1
2025-06-09,Pasar Baru Majalaya,0.6,23.0,28.6,17.6
2025-06-10,Pasar Baru Majalaya,5.6,22.5,28.5,18.8
2025-06-11,Pasar Baru Majalaya,2.8,22.4,26.8,19.4
2025-06-12,Pasar Baru Majalaya,0.6,23.5,28.3,18.9
2025-06-13,Pasar Baru Majalaya,0.0,23.8,29.3,19.7
2025-06-14,Pasar Baru Majalaya,0.7,23.2,28.2,19.3
2025-06-15,Pasar Baru Majalaya,1.1,23.5,28.9,20.1
2025-06-16,Pasar Baru Majalaya,0.8,23.3,29.6,18.9
2025-06-17,Pasar Baru Majalaya,1.7,23.2,28.7,19.6
2025-06-18,Pasar Baru Majalaya,8.1,22.3,27.0,19.3
2025-06-19,Pasar Baru Majalaya,0.9,22.4,27.4,20.0
2025-06-20,Pasar Baru Majalaya,4.2,22.2,27.1,19.1
2025-06-21,Pasar Baru Majalaya,7.6,22.2,27.8,18.3
2025-06-22,Pasar Baru Majalaya,0.8,22.9,28.3,18.8
2025-06-23,Pasar Baru Majalaya,1.9,22.6,27.9,18.6
2025-06-24,Pasar Baru Majalaya,1.6,22.5,27.5,18.4
2025-06-25,Pasar Baru Majalaya,2.6,22.2,28.3,18.5
2025-06-26,Pasar Baru Majalaya,0.0,23.1,28.4,19.5
2025-06-27,Pasar Baru Majalaya,0.1,22.4,28.5,16.5
2025-06-28,Pasar Baru Majalaya,9.8,22.2,26.8,19.2
2025-06-29,Pasar Baru Majalaya,2.5,22.0,26.9,18.1
2025-06-30,Pasar Baru Majalaya,2.9,22.6,27.8,18.7
2025-07-01,Pasar Baru Majalaya,10.2,22.4,26.5,19.9
2025-07-02,Pasar Baru Majalaya,4.2,22.3,29.0,17.7
2025-07-03,Pasar Baru Majalaya,2.4,22.4,27.0,19.2
2025-07-04,Pasar Baru Majalaya,3.4,22.2,28.1,18.0
2025-07-05,Pasar Baru Majalaya,19.1,22.2,28.1,18.8
2025-07-06,Pasar Baru Majalaya,5.6,22.1,27.9,19.3
2025-07-07,Pasar Baru Majalaya,1.0,21.9,27.8,17.8
2025-07-08,Pasar Baru Majalaya,0.6,23.1,28.7,19.0
2025-07-09,Pasar Baru Majalaya,0.0,21.8,26.7,17.6
2025-07-10,Pasar Baru Majalaya,0.0,21.2,27.9,15.8
2025-07-11,Pasar Baru Majalaya,2.2,21.3,27.2,15.8
2025-07-12,Pasar Baru Majalaya,0.0,22.3,28.6,17.5
2025-07-13,Pasar Baru Majalaya,0.6,22.8,27.9,18.4
2025-07-14,Pasar Baru Majalaya,2.2,22.5,27.5,19.3
2025-07-15,Pasar Baru Majalaya,0.9,22.0,27.9,16.3
2025-07-16,Pasar Baru Majalaya,0.5,22.8,28.3,18.3
2025-07-17,Pasar Baru Majalaya,0.0,22.5,28.3,18.6
2025-07-18,Pasar Baru Majalaya,0.0,21.9,28.3,16.9
2025-07-19,Pasar Baru Majalaya,0.0,22.1,28.2,16.5
2025-07-20,Pasar Baru Majalaya,0.1,21.7,29.0,15.9
2025-07-21,Pasar Baru Majalaya,0.0,21.6,28.5,16.4
2025-07-22,Pasar Baru Majalaya,0.0,21.3,28.8,15.4
2025-07-23,Pasar Baru Majalaya,0.1,22.3,29.4,15.9
2025-07-24,Pasar Baru Majalaya,0.4,22.5,30.0,16.2
2025-07-25,Pasar Baru Majalaya,0.2,23.2,29.4,18.3
2025-07-26,Pasar Baru Majalaya,0.4,23.5,29.5,18.5
2025-07-27,Pasar Baru Majalaya,2.8,22.8,28.1,19.6
2025-07-28,Pasar Baru Majalaya,1.4,22.6,27.8,18.8
2025-07-29,Pasar Baru Majalaya,0.0,22.8,26.0,20.3
2025-07-30,Pasar Baru Majalaya,0.5,23.1,27.6,20.3
2025-07-31,Pasar Baru Majalaya,1.1,23.3,28.6,18.9
2025-08-01,Pasar Baru Majalaya,0.5,23.4,29.7,18.3
2025-08-02,Pasar Baru Majalaya,0.0,23.2,30.5,17.1
2025-08-03,Pasar Baru Majalaya,4.1,23.0,30.2,18.5
2025-08-04,Pasar Baru Majalaya,10.5,22.3,28.2,18.8
2025-08-05,Pasar Baru Majalaya,6.6,22.6,28.8,18.9
2025-08-06,Pasar Baru Majalaya,1.4,22.8,29.9,18.7
2025-08-07,Pasar Baru Majalaya,0.8,23.4,30.0,18.0
2025-08-08,Pasar Baru Majalaya,0.2,23.6,29.5,19.7
2025-08-09,Pasar Baru Majalaya,4.8,22.5,28.0,19.0
2025-08-10,Pasar Baru Majalaya,0.4,23.0,29.8,18.0
2025-08-11,Pasar Baru Majalaya,12.5,22.1,29.0,18.5
2025-08-12,Pasar Baru Majalaya,1.1,21.7,25.7,19.1
2025-08-13,Pasar Baru Majalaya,11.7,21.7,27.8,17.6
2025-08-14,Pasar Baru Majalaya,13.0,21.3,26.1,18.5
2025-08-15,Pasar Baru Majalaya,0.8,21.3,28.0,16.5
2025-08-16,Pasar Baru Majalaya,2.1,22.3,29.0,17.0
2025-08-17,Pasar Baru Majalaya,0.4,22.8,28.7,17.0
2025-08-18,Pasar Baru Majalaya,0.7,22.9,28.3,18.1
2025-08-19,Pasar Baru Majalaya,5.1,22.1,26.6,19.6
2025-08-20,Pasar Baru Majalaya,4.8,22.5,27.9,19.5
2025-08-21,Pasar Baru Majalaya,4.8,22.3,27.0,19.3
2025-08-22,Pasar Baru Majalaya,1.0,22.4,28.2,18.1
2025-08-23,Pasar Baru Majalaya,1.1,23.1,28.6,17.2
2025-08-24,Pasar Baru Majalaya,1.3,23.6,28.5,19.5
2025-08-25,Pasar Baru Majalaya,0.6,23.1,28.6,19.0
2025-08-26,Pasar Baru Majalaya,0.0,21.7,28.2,16.8
2025-08-27,Pasar Baru Majalaya,0.0,21.5,28.2,15.0
2025-08-28,Pasar Baru Majalaya,0.0,22.4,27.8,19.0
2025-08-29,Pasar Baru Majalaya,6.2,22.4,29.1,18.2
2025-08-30,Pasar Baru Majalaya,2.4,23.2,28.3,19.5
2025-08-31,Pasar Baru Majalaya,12.7,22.4,27.7,19.8
2025-09-01,Pasar Baru Majalaya,2.0,23.9,30.2,19.0
2025-09-02,Pasar Baru Majalaya,0.3,23.8,29.8,19.9
2025-09-03,Pasar Baru Majalaya,0.0,23.8,30.8,18.4
2025-09-04,Pasar Baru Majalaya,0.0,24.0,31.8,18.2
2025-09-05,Pasar Baru Majalaya,3.8,22.7,28.8,18.7
2025-09-06,Pasar Baru Majalaya,0.0,22.5,28.3,18.3
2025-09-07,Pasar Baru Majalaya,0.0,22.1,29.5,16.7
2025-09-08,Pasar Baru Majalaya,9.9,22.4,28.8,18.7
2025-09-09,Pasar Baru Majalaya,11.3,22.1,28.9,18.3
2025-09-10,Pasar Baru Majalaya,13.6,22.6,28.2,19.0
2025-09-11,Pasar Baru Majalaya,18.6,22.3,26.0,20.2
2025-09-12,Pasar Baru Majalaya,5.9,22.6,28.7,19.7
2025-09-13,Pasar Baru Majalaya,0.4,23.0,28.9,17.8
2025-09-14,Pasar Baru Majalaya,0.0,22.7,29.3,17.7
2025-09-15,Pasar Baru Majalaya,0.0,22.3,29.4,17.0
2025-09-16,Pasar Baru Majalaya,2.0,22.7,28.7,17.7
2025-09-17,Pasar Baru Majalaya,7.7,22.6,28.5,19.4
2025-09-18,Pasar Baru Majalaya,1.2,22.8,27.9,19.6
2025-09-19,Pasar Baru Majalaya,6.1,23.3,28.6,20.4
2025-09-20,Pasar Baru Majalaya,3.4,22.4,26.9,18.8
2025-09-21,Pasar Baru Majalaya,6.1,22.9,29.2,18.8
2025-09-22,Pasar Baru Majalaya,0.0,23.4,30.7,18.0
2025-09-23,Pasar Baru Majalaya,0.1,23.3,30.8,16.7
2025-09-24,Pasar Baru Majalaya,0.5,23.7,31.3,18.1
2025-09-25,Pasar Baru Majalaya,1.5,23.6,30.4,18.0
2025-09-26,Pasar Baru Majalaya,2.0,23.6,28.9,18.6
2025-09-27,Pasar Baru Majalaya,3.0,23.9,30.2,18.8
2025-09-28,Pasar Baru Majalaya,2.3,23.9,29.7,19.2
2025-09-29,Pasar Baru Majalaya,15.9,22.8,29.0,19.6
2025-09-30,Pasar Baru Majalaya,6.4,23.5,29.3,20.1
2025-10-01,Pasar Baru Majalaya,9.2,22.8,29.0,18.7
2025-10-02,Pasar Baru Majalaya,6.9,22.5,27.9,19.5
2025-10-03,Pasar Baru Majalaya,0.0,24.3,30.8,18.8
2025-10-04,Pasar Baru Majalaya,0.0,24.6,31.7,18.6
2025-10-05,Pasar Baru Majalaya,0.5,23.6,30.2,18.6
2025-10-06,Pasar Baru Majalaya,1.4,23.9,30.3,18.6
2025-10-07,Pasar Baru Majalaya,0.0,24.2,30.7,19.0
2025-10-08,Pasar Baru Majalaya,0.2,23.5,29.3,19.0
2025-10-09,Pasar Baru Majalaya,0.2,23.3,31.4,16.9
2025-10-10,Pasar Baru Majalaya,2.2,23.7,29.3,19.0
2025-10-11,Pasar Baru Majalaya,5.1,22.9,28.9,18.8
2025-10-12,Pasar Baru Majalaya,0.4,24.2,30.5,19.0
2025-10-13,Pasar Baru Majalaya,5.9,23.7,29.9,19.5
2025-10-14,Pasar Baru Majalaya,0.1,24.8,31.0,19.6
2025-10-15,Pasar Baru Majalaya,0.8,24.7,31.0,19.7
2025-10-16,Pasar Baru Majalaya,0.4,24.7,31.1,19.9
2025-10-17,Pasar Baru Majalaya,0.3,24.8,31.4,19.9
2025-10-18,Pasar Baru Majalaya,2.5,24.8,30.3,19.8
2025-10-19,Pasar Baru Majalaya,1.2,24.5,29.5,21.2
2025-10-20,Pasar Baru Majalaya,2.5,24.6,30.7,20.3
2025-10-21,Pasar Baru Majalaya,14.2,24.1,30.5,20.9
2025-10-22,Pasar Baru Majalaya,17.9,23.3,28.7,20.8
2025-10-23,Pasar Baru Majalaya,4.3,22.7,27.1,20.4
2025-10-24,Pasar Baru Majalaya,9.9,22.2,26.3,20.3
2025-10-25,Pasar Baru Majalaya,0.5,23.0,29.2,19.8
2025-10-26,Pasar Baru Majalaya,7.7,22.1,29.1,19.0
2025-10-27,Pasar Baru Majalaya,25.3,23.1,29.5,19.5
2025-10-28,Pasar Baru Majalaya,2.7,22.4,26.3,19.6
2025-10-29,Pasar Baru Majalaya,18.5,22.6,27.9,19.6
2025-10-30,Pasar Baru Majalaya,15.2,22.6,28.5,19.8
2025-10-31,Pasar Baru Majalaya,7.8,23.0,29.9,18.9
2025-11-01,Pasar Baru Majalaya,11.2,23.6,29.9,20.1
2025-11-02,Pasar Baru Majalaya,7.3,23.6,28.8,20.2
2025-11-03,Pasar Baru Majalaya,5.4,23.3,29.3,20.9
2025-11-04,Pasar Baru Majalaya,2.4,23.8,29.0,20.8
2025-11-05,Pasar Baru Majalaya,1.7,23.2,27.2,20.3
2025-11-06,Pasar Baru Majalaya,16.9,23.5,28.0,20.6
2025-11-07,Pasar Baru Majalaya,4.1,24.1,30.1,20.1
2025-11-08,Pasar Baru Majalaya,29.4,23.1,28.0,21.0
2025-11-09,Pasar Baru Majalaya,5.4,23.6,28.6,20.0
2025-11-10,Pasar Baru Majalaya,9.6,23.6,28.9,19.9
2025-11-11,Pasar Baru Majalaya,23.5,22.5,26.4,21.2
2025-11-12,Pasar Baru Majalaya,7.5,22.6,25.9,20.2
2025-11-13,Pasar Baru Majalaya,20.9,22.8,26.2,20.6
2025-11-14,Pasar Baru Majalaya,6.9,22.2,25.5,20.3
2025-11-15,Pasar Baru Majalaya,13.7,23.7,29.1,20.0
2025-11-16,Pasar Baru Majalaya,20.2,22.9,28.2,20.6
2025-11-17,Pasar Baru Majalaya,3.8,22.8,25.5,20.9
2025-11-18,Pasar Baru Majalaya,24.2,22.9,27.1,20.6
2025-11-19,Pasar Baru Majalaya,5.0,23.0,27.8,19.8
2025-11-20,Pasar Baru Majalaya,25.4,22.9,27.8,20.7
2025-11-21,Pasar Baru Majalaya,7.1,23.7,29.3,20.4
2025-11-22,Pasar Baru Majalaya,20.9,22.9,29.2,19.9
2025-11-23,Pasar Baru Majalaya,17.0,22.4,27.7,19.7
2025-11-24,Pasar Baru Majalaya,0.0,24.0,30.0,20.2
2025-11-25,Pasar Baru Majalaya,0.0,24.0,30.0,19.2
2025-11-26,Pasar Baru Majalaya,0.5,24.0,30.1,19.6
2025-11-27,Pasar Baru Majalaya,1.0,23.4,29.2,19.9
2025-11-28,Pasar Baru Majalaya,0.0,23.6,29.9,18.6
2025-11-29,Pasar Baru Majalaya,1.9,23.2,29.4,18.9
2025-11-30,Pasar Baru Majalaya,4.3,22.8,28.4,19.3
2025-12-01,Pasar Baru Majalaya,11.5,22.6,28.9,19.3
2025-12-02,Pasar Baru Majalaya,14.3,23.3,29.7,20.2
2025-12-03,Pasar Baru Majalaya,10.5,23.3,28.9,20.6
2025-12-04,Pasar Baru Majalaya,20.1,22.2,27.1,20.2
2025-12-05,Pasar Baru Majalaya,6.2,22.8,30.5,19.5
2025-12-06,Pasar Baru Majalaya,4.0,22.6,27.3,19.1
2025-12-07,Pasar Baru Majalaya,3.0,23.5,28.3,19.8
2025-12-08,Pasar Baru Majalaya,5.2,22.2,27.3,19.7
2025-12-09,Pasar Baru Majalaya,2.2,22.4,26.7,19.6
2025-12-10,Pasar Baru Majalaya,2.1,23.1,28.4,19.8
2025-12-11,Pasar Baru Majalaya,1.3,23.7,30.1,20.3
2025-12-12,Pasar Baru Majalaya,0.4,23.9,30.4,19.0
2025-12-13,Pasar Baru Majalaya,1.5,24.3,29.3,20.0
2025-12-14,Pasar Baru Majalaya,3.2,23.3,26.1,20.5
2025-12-15,Pasar Baru Majalaya,0.2,24.4,29.5,20.4
2025-12-16,Pasar Baru Majalaya,0.5,24.0,30.4,20.1
2025-12-17,Pasar Baru Majalaya,5.3,23.0,28.4,20.2
2025-12-18,Pasar Baru Majalaya,6.8,23.3,27.2,20.1
2025-12-19,Pasar Baru Majalaya,4.8,23.2,27.6,20.8
2025-12-20,Pasar Baru Majalaya,12.2,22.6,26.3,20.3
2025-12-21,Pasar Baru Majalaya,16.5,23.1,27.6,19.9
2025-12-22,Pasar Baru Majalaya,2.7,23.1,27.1,20.6
2025-12-23,Pasar Baru Majalaya,13.5,23.4,28.6,19.5
2025-12-24,Pasar Baru Majalaya,1.1,24.0,28.0,20.3
2025-12-25,Pasar Baru Majalaya,2.9,24.0,29.5,20.1
2025-12-26,Pasar Baru Majalaya,12.2,23.5,28.1,21.2
2025-12-27,Pasar Baru Majalaya,1.2,23.7,27.4,21.0
2025-12-28,Pasar Baru Majalaya,10.9,23.7,29.1,20.2
2025-12-29,Pasar Baru Majalaya,7.8,23.2,28.8,19.5
2025-12-30,Pasar Baru Majalaya,10.9,22.7,27.5,20.0
2025-12-31,Pasar Baru Majalaya,21.1,21.9,24.5,20.1
2026-01-01,Pasar Baru Majalaya,5.4,22.7,28.1,19.8
2026-01-02,Pasar Baru Majalaya,5.0,22.9,28.1,19.8
2026-01-03,Pasar Baru Majalaya,18.6,21.7,24.3,20.5
2026-01-04,Pasar Baru Majalaya,4.2,22.8,26.9,19.7
2026-01-05,Pasar Baru Majalaya,2.2,23.8,28.8,20.5
2026-01-06,Pasar Baru Majalaya,3.2,23.6,29.2,19.6
2026-01-07,Pasar Baru Majalaya,1.4,23.3,27.3,20.9
2026-01-08,Pasar Baru Majalaya,1.0,23.0,27.8,19.8
2026-01-09,Pasar Baru Majalaya,7.1,22.9,28.6,19.6
2026-01-10,Pasar Baru Majalaya,5.3,21.8,24.4,19.6
2026-01-11,Pasar Baru Majalaya,4.4,21.2,23.6,19.7
2026-01-12,Pasar Baru Majalaya,3.5,20.7,23.7,18.8
2026-01-13,Pasar Baru Majalaya,4.6,22.0,25.5,19.1
2026-01-14,Pasar Baru Majalaya,1.2,22.2,25.8,20.1
2026-01-15,Pasar Baru Majalaya,23.3,21.3,23.0,20.1
2026-01-16,Pasar Baru Majalaya,0.7,23.0,27.4,19.4
2026-01-17,Pasar Baru Majalaya,4.2,22.4,26.9,19.9
2026-01-18,Pasar Baru Majalaya,9.3,21.7,24.5,20.0
2026-01-19,Pasar Baru Majalaya,0.6,22.6,27.6,19.3
2026-01-20,Pasar Baru Majalaya,5.1,22.4,26.9,19.6
2026-01-21,Pasar Baru Majalaya,8.9,21.2,24.1,19.9
2026-01-22,Pasar Baru Majalaya,15.0,21.0,23.5,19.3
2026-01-23,Pasar Baru Majalaya,37.0,21.7,24.5,20.2
2026-01-24,Pasar Baru Majalaya,4.9,21.8,25.3,19.9
2026-01-25,Pasar Baru Majalaya,1.0,22.6,26.9,19.5
2026-01-26,Pasar Baru Majalaya,5.5,22.7,27.3,20.0
2026-01-27,Pasar Baru Majalaya,1.6,22.5,26.0,20.4
2026-01-28,Pasar Baru Majalaya,75.2,21.7,24.1,20.3
2026-01-29,Pasar Baru Majalaya,25.0,21.6,24.9,20.7
2026-01-30,Pasar Baru Majalaya,3.1,22.5,26.6,20.4
2026-01-31,Pasar Baru Majalaya,6.6,22.6,27.7,19.8
2026-02-01,Pasar Baru Majalaya,3.5,22.1,25.6,18.9
2026-02-02,Pasar Baru Majalaya,9.7,22.0,26.7,18.8
2026-02-03,Pasar Baru Majalaya,5.5,22.2,26.4,19.3
2026-02-04,Pasar Baru Majalaya,3.6,22.4,26.8,19.6
2026-02-05,Pasar Baru Majalaya,8.2,22.8,27.5,20.2
2026-02-06,Pasar Baru Majalaya,1.0,22.7,26.7,20.2
2026-02-07,Pasar Baru Majalaya,4.1,22.3,26.2,19.0
2026-02-08,Pasar Baru Majalaya,0.4,22.5,25.2,19.4
2026-02-09,Pasar Baru Majalaya,7.5,21.8,26.7,19.2
2026-02-10,Pasar Baru Majalaya,5.1,22.0,26.2,18.3
2026-02-11,Pasar Baru Majalaya,2.7,23.1,28.9,20.2
2026-02-12,Pasar Baru Majalaya,20.4,22.5,27.7,19.7
2026-02-13,Pasar Baru Majalaya,4.3,22.5,26.5,19.8
2026-02-14,Pasar Baru Majalaya,7.2,23.4,28.5,20.3
2026-02-15,Pasar Baru Majalaya,13.6,22.7,26.4,20.5
2026-02-16,Pasar Baru Majalaya,13.0,22.4,26.2,20.4
2026-02-17,Pasar Baru Majalaya,1.3,23.1,27.0,20.4
2026-02-18,Pasar Baru Majalaya,3.5,22.0,24.1,20.1
2026-02-19,Pasar Baru Majalaya,26.9,21.7,25.3,19.8
2026-02-20,Pasar Baru Majalaya,5.0,22.1,25.6,20.1
2026-02-21,Pasar Baru Majalaya,6.0,22.7,26.8,20.0
2026-02-22,Pasar Baru Majalaya,16.9,22.3,26.1,20.4
2026-02-23,Pasar Baru Majalaya,15.4,21.6,24.4,20.3
2026-02-24,Pasar Baru Majalaya,0.9,22.4,26.8,19.5
2026-02-25,Pasar Baru Majalaya,0.2,23.6,27.8,19.9
2026-02-26,Pasar Baru Majalaya,0.5,23.2,26.3,20.9
2026-02-27,Pasar Baru Majalaya,2.1,22.4,25.8,20.3
2026-02-28,Pasar Baru Majalaya,2.4,22.5,27.2,20.2
2026-03-01,Pasar Baru Majalaya,5.2,23.1,29.0,19.7
2026-03-02,Pasar Baru Majalaya,19.0,22.9,27.9,19.9
2026-03-03,Pasar Baru Majalaya,11.4,22.4,25.3,20.1
2026-03-04,Pasar Baru Majalaya,3.3,22.5,26.4,20.1
2026-03-05,Pasar Baru Majalaya,2.0,23.0,27.3,20.9
2026-03-06,Pasar Baru Majalaya,6.0,22.2,25.3,19.6
2026-03-07,Pasar Baru Majalaya,9.4,22.0,26.7,19.7
2026-03-08,Pasar Baru Majalaya,10.3,21.9,25.7,19.5
2026-03-09,Pasar Baru Majalaya,3.2,22.9,28.2,19.4
2026-03-10,Pasar Baru Majalaya,2.0,23.4,30.2,19.1
2026-03-11,Pasar Baru Majalaya,0.2,23.5,29.4,20.0
2026-03-12,Pasar Baru Majalaya,0.6,23.6,30.3,19.5
2026-03-13,Pasar Baru Majalaya,0.9,23.1,30.3,17.8
2026-03-14,Pasar Baru Majalaya,3.9,22.5,29.5,16.9
2026-03-15,Pasar Baru Majalaya,0.0,23.9,29.3,18.8
2026-03-16,Pasar Baru Majalaya,0.1,24.0,29.5,18.9
2026-03-17,Pasar Baru Majalaya,0.3,24.4,30.4,19.8
2026-03-18,Pasar Baru Majalaya,0.7,23.4,29.3,20.1
2026-03-19,Pasar Baru Majalaya,0.6,23.3,30.4,18.9
2026-03-20,Pasar Baru Majalaya,1.7,23.6,29.0,19.0
2026-03-21,Pasar Baru Majalaya,4.2,23.9,30.2,19.6
2026-03-22,Pasar Baru Majalaya,1.3,23.6,28.5,19.2
2026-03-23,Pasar Baru Majalaya,0.4,23.7,29.6,18.1
2026-03-24,Pasar Baru Majalaya,0.5,23.6,29.0,19.3
2026-03-25,Pasar Baru Majalaya,2.1,23.4,27.8,19.8
2026-03-26,Pasar Baru Majalaya,3.3,22.8,27.2,20.2
2026-03-27,Pasar Baru Majalaya,7.4,22.5,27.7,19.8
2026-03-28,Pasar Baru Majalaya,18.7,22.5,26.7,19.8
2026-03-29,Pasar Baru Majalaya,3.8,23.2,29.2,19.8
2026-03-30,Pasar Baru Majalaya,14.3,22.6,27.9,18.9
2026-03-31,Pasar Baru Majalaya,0.9,23.2,28.3,20.0
2026-04-01,Pasar Baru Majalaya,26.4,22.5,28.3,18.6
2026-04-02,Pasar Baru Majalaya,19.9,22.6,26.4,19.4
2026-04-03,Pasar Baru Majalaya,2.0,23.5,29.7,20.0
2026-04-04,Pasar Baru Majalaya,4.1,23.4,29.7,19.7
2026-04-05,Pasar Baru Majalaya,4.0,23.4,28.8,19.1
2026-04-06,Pasar Baru Majalaya,8.6,22.8,29.1,19.3
2026-04-07,Pasar Baru Majalaya,2.1,23.2,29.4,18.9
2026-04-08,Pasar Baru Majalaya,15.0,23.3,28.2,19.5
2026-04-09,Pasar Baru Majalaya,10.6,22.5,27.3,19.5
2026-04-10,Pasar Baru Majalaya,2.8,23.2,28.0,20.4
2026-04-11,Pasar Baru Majalaya,11.8,23.2,29.5,19.4
2026-04-12,Pasar Baru Majalaya,10.4,23.2,28.2,20.6
2026-04-13,Pasar Baru Majalaya,1.1,23.7,30.0,19.4
2026-04-14,Pasar Baru Majalaya,8.5,23.3,29.7,20.1
2026-04-15,Pasar Baru Majalaya,24.9,22.9,28.1,20.1
2026-04-16,Pasar Baru Majalaya,3.9,23.6,29.4,19.8
2026-04-17,Pasar Baru Majalaya,8.3,22.9,28.3,19.8
2026-04-18,Pasar Baru Majalaya,1.3,23.1,28.3,18.7
2026-04-19,Pasar Baru Majalaya,2.5,23.1,29.0,18.8
2026-04-20,Pasar Baru Majalaya,3.0,23.6,29.2,18.5
2026-04-21,Pasar Baru Majalaya,4.1,23.8,29.2,19.3
2026-04-22,Pasar Baru Majalaya,6.2,23.6,28.2,21.1
2026-04-23,Pasar Baru Majalaya,2.4,24.1,29.0,20.3
2026-04-24,Pasar Baru Majalaya,2.2,23.6,28.2,18.4
2026-04-25,Pasar Baru Majalaya,1.8,23.8,29.5,19.4
2026-04-26,Pasar Baru Majalaya,3.5,24.1,29.4,20.3
2026-04-27,Pasar Baru Majalaya,5.3,23.9,30.2,19.6
2026-04-28,Pasar Baru Majalaya,0.6,23.8,28.6,19.6
2026-04-29,Pasar Baru Majalaya,2.0,24.3,29.4,19.8
2026-04-30,Pasar Baru Majalaya,10.5,23.6,30.5,20.1
2026-05-01,Pasar Baru Majalaya,10.7,23.5,29.4,20.4
2026-05-02,Pasar Baru Majalaya,9.3,22.7,27.5,19.0
2026-05-03,Pasar Baru Majalaya,7.8,23.1,28.5,19.1
2026-05-04,Pasar Baru Majalaya,9.5,22.8,28.1,19.6
2026-05-05,Pasar Baru Majalaya,3.6,23.0,28.8,19.7
2026-05-06,Pasar Baru Majalaya,0.1,24.0,30.0,19.4
2026-05-07,Pasar Baru Majalaya,0.7,24.0,28.4,21.2
2026-05-08,Pasar Baru Majalaya,1.7,24.0,29.9,19.2
2026-05-09,Pasar Baru Majalaya,1.2,23.8,29.8,18.1
2026-05-10,Pasar Baru Majalaya,0.4,24.1,29.8,19.5
2026-05-11,Pasar Baru Majalaya,2.1,23.8,29.6,19.4
2026-05-12,Pasar Baru Majalaya,0.6,24.1,30.0,20.1
2026-05-13,Pasar Baru Majalaya,0.2,24.1,30.5,18.9
2026-05-14,Pasar Baru Majalaya,1.4,23.7,30.4,18.9
2026-05-15,Pasar Baru Majalaya,6.5,23.6,30.5,19.2
2026-05-16,Pasar Baru Majalaya,5.4,23.6,29.0,20.4
2026-05-17,Pasar Baru Majalaya,0.1,23.7,29.1,19.7
2026-05-18,Pasar Baru Majalaya,0.1,24.0,31.4,17.8
2026-05-19,Pasar Baru Majalaya,3.1,24.1,29.7,20.1
2026-05-20,Pasar Baru Majalaya,7.9,23.5,28.7,19.5
2026-05-21,Pasar Baru Majalaya,2.8,23.9,30.5,20.0
2026-05-22,Pasar Baru Majalaya,3.7,23.5,29.0,19.9
2026-05-23,Pasar Baru Majalaya,15.7,23.0,27.9,20.5
2026-05-24,Pasar Baru Majalaya,15.9,22.6,28.2,19.7
2026-05-25,Pasar Baru Majalaya,0.6,23.0,26.9,19.0
2026-05-26,Pasar Baru Majalaya,0.5,23.9,29.9,19.0
2026-05-27,Pasar Baru Majalaya,0.0,23.5,29.5,20.0
2026-05-28,Pasar Baru Majalaya,0.1,23.4,29.8,18.0
2026-05-29,Pasar Baru Majalaya,0.0,23.6,30.0,18.4
2026-05-30,Pasar Baru Majalaya,0.0,23.8,29.0,19.6
2026-05-31,Pasar Baru Majalaya,0.1,23.6,29.7,19.2
2026-06-01,Pasar Baru Majalaya,1.2,23.7,30.5,18.4
2026-06-02,Pasar Baru Majalaya,1.0,24.0,29.5,19.3
2026-06-03,Pasar Baru Majalaya,0.7,24.1,29.6,20.5
2026-06-04,Pasar Baru Majalaya,2.5,23.7,29.3,19.6
2026-06-05,Pasar Baru Majalaya,0.3,24.3,30.0,20.5
2026-06-06,Pasar Baru Majalaya,0.0,24.1,30.3,18.6
2026-06-07,Pasar Baru Majalaya,0.0,23.3,29.2,18.8
2026-06-08,Pasar Baru Majalaya,0.0,22.5,29.0,17.4
2026-06-09,Pasar Baru Majalaya,0.0,22.6,29.0,17.6
2026-06-10,Pasar Baru Majalaya,0.0,22.1,29.1,15.7
2026-06-11,Pasar Baru Majalaya,0.6,23.2,29.7,18.1
2026-06-12,Pasar Baru Majalaya,0.0,23.3,29.3,18.5
2026-06-13,Pasar Baru Majalaya,2.5,22.5,25.7,19.7
2026-06-14,Pasar Baru Majalaya,0.1,23.6,28.1,20.2
2026-06-15,Pasar Baru Majalaya,1.8,23.5,29.0,18.8
2026-06-16,Pasar Baru Majalaya,0.0,23.1,28.9,18.8
2026-06-17,Pasar Baru Majalaya,0.0,23.0,29.3,18.7
2026-06-18,Pasar Baru Majalaya,0.0,22.9,29.3,18.2
2026-06-19,Pasar Baru Majalaya,0.1,23.2,30.2,16.7
2026-06-20,Pasar Baru Majalaya,0.5,23.7,30.1,18.8
2026-06-21,Pasar Baru Majalaya,0.8,23.6,30.0,18.2
2026-06-22,Pasar Baru Majalaya,0.0,24.2,30.3,19.4
2026-06-23,Pasar Baru Majalaya,3.9,23.2,27.5,20.9
2026-06-24,Pasar Baru Majalaya,0.0,23.6,29.5,19.3
2026-06-25,Pasar Baru Majalaya,2.5,22.8,28.4,18.5
2026-06-26,Pasar Baru Majalaya,0.1,23.3,30.4,17.9
2026-06-27,Pasar Baru Majalaya,0.8,23.9,29.4,19.1
2026-06-28,Pasar Baru Majalaya,0.1,23.5,29.6,18.9
2026-06-29,Pasar Baru Majalaya,0.0,22.3,30.0,16.6
2026-06-30,Pasar Baru Majalaya,0.0,21.7,29.4,15.4
2026-07-01,Pasar Baru Majalaya,0.0,22.4,29.3,15.5
2026-07-02,Pasar Baru Majalaya,0.0,23.2,29.9,18.5
2026-07-03,Pasar Baru Majalaya,0.4,23.4,30.7,17.7
2026-07-04,Pasar Baru Majalaya,1.3,23.4,30.4,17.9
2026-07-05,Pasar Baru Majalaya,0.0,23.5,30.7,18.4
2026-07-06,Pasar Baru Majalaya,0.0,23.5,29.9,18.4
2026-07-07,Pasar Baru Majalaya,0.0,22.1,28.5,17.2
2026-07-08,Pasar Baru Majalaya,0.0,21.5,28.4,16.4
2026-07-09,Pasar Baru Majalaya,0.0,21.2,27.7,14.1
2026-07-10,Pasar Baru Majalaya,0.0,21.1,28.2,14.9
2026-07-11,Pasar Baru Majalaya,0.0,22.1,28.5,15.6
2026-07-12,Pasar Baru Majalaya,0.0,22.0,28.9,15.1
2026-07-13,Pasar Baru Majalaya,0.0,22.7,29.5,17.0
2026-07-14,Pasar Baru Majalaya,0.0,23.1,30.3,17.2
2026-07-15,Pasar Baru Majalaya,0.0,23.2,31.0,17.0
2026-07-16,Pasar Baru Majalaya,0.0,23.9,31.3,19.3
2026-07-17,Pasar Baru Majalaya,0.5,23.9,30.6,17.9
2026-07-18,Pasar Baru Majalaya,0.0,22.9,30.5,17.0
2026-07-19,Pasar Baru Majalaya,0.0,22.8,30.6,16.8
2026-07-20,Pasar Baru Majalaya,0.1,22.9,29.8,16.9
2026-07-21,Pasar Baru Majalaya,0.3,22.9,29.5,17.8
2026-07-22,Pasar Baru Majalaya,0.0,22.0,28.2,16.5
2026-07-23,Pasar Baru Majalaya,0.0,21.8,27.7,17.9
2026-07-24,Pasar Baru Majalaya,0.0,21.0,27.9,16.2
2026-07-25,Pasar Baru Majalaya,0.0,20.8,26.9,16.3
2026-07-26,Pasar Baru Majalaya,0.0,21.2,29.5,13.1
2026-07-27,Pasar Baru Majalaya,0.0,22.0,29.7,14.8
2026-07-28,Pasar Baru Majalaya,0.0,22.6,31.1,15.5
2026-07-29,Pasar Baru Majalaya,0.0,23.3,30.6,18.1
2026-07-30,Pasar Baru Majalaya,1.7,23.9,31.9,18.1
2026-07-31,Pasar Baru Majalaya,0.0,23.9,31.3,18.1
2026-08-01,Pasar Baru Majalaya,0.7,24.1,31.6,17.7
2026-08-02,Pasar Baru Majalaya,2.6,24.0,30.5,18.5
2026-08-03,Pasar Baru Majalaya,0.7,24.2,31.4,18.4
2026-08-04,Pasar Baru Majalaya,0.5,24.3,31.7,17.9
2026-08-05,Pasar Baru Majalaya,0.0,24.1,31.5,17.2
2026-08-06,Pasar Baru Majalaya,0.0,24.2,31.7,17.6
2026-08-07,Pasar Baru Majalaya,0.0,24.4,31.8,18.1
2026-08-08,Pasar Baru Majalaya,0.0,24.3,32.3,18.9
2026-08-09,Pasar Baru Majalaya,0.0,23.0,31.8,14.5
2026-08-10,Pasar Baru Majalaya,0.0,23.5,31.7,17.1
2026-08-11,Pasar Baru Majalaya,0.0,24.2,31.4,18.3
2026-08-12,Pasar Baru Majalaya,0.0,23.7,31.3,16.8
2026-08-13,Pasar Baru Majalaya,0.0,24.2,32.1,16.7
2026-08-14,Pasar Baru Majalaya,0.7,24.7,32.8,18.9
2026-08-15,Pasar Baru Majalaya,1.2,24.3,31.2,19.4
2026-08-16,Pasar Baru Majalaya,0.6,24.9,32.0,18.9
2026-08-17,Pasar Baru Majalaya,1.5,24.6,30.9,20.3
2026-08-18,Pasar Baru Majalaya,0.0,24.9,32.1,19.3
2026-08-19,Pasar Baru Majalaya,1.7,25.0,30.9,20.4
2026-08-20,Pasar Baru Majalaya,0.3,24.7,31.1,19.8
2026-08-21,Pasar Baru Majalaya,0.0,24.5,31.9,18.9
2026-08-22,Pasar Baru Majalaya,0.1,24.5,32.1,17.1
2024-08-22,Pasar Sehat Cicalengka,0.1,24.4,31.5,18.1
2024-08-23,Pasar Sehat Cicalengka,0.5,23.6,30.6,17.7
2024-08-24,Pasar Sehat Cicalengka,0.0,21.7,29.3,15.9
2024-08-25,Pasar Sehat Cicalengka,0.0,22.0,29.7,16.3
2024-08-26,Pasar Sehat Cicalengka,0.0,22.7,30.6,17.1
2024-08-27,Pasar Sehat Cicalengka,0.0,21.6,28.4,16.6
2024-08-28,Pasar Sehat Cicalengka,0.0,22.0,29.4,14.4
2024-08-29,Pasar Sehat Cicalengka,0.0,22.0,28.1,17.7
2024-08-30,Pasar Sehat Cicalengka,0.0,21.9,29.0,16.1
2024-08-31,Pasar Sehat Cicalengka,0.7,23.2,30.7,15.6
2024-09-01,Pasar Sehat Cicalengka,0.7,23.8,30.4,18.4
2024-09-02,Pasar Sehat Cicalengka,0.0,24.1,32.2,18.2
2024-09-03,Pasar Sehat Cicalengka,0.0,22.5,30.2,16.4
2024-09-04,Pasar Sehat Cicalengka,0.0,23.4,31.8,16.8
2024-09-05,Pasar Sehat Cicalengka,2.3,23.2,30.0,18.6
2024-09-06,Pasar Sehat Cicalengka,0.0,23.7,30.2,19.5
2024-09-07,Pasar Sehat Cicalengka,0.0,22.9,29.6,17.8
2024-09-08,Pasar Sehat Cicalengka,4.5,23.6,30.6,19.6
2024-09-09,Pasar Sehat Cicalengka,25.2,22.7,30.0,18.6
2024-09-10,Pasar Sehat Cicalengka,27.4,22.1,27.7,18.7
2024-09-11,Pasar Sehat Cicalengka,29.0,22.6,28.2,19.6
2024-09-12,Pasar Sehat Cicalengka,0.0,22.5,28.0,18.5
2024-09-13,Pasar Sehat Cicalengka,0.0,20.8,26.8,16.3
2024-09-14,Pasar Sehat Cicalengka,0.0,20.4,27.2,14.7
2024-09-15,Pasar Sehat Cicalengka,0.0,20.7,27.0,14.3
2024-09-16,Pasar Sehat Cicalengka,0.0,20.1,26.4,13.5
2024-09-17,Pasar Sehat Cicalengka,0.0,20.3,26.9,13.5
2024-09-18,Pasar Sehat Cicalengka,0.0,19.7,27.3,12.3
2024-09-19,Pasar Sehat Cicalengka,0.0,20.7,29.5,12.3
2024-09-20,Pasar Sehat Cicalengka,0.0,22.5,30.1,15.1
2024-09-21,Pasar Sehat Cicalengka,0.3,24.1,30.7,18.2
2024-09-22,Pasar Sehat Cicalengka,1.3,24.2,29.6,19.3
2024-09-23,Pasar Sehat Cicalengka,3.4,23.8,29.4,20.2
2024-09-24,Pasar Sehat Cicalengka,18.5,22.2,27.0,19.4
2024-09-25,Pasar Sehat Cicalengka,4.3,22.4,28.8,18.0
2024-09-26,Pasar Sehat Cicalengka,7.8,22.0,27.9,18.3
2024-09-27,Pasar Sehat Cicalengka,0.8,22.9,28.9,18.5
2024-09-28,Pasar Sehat Cicalengka,1.7,23.4,29.4,18.7
2024-09-29,Pasar Sehat Cicalengka,3.6,22.9,29.7,18.6
2024-09-30,Pasar Sehat Cicalengka,0.1,23.6,30.0,18.4
2024-10-01,Pasar Sehat Cicalengka,2.8,23.1,29.3,18.6
2024-10-02,Pasar Sehat Cicalengka,2.6,23.0,28.6,18.7
2024-10-03,Pasar Sehat Cicalengka,5.3,22.5,29.0,17.7
2024-10-04,Pasar Sehat Cicalengka,2.2,22.9,29.1,18.0
2024-10-05,Pasar Sehat Cicalengka,1.3,22.3,28.7,16.7
2024-10-06,Pasar Sehat Cicalengka,0.5,22.9,29.3,17.5
2024-10-07,Pasar Sehat Cicalengka,0.0,23.6,30.0,18.6
2024-10-08,Pasar Sehat Cicalengka,0.2,23.2,29.1,18.3
2024-10-09,Pasar Sehat Cicalengka,1.0,23.4,29.3,18.7
2024-10-10,Pasar Sehat Cicalengka,3.7,23.0,30.9,18.1
2024-10-11,Pasar Sehat Cicalengka,0.5,23.9,29.7,18.6
2024-10-12,Pasar Sehat Cicalengka,0.6,24.0,30.2,18.9
2024-10-13,Pasar Sehat Cicalengka,0.5,24.4,31.1,19.0
2024-10-14,Pasar Sehat Cicalengka,0.4,24.3,30.5,19.2
2024-10-15,Pasar Sehat Cicalengka,0.3,23.5,29.8,18.5
2024-10-16,Pasar Sehat Cicalengka,0.0,22.0,29.8,15.0
2024-10-17,Pasar Sehat Cicalengka,0.0,21.6,29.1,15.2
2024-10-18,Pasar Sehat Cicalengka,0.1,23.2,30.6,15.9
2024-10-19,Pasar Sehat Cicalengka,0.2,24.3,30.8,18.3
2024-10-20,Pasar Sehat Cicalengka,0.0,24.1,30.7,18.4
2024-10-21,Pasar Sehat Cicalengka,1.2,24.1,31.6,18.3
2024-10-22,Pasar Sehat Cicalengka,8.9,23.3,29.8,18.5
2024-10-23,Pasar Sehat Cicalengka,1.6,23.5,29.9,19.3
2024-10-24,Pasar Sehat Cicalengka,0.0,23.8,29.7,19.0
2024-10-25,Pasar Sehat Cicalengka,0.2,24.0,30.3,18.9
2024-10-26,Pasar Sehat Cicalengka,1.8,23.4,30.3,17.9
2024-10-27,Pasar Sehat Cicalengka,7.0,23.0,30.0,19.1
2024-10-28,Pasar Sehat Cicalengka,1.8,23.2,30.2,18.4
2024-10-29,Pasar Sehat Cicalengka,0.2,24.0,30.5,18.8
2024-10-30,Pasar Sehat Cicalengka,0.7,23.6,30.2,17.1
2024-10-31,Pasar Sehat Cicalengka,2.0,23.7,29.5,18.4
2024-11-01,Pasar Sehat Cicalengka,9.9,23.0,30.2,19.1
2024-11-02,Pasar Sehat Cicalengka,11.9,23.2,30.1,19.6
2024-11-03,Pasar Sehat Cicalengka,11.6,22.1,28.0,19.1
2024-11-04,Pasar Sehat Cicalengka,7.3,22.1,27.1,18.8
2024-11-05,Pasar Sehat Cicalengka,16.5,22.4,28.7,18.5
2024-11-06,Pasar Sehat Cicalengka,7.8,22.4,27.9,18.7
2024-11-07,Pasar Sehat Cicalengka,3.5,22.7,28.5,18.7
2024-11-08,Pasar Sehat Cicalengka,3.2,23.2,28.8,19.1
2024-11-09,Pasar Sehat Cicalengka,19.1,22.6,29.2,19.5
2024-11-10,Pasar Sehat Cicalengka,6.5,23.1,28.3,19.3
2024-11-11,Pasar Sehat Cicalengka,19.6,22.6,28.2,19.8
2024-11-12,Pasar Sehat Cicalengka,12.9,22.6,28.0,18.9
2024-11-13,Pasar Sehat Cicalengka,3.8,23.1,29.6,18.9
2024-11-14,Pasar Sehat Cicalengka,1.8,23.5,29.0,19.4
2024-11-15,Pasar Sehat Cicalengka,3.2,23.2,29.2,18.5
2024-11-16,Pasar Sehat Cicalengka,12.3,22.9,28.8,19.9
2024-11-17,Pasar Sehat Cicalengka,13.3,23.1,29.4,19.7
2024-11-18,Pasar Sehat Cicalengka,12.2,23.1,29.4,19.7
2024-11-19,Pasar Sehat Cicalengka,18.1,22.9,29.8,19.5
2024-11-20,Pasar Sehat Cicalengka,27.4,23.1,30.6,19.2
2024-11-21,Pasar Sehat Cicalengka,13.7,23.0,29.7,19.3
2024-11-22,Pasar Sehat Cicalengka,29.6,22.8,29.1,19.9
2024-11-23,Pasar Sehat Cicalengka,16.3,22.6,29.7,19.7
2024-11-24,Pasar Sehat Cicalengka,21.8,22.5,29.9,19.6
2024-11-25,Pasar Sehat Cicalengka,14.5,23.1,30.1,19.7
2024-11-26,Pasar Sehat Cicalengka,8.4,23.3,30.1,19.8
2024-11-27,Pasar Sehat Cicalengka,8.7,23.1,30.2,20.3
2024-11-28,Pasar Sehat Cicalengka,2.0,22.9,28.4,20.0
2024-11-29,Pasar Sehat Cicalengka,1.8,23.4,28.2,20.0
2024-11-30,Pasar Sehat Cicalengka,9.6,23.1,29.6,19.8
2024-12-01,Pasar Sehat Cicalengka,14.3,23.3,30.2,20.4
2024-12-02,Pasar Sehat Cicalengka,13.5,22.6,28.4,20.0
2024-12-03,Pasar Sehat Cicalengka,35.1,21.6,24.6,19.9
2024-12-04,Pasar Sehat Cicalengka,5.6,22.2,26.5,19.7
2024-12-05,Pasar Sehat Cicalengka,16.2,22.9,27.5,20.3
2024-12-06,Pasar Sehat Cicalengka,9.5,22.9,27.9,20.6
2024-12-07,Pasar Sehat Cicalengka,12.5,23.3,28.1,20.6
2024-12-08,Pasar Sehat Cicalengka,12.0,23.5,27.5,20.1
2024-12-09,Pasar Sehat Cicalengka,2.6,22.8,25.8,20.4
2024-12-10,Pasar Sehat Cicalengka,2.3,23.2,27.7,20.4
2024-12-11,Pasar Sehat Cicalengka,15.1,23.2,29.6,20.8
2024-12-12,Pasar Sehat Cicalengka,0.4,24.2,29.3,21.0
2024-12-13,Pasar Sehat Cicalengka,1.8,23.9,30.1,20.2
2024-12-14,Pasar Sehat Cicalengka,3.9,22.8,26.2,20.8
2024-12-15,Pasar Sehat Cicalengka,11.9,22.7,28.3,20.5
2024-12-16,Pasar Sehat Cicalengka,3.2,23.0,28.4,20.4
2024-12-17,Pasar Sehat Cicalengka,10.8,23.0,27.7,19.6
2024-12-18,Pasar Sehat Cicalengka,10.5,22.5,26.0,20.4
2024-12-19,Pasar Sehat Cicalengka,1.7,23.5,28.4,19.3
2024-12-20,Pasar Sehat Cicalengka,4.3,23.1,28.4,20.2
2024-12-21,Pasar Sehat Cicalengka,3.6,23.3,29.5,19.9
2024-12-22,Pasar Sehat Cicalengka,15.3,23.1,27.9,20.0
2024-12-23,Pasar Sehat Cicalengka,4.2,22.6,27.1,20.0
2024-12-24,Pasar Sehat Cicalengka,12.1,22.0,26.2,20.3
2024-12-25,Pasar Sehat Cicalengka,13.3,22.8,28.6,20.0
2024-12-26,Pasar Sehat Cicalengka,1.0,23.4,27.5,20.3
2024-12-27,Pasar Sehat Cicalengka,10.3,23.3,27.9,20.6
2024-12-28,Pasar Sehat Cicalengka,5.0,23.2,27.1,19.8
2024-12-29,Pasar Sehat Cicalengka,0.2,23.3,27.9,20.1
2024-12-30,Pasar Sehat Cicalengka,3.4,22.4,27.5,20.3
2024-12-31,Pasar Sehat Cicalengka,0.8,22.8,27.2,19.8
2025-01-01,Pasar Sehat Cicalengka,7.8,22.6,29.1,19.7
2025-01-02,Pasar Sehat Cicalengka,0.4,23.7,29.7,19.1
2025-01-03,Pasar Sehat Cicalengka,1.6,23.7,29.9,19.3
2025-01-04,Pasar Sehat Cicalengka,7.3,22.3,28.9,18.8
2025-01-05,Pasar Sehat Cicalengka,4.3,22.0,25.9,19.0
2025-01-06,Pasar Sehat Cicalengka,4.0,22.5,29.0,18.1
2025-01-07,Pasar Sehat Cicalengka,8.1,22.6,28.2,19.7
2025-01-08,Pasar Sehat Cicalengka,4.2,22.2,26.6,19.6
2025-01-09,Pasar Sehat Cicalengka,13.2,21.3,24.3,19.3
2025-01-10,Pasar Sehat Cicalengka,12.3,22.9,29.1,19.7
2025-01-11,Pasar Sehat Cicalengka,6.2,22.5,28.8,19.1
2025-01-12,Pasar Sehat Cicalengka,5.0,22.4,26.8,19.8
2025-01-13,Pasar Sehat Cicalengka,7.4,22.7,28.9,20.1
2025-01-14,Pasar Sehat Cicalengka,14.7,22.1,27.3,19.5
2025-01-15,Pasar Sehat Cicalengka,6.6,22.9,28.6,19.7
2025-01-16,Pasar Sehat Cicalengka,6.3,22.8,28.2,20.0
2025-01-17,Pasar Sehat Cicalengka,3.0,22.7,27.6,19.9
2025-01-18,Pasar Sehat Cicalengka,5.5,22.1,25.5,19.7
2025-01-19,Pasar Sehat Cicalengka,10.1,22.7,27.9,20.0
2025-01-20,Pasar Sehat Cicalengka,11.7,21.7,26.0,19.8
2025-01-21,Pasar Sehat Cicalengka,8.1,22.2,26.7,19.8
2025-01-22,Pasar Sehat Cicalengka,4.8,22.7,27.8,20.2
2025-01-23,Pasar Sehat Cicalengka,7.0,22.8,29.1,19.7
2025-01-24,Pasar Sehat Cicalengka,15.2,22.5,27.2,20.2
2025-01-25,Pasar Sehat Cicalengka,15.2,22.5,27.4,19.2
2025-01-26,Pasar Sehat Cicalengka,10.3,22.8,28.5,19.6
2025-01-27,Pasar Sehat Cicalengka,1.4,22.8,27.8,19.8
2025-01-28,Pasar Sehat Cicalengka,17.2,22.5,28.4,19.5
2025-01-29,Pasar Sehat Cicalengka,6.4,21.9,25.6,20.2
2025-01-30,Pasar Sehat Cicalengka,0.9,21.6,24.7,19.8
2025-01-31,Pasar Sehat Cicalengka,1.1,22.9,27.8,20.1
2025-02-01,Pasar Sehat Cicalengka,2.2,23.0,27.3,19.8
2025-02-02,Pasar Sehat Cicalengka,1.8,23.4,28.2,20.0
2025-02-03,Pasar Sehat Cicalengka,0.3,23.6,28.6,19.6
2025-02-04,Pasar Sehat Cicalengka,0.1,23.5,27.9,20.4
2025-02-05,Pasar Sehat Cicalengka,7.0,23.1,27.0,20.0
2025-02-06,Pasar Sehat Cicalengka,3.8,22.4,26.3,19.9
2025-02-07,Pasar Sehat Cicalengka,11.3,22.5,27.1,19.9
2025-02-08,Pasar Sehat Cicalengka,6.0,22.0,27.4,18.8
2025-02-09,Pasar Sehat Cicalengka,4.2,22.4,27.8,18.6
2025-02-10,Pasar Sehat Cicalengka,1.0,22.5,27.2,19.5
2025-02-11,Pasar Sehat Cicalengka,0.6,22.8,28.2,19.0
2025-02-12,Pasar Sehat Cicalengka,3.3,22.3,30.0,16.9
2025-02-13,Pasar Sehat Cicalengka,5.6,22.2,28.3,17.9
2025-02-14,Pasar Sehat Cicalengka,8.5,22.8,28.8,19.6
2025-02-15,Pasar Sehat Cicalengka,11.3,22.5,28.3,19.7
2025-02-16,Pasar Sehat Cicalengka,9.4,22.7,27.9,18.9
2025-02-17,Pasar Sehat Cicalengka,7.8,22.4,27.5,20.0
2025-02-18,Pasar Sehat Cicalengka,21.9,22.2,27.9,19.5
2025-02-19,Pasar Sehat Cicalengka,5.4,21.8,26.7,19.1
2025-02-20,Pasar Sehat Cicalengka,1.3,22.9,28.9,18.3
2025-02-21,Pasar Sehat Cicalengka,2.5,22.6,28.6,19.3
2025-02-22,Pasar Sehat Cicalengka,6.5,23.0,27.4,20.4
2025-02-23,Pasar Sehat Cicalengka,16.8,22.2,25.9,19.9
2025-02-24,Pasar Sehat Cicalengka,13.7,22.3,27.8,19.8
2025-02-25,Pasar Sehat Cicalengka,13.6,22.4,28.7,19.5
2025-02-26,Pasar Sehat Cicalengka,7.2,22.0,26.8,19.6
2025-02-27,Pasar Sehat Cicalengka,22.9,22.1,28.2,18.8
2025-02-28,Pasar Sehat Cicalengka,12.5,22.4,28.3,19.3
2025-03-01,Pasar Sehat Cicalengka,2.5,23.0,29.1,19.5
2025-03-02,Pasar Sehat Cicalengka,19.3,22.6,29.2,18.5
2025-03-03,Pasar Sehat Cicalengka,18.5,22.5,27.6,19.2
2025-03-04,Pasar Sehat Cicalengka,9.5,22.5,27.4,19.7
2025-03-05,Pasar Sehat Cicalengka,0.6,23.2,28.7,18.5
2025-03-06,Pasar Sehat Cicalengka,6.1,22.5,28.6,18.3
2025-03-07,Pasar Sehat Cicalengka,4.7,22.4,29.1,19.2
2025-03-08,Pasar Sehat Cicalengka,12.7,22.8,28.9,19.1
2025-03-09,Pasar Sehat Cicalengka,9.8,22.1,27.6,18.9
2025-03-10,Pasar Sehat Cicalengka,2.3,22.4,27.6,18.6
2025-03-11,Pasar Sehat Cicalengka,5.4,23.1,28.8,19.4
2025-03-12,Pasar Sehat Cicalengka,6.9,23.0,28.3,20.0
2025-03-13,Pasar Sehat Cicalengka,19.1,23.2,29.5,20.1
2025-03-14,Pasar Sehat Cicalengka,11.2,22.7,28.0,20.0
2025-03-15,Pasar Sehat Cicalengka,15.1,22.1,28.1,19.6
2025-03-16,Pasar Sehat Cicalengka,4.6,22.2,28.0,19.4
2025-03-17,Pasar Sehat Cicalengka,12.5,22.3,28.8,18.5
2025-03-18,Pasar Sehat Cicalengka,3.9,22.1,25.0,20.1
2025-03-19,Pasar Sehat Cicalengka,1.2,22.5,28.0,19.0
2025-03-20,Pasar Sehat Cicalengka,1.1,23.8,29.7,20.1
2025-03-21,Pasar Sehat Cicalengka,0.7,23.3,28.0,20.1
2025-03-22,Pasar Sehat Cicalengka,9.3,22.9,27.5,19.1
2025-03-23,Pasar Sehat Cicalengka,0.3,23.5,29.6,19.0
2025-03-24,Pasar Sehat Cicalengka,1.4,23.5,29.0,19.5
2025-03-25,Pasar Sehat Cicalengka,4.8,23.7,29.0,19.6
2025-03-26,Pasar Sehat Cicalengka,11.0,22.7,29.1,18.6
2025-03-27,Pasar Sehat Cicalengka,2.5,23.1,29.3,19.0
2025-03-28,Pasar Sehat Cicalengka,6.6,22.8,27.7,20.3
2025-03-29,Pasar Sehat Cicalengka,1.1,22.8,27.5,19.8
2025-03-30,Pasar Sehat Cicalengka,1.1,23.0,30.0,17.5
2025-03-31,Pasar Sehat Cicalengka,2.4,23.2,29.1,18.9
2025-04-01,Pasar Sehat Cicalengka,6.5,21.8,27.2,18.0
2025-04-02,Pasar Sehat Cicalengka,22.7,21.8,26.2,18.8
2025-04-03,Pasar Sehat Cicalengka,14.5,22.2,27.0,19.8
2025-04-04,Pasar Sehat Cicalengka,8.6,22.3,26.3,19.6
2025-04-05,Pasar Sehat Cicalengka,11.6,22.5,27.6,19.1
2025-04-06,Pasar Sehat Cicalengka,4.9,22.4,28.3,19.1
2025-04-07,Pasar Sehat Cicalengka,3.2,23.4,29.9,19.0
2025-04-08,Pasar Sehat Cicalengka,1.0,22.9,29.3,18.0
2025-04-09,Pasar Sehat Cicalengka,7.9,22.8,28.6,18.2
2025-04-10,Pasar Sehat Cicalengka,2.0,22.5,28.3,19.2
2025-04-11,Pasar Sehat Cicalengka,10.0,22.7,28.5,19.4
2025-04-12,Pasar Sehat Cicalengka,4.9,22.8,27.3,19.8
2025-04-13,Pasar Sehat Cicalengka,20.8,22.4,28.3,19.5
2025-04-14,Pasar Sehat Cicalengka,9.9,22.4,28.1,19.7
2025-04-15,Pasar Sehat Cicalengka,12.4,22.5,27.6,19.1
2025-04-16,Pasar Sehat Cicalengka,0.4,23.4,29.9,18.8
2025-04-17,Pasar Sehat Cicalengka,0.2,23.1,28.8,17.3
2025-04-18,Pasar Sehat Cicalengka,8.4,22.9,27.8,20.6
2025-04-19,Pasar Sehat Cicalengka,12.0,23.0,30.0,19.0
2025-04-20,Pasar Sehat Cicalengka,3.4,23.0,28.2,20.2
2025-04-21,Pasar Sehat Cicalengka,2.4,22.7,27.4,19.9
2025-04-22,Pasar Sehat Cicalengka,3.3,22.7,28.3,19.5
2025-04-23,Pasar Sehat Cicalengka,2.1,22.1,28.6,18.8
2025-04-24,Pasar Sehat Cicalengka,2.0,22.0,28.2,18.0
2025-04-25,Pasar Sehat Cicalengka,8.8,22.4,27.9,18.8
2025-04-26,Pasar Sehat Cicalengka,9.5,22.2,27.2,18.6
2025-04-27,Pasar Sehat Cicalengka,1.1,23.0,29.1,17.8
2025-04-28,Pasar Sehat Cicalengka,0.0,22.4,29.3,16.8
2025-04-29,Pasar Sehat Cicalengka,1.2,21.3,27.9,14.3
2025-04-30,Pasar Sehat Cicalengka,0.1,22.3,29.2,16.3
2025-05-01,Pasar Sehat Cicalengka,0.2,22.8,29.5,17.4
2025-05-02,Pasar Sehat Cicalengka,0.8,22.5,29.3,17.0
2025-05-03,Pasar Sehat Cicalengka,7.2,22.6,27.9,19.0
2025-05-04,Pasar Sehat Cicalengka,21.3,22.2,27.7,19.8
2025-05-05,Pasar Sehat Cicalengka,1.8,22.8,28.7,18.6
2025-05-06,Pasar Sehat Cicalengka,9.1,22.4,29.6,17.8
2025-05-07,Pasar Sehat Cicalengka,9.6,22.2,27.6,18.7
2025-05-08,Pasar Sehat Cicalengka,3.2,22.9,28.8,18.6
2025-05-09,Pasar Sehat Cicalengka,6.2,22.9,28.7,19.3
2025-05-10,Pasar Sehat Cicalengka,11.7,22.8,28.8,19.0
2025-05-11,Pasar Sehat Cicalengka,12.2,22.9,28.8,19.8
2025-05-12,Pasar Sehat Cicalengka,0.9,23.1,29.2,19.4
2025-05-13,Pasar Sehat Cicalengka,22.5,22.3,27.4,19.5
2025-05-14,Pasar Sehat Cicalengka,22.4,22.5,27.9,19.9
2025-05-15,Pasar Sehat Cicalengka,13.5,22.7,29.4,18.8
2025-05-16,Pasar Sehat Cicalengka,4.5,22.7,29.0,20.4
2025-05-17,Pasar Sehat Cicalengka,1.6,22.7,28.1,19.4
2025-05-18,Pasar Sehat Cicalengka,13.3,22.4,28.5,18.9
2025-05-19,Pasar Sehat Cicalengka,0.4,22.3,27.0,19.7
2025-05-20,Pasar Sehat Cicalengka,0.2,23.3,28.4,19.7
2025-05-21,Pasar Sehat Cicalengka,26.4,21.8,24.4,19.7
2025-05-22,Pasar Sehat Cicalengka,9.2,22.3,26.5,19.9
2025-05-23,Pasar Sehat Cicalengka,17.7,21.9,26.6,19.2
2025-05-24,Pasar Sehat Cicalengka,9.3,22.5,27.1,20.5
2025-05-25,Pasar Sehat Cicalengka,8.2,22.6,26.1,19.8
2025-05-26,Pasar Sehat Cicalengka,21.5,22.4,26.4,20.7
2025-05-27,Pasar Sehat Cicalengka,0.6,23.3,28.9,19.8
2025-05-28,Pasar Sehat Cicalengka,1.7,23.4,29.3,19.0
2025-05-29,Pasar Sehat Cicalengka,0.5,23.2,29.9,19.3
2025-05-30,Pasar Sehat Cicalengka,0.5,23.4,30.0,18.2
2025-05-31,Pasar Sehat Cicalengka,0.8,23.4,30.0,18.3
2025-06-01,Pasar Sehat Cicalengka,0.9,22.5,28.4,19.4
2025-06-02,Pasar Sehat Cicalengka,0.5,23.4,29.4,19.0
2025-06-03,Pasar Sehat Cicalengka,2.4,22.6,28.2,17.8
2025-06-04,Pasar Sehat Cicalengka,0.7,23.2,28.9,18.0
2025-06-05,Pasar Sehat Cicalengka,0.5,22.8,28.5,17.5
2025-06-06,Pasar Sehat Cicalengka,14.5,22.0,28.5,17.9
2025-06-07,Pasar Sehat Cicalengka,1.1,22.9,28.5,19.3
2025-06-08,Pasar Sehat Cicalengka,0.0,22.2,28.4,15.9
2025-06-09,Pasar Sehat Cicalengka,0.8,22.4,28.2,16.9
2025-06-10,Pasar Sehat Cicalengka,3.7,22.1,28.1,18.6
2025-06-11,Pasar Sehat Cicalengka,2.4,21.7,26.3,19.1
2025-06-12,Pasar Sehat Cicalengka,1.0,23.0,28.1,18.7
2025-06-13,Pasar Sehat Cicalengka,0.0,23.3,29.0,19.6
2025-06-14,Pasar Sehat Cicalengka,2.8,22.7,28.0,18.7
2025-06-15,Pasar Sehat Cicalengka,2.8,22.8,28.5,19.0
2025-06-16,Pasar Sehat Cicalengka,1.0,22.6,29.3,17.7
2025-06-17,Pasar Sehat Cicalengka,3.4,22.5,28.4,18.6
2025-06-18,Pasar Sehat Cicalengka,8.4,22.0,27.0,19.0
2025-06-19,Pasar Sehat Cicalengka,0.3,21.8,26.8,19.3
2025-06-20,Pasar Sehat Cicalengka,2.7,21.8,27.0,18.4
2025-06-21,Pasar Sehat Cicalengka,9.0,21.8,27.8,18.2
2025-06-22,Pasar Sehat Cicalengka,1.3,22.3,27.8,18.6
2025-06-23,Pasar Sehat Cicalengka,3.0,22.0,27.7,17.9
2025-06-24,Pasar Sehat Cicalengka,1.0,22.0,27.0,17.9
2025-06-25,Pasar Sehat Cicalengka,7.4,21.9,28.0,18.3
2025-06-26,Pasar Sehat Cicalengka,0.0,22.6,28.3,18.7
2025-06-27,Pasar Sehat Cicalengka,0.2,22.0,28.1,16.6
2025-06-28,Pasar Sehat Cicalengka,7.8,21.8,26.2,19.2
2025-06-29,Pasar Sehat Cicalengka,2.0,21.5,26.5,18.1
2025-06-30,Pasar Sehat Cicalengka,5.1,22.0,27.7,18.3
2025-07-01,Pasar Sehat Cicalengka,10.3,22.0,27.0,19.3
2025-07-02,Pasar Sehat Cicalengka,3.0,21.9,28.8,17.2
2025-07-03,Pasar Sehat Cicalengka,3.7,21.9,27.0,18.8
2025-07-04,Pasar Sehat Cicalengka,1.5,21.9,28.0,17.8
2025-07-05,Pasar Sehat Cicalengka,14.5,21.7,27.8,18.5
2025-07-06,Pasar Sehat Cicalengka,5.5,21.6,27.7,19.0
2025-07-07,Pasar Sehat Cicalengka,10.6,21.6,27.9,17.9
2025-07-08,Pasar Sehat Cicalengka,0.8,22.6,28.5,18.5
2025-07-09,Pasar Sehat Cicalengka,0.0,21.2,26.2,16.4
2025-07-10,Pasar Sehat Cicalengka,0.0,20.8,27.7,15.4
2025-07-11,Pasar Sehat Cicalengka,1.9,21.0,27.1,15.4
2025-07-12,Pasar Sehat Cicalengka,0.0,21.5,28.2,15.8
2025-07-13,Pasar Sehat Cicalengka,0.9,22.0,27.4,16.9
2025-07-14,Pasar Sehat Cicalengka,7.5,22.0,27.1,18.7
2025-07-15,Pasar Sehat Cicalengka,2.7,21.4,27.2,15.7
2025-07-16,Pasar Sehat Cicalengka,1.2,22.4,27.9,17.8
2025-07-17,Pasar Sehat Cicalengka,0.0,21.9,28.2,17.5
2025-07-18,Pasar Sehat Cicalengka,0.0,21.4,28.5,16.5
2025-07-19,Pasar Sehat Cicalengka,0.0,21.6,28.1,15.5
2025-07-20,Pasar Sehat Cicalengka,0.0,21.1,29.0,14.9
2025-07-21,Pasar Sehat Cicalengka,0.0,20.9,28.2,15.1
2025-07-22,Pasar Sehat Cicalengka,0.0,20.5,28.4,13.9
2025-07-23,Pasar Sehat Cicalengka,0.0,21.7,28.6,15.2
2025-07-24,Pasar Sehat Cicalengka,0.7,22.0,30.0,15.5
2025-07-25,Pasar Sehat Cicalengka,1.1,22.7,28.7,18.2
2025-07-26,Pasar Sehat Cicalengka,0.0,23.1,29.6,17.9
2025-07-27,Pasar Sehat Cicalengka,4.6,22.5,28.1,18.9
2025-07-28,Pasar Sehat Cicalengka,1.8,22.2,27.6,18.5
2025-07-29,Pasar Sehat Cicalengka,0.1,22.3,25.4,19.9
2025-07-30,Pasar Sehat Cicalengka,0.5,22.5,27.3,19.5
2025-07-31,Pasar Sehat Cicalengka,1.3,22.8,27.9,17.9
2025-08-01,Pasar Sehat Cicalengka,0.5,22.9,29.5,18.3
2025-08-02,Pasar Sehat Cicalengka,0.0,22.4,30.0,16.2
2025-08-03,Pasar Sehat Cicalengka,3.0,22.2,29.4,17.0
2025-08-04,Pasar Sehat Cicalengka,9.9,21.9,28.4,18.5
2025-08-05,Pasar Sehat Cicalengka,3.7,22.2,28.4,18.6
2025-08-06,Pasar Sehat Cicalengka,2.2,22.5,30.3,18.4
2025-08-07,Pasar Sehat Cicalengka,0.8,22.8,29.9,17.4
2025-08-08,Pasar Sehat Cicalengka,0.1,23.1,29.1,19.3
2025-08-09,Pasar Sehat Cicalengka,4.2,22.0,28.1,18.6
2025-08-10,Pasar Sehat Cicalengka,0.7,22.5,29.7,18.0
2025-08-11,Pasar Sehat Cicalengka,14.2,21.6,28.5,17.8
2025-08-12,Pasar Sehat Cicalengka,2.9,21.2,25.0,18.7
2025-08-13,Pasar Sehat Cicalengka,14.0,21.4,27.6,17.7
2025-08-14,Pasar Sehat Cicalengka,27.5,20.7,25.9,17.9
2025-08-15,Pasar Sehat Cicalengka,1.1,20.8,28.0,15.9
2025-08-16,Pasar Sehat Cicalengka,1.7,21.8,28.9,16.1
2025-08-17,Pasar Sehat Cicalengka,0.5,22.4,28.6,17.2
2025-08-18,Pasar Sehat Cicalengka,0.8,22.5,28.3,17.3
2025-08-19,Pasar Sehat Cicalengka,7.9,21.7,26.8,18.3
2025-08-20,Pasar Sehat Cicalengka,11.4,22.1,27.4,19.0
2025-08-21,Pasar Sehat Cicalengka,4.6,22.0,27.4,19.3
2025-08-22,Pasar Sehat Cicalengka,2.4,22.1,27.7,18.2
2025-08-23,Pasar Sehat Cicalengka,1.4,22.9,28.9,17.5
2025-08-24,Pasar Sehat Cicalengka,1.2,23.1,28.5,19.0
2025-08-25,Pasar Sehat Cicalengka,1.5,22.4,28.8,18.3
2025-08-26,Pasar Sehat Cicalengka,0.0,21.2,28.0,16.2
2025-08-27,Pasar Sehat Cicalengka,0.6,20.8,27.5,14.5
2025-08-28,Pasar Sehat Cicalengka,0.5,21.7,26.9,18.2
2025-08-29,Pasar Sehat Cicalengka,2.7,21.8,27.6,17.7
2025-08-30,Pasar Sehat Cicalengka,3.5,22.5,27.9,19.0
2025-08-31,Pasar Sehat Cicalengka,9.2,22.0,27.1,19.5
2025-09-01,Pasar Sehat Cicalengka,2.4,23.6,30.3,18.6
2025-09-02,Pasar Sehat Cicalengka,0.4,23.3,29.7,19.4
2025-09-03,Pasar Sehat Cicalengka,0.0,23.1,30.3,17.3
2025-09-04,Pasar Sehat Cicalengka,0.2,23.3,31.6,17.9
2025-09-05,Pasar Sehat Cicalengka,8.3,21.9,28.6,18.0
2025-09-06,Pasar Sehat Cicalengka,0.0,21.9,28.1,17.6
2025-09-07,Pasar Sehat Cicalengka,0.0,21.6,29.6,16.5
2025-09-08,Pasar Sehat Cicalengka,5.2,22.0,29.2,18.2
2025-09-09,Pasar Sehat Cicalengka,19.0,21.8,28.6,18.2
2025-09-10,Pasar Sehat Cicalengka,8.2,22.5,28.1,19.0
2025-09-11,Pasar Sehat Cicalengka,16.4,22.0,26.6,19.9
2025-09-12,Pasar Sehat Cicalengka,4.1,22.3,28.5,19.0
2025-09-13,Pasar Sehat Cicalengka,0.9,22.5,28.8,17.5
2025-09-14,Pasar Sehat Cicalengka,0.0,21.9,29.2,16.4
2025-09-15,Pasar Sehat Cicalengka,0.0,21.8,28.9,16.3
2025-09-16,Pasar Sehat Cicalengka,2.1,22.3,28.5,17.5
2025-09-17,Pasar Sehat Cicalengka,8.9,22.3,28.0,18.6
2025-09-18,Pasar Sehat Cicalengka,1.8,22.4,27.5,19.1
2025-09-19,Pasar Sehat Cicalengka,4.8,23.0,28.7,19.6
2025-09-20,Pasar Sehat Cicalengka,8.3,21.8,26.7,18.5
2025-09-21,Pasar Sehat Cicalengka,4.9,22.6,28.9,18.4
2025-09-22,Pasar Sehat Cicalengka,0.0,23.0,30.6,17.7
2025-09-23,Pasar Sehat Cicalengka,0.5,22.8,30.9,15.6
2025-09-24,Pasar Sehat Cicalengka,0.9,22.7,31.1,16.0
2025-09-25,Pasar Sehat Cicalengka,2.5,22.8,30.3,16.5
2025-09-26,Pasar Sehat Cicalengka,1.3,23.1,28.8,18.3
2025-09-27,Pasar Sehat Cicalengka,2.9,23.2,30.2,18.0
2025-09-28,Pasar Sehat Cicalengka,1.1,23.6,29.8,19.1
2025-09-29,Pasar Sehat Cicalengka,11.0,22.2,29.5,18.4
2025-09-30,Pasar Sehat Cicalengka,5.8,23.1,29.1,19.3
2025-10-01,Pasar Sehat Cicalengka,4.2,22.4,28.5,18.6
2025-10-02,Pasar Sehat Cicalengka,7.1,22.2,27.8,19.4
2025-10-03,Pasar Sehat Cicalengka,0.0,23.6,30.4,18.2
2025-10-04,Pasar Sehat Cicalengka,0.1,24.0,31.5,18.0
2025-10-05,Pasar Sehat Cicalengka,1.2,22.7,30.2,16.3
2025-10-06,Pasar Sehat Cicalengka,1.7,23.4,30.4,17.6
2025-10-07,Pasar Sehat Cicalengka,0.0,24.0,30.9,18.6
2025-10-08,Pasar Sehat Cicalengka,0.4,23.0,28.7,18.7
2025-10-09,Pasar Sehat Cicalengka,0.0,22.7,31.0,16.1
2025-10-10,Pasar Sehat Cicalengka,2.5,22.7,28.5,17.9
2025-10-11,Pasar Sehat Cicalengka,10.5,22.2,29.1,18.4
2025-10-12,Pasar Sehat Cicalengka,0.2,23.9,30.5,18.8
2025-10-13,Pasar Sehat Cicalengka,6.5,23.3,29.8,18.9
2025-10-14,Pasar Sehat Cicalengka,0.1,24.5,31.0,19.0
2025-10-15,Pasar Sehat Cicalengka,1.4,24.4,30.6,19.2
2025-10-16,Pasar Sehat Cicalengka,0.6,24.2,31.1,19.3
2025-10-17,Pasar Sehat Cicalengka,1.2,24.1,30.8,18.9
2025-10-18,Pasar Sehat Cicalengka,2.0,24.0,29.7,19.1
2025-10-19,Pasar Sehat Cicalengka,6.2,23.7,29.5,20.3
2025-10-20,Pasar Sehat Cicalengka,3.3,24.0,29.8,19.3
2025-10-21,Pasar Sehat Cicalengka,18.7,23.3,30.3,19.6
2025-10-22,Pasar Sehat Cicalengka,16.6,22.8,28.5,20.1
2025-10-23,Pasar Sehat Cicalengka,3.7,22.3,28.0,20.0
2025-10-24,Pasar Sehat Cicalengka,31.9,21.9,27.8,20.0
2025-10-25,Pasar Sehat Cicalengka,0.2,22.7,29.3,19.3
2025-10-26,Pasar Sehat Cicalengka,20.2,22.0,29.6,18.7
2025-10-27,Pasar Sehat Cicalengka,20.0,22.7,29.3,19.2
2025-10-28,Pasar Sehat Cicalengka,3.9,22.0,26.6,19.1
2025-10-29,Pasar Sehat Cicalengka,13.3,22.4,29.3,19.2
2025-10-30,Pasar Sehat Cicalengka,20.8,22.4,28.8,19.6
2025-10-31,Pasar Sehat Cicalengka,1.1,22.6,29.7,18.7
2025-11-01,Pasar Sehat Cicalengka,8.9,23.0,29.6,19.3
2025-11-02,Pasar Sehat Cicalengka,7.3,23.2,28.8,19.9
2025-11-03,Pasar Sehat Cicalengka,23.0,22.5,29.9,19.8
2025-11-04,Pasar Sehat Cicalengka,3.2,22.9,29.7,19.9
2025-11-05,Pasar Sehat Cicalengka,2.2,22.7,27.2,19.4
2025-11-06,Pasar Sehat Cicalengka,15.5,23.0,28.3,20.3
2025-11-07,Pasar Sehat Cicalengka,4.3,23.6,30.0,19.8
2025-11-08,Pasar Sehat Cicalengka,15.9,22.7,28.7,20.3
2025-11-09,Pasar Sehat Cicalengka,11.7,22.9,29.2,19.4
2025-11-10,Pasar Sehat Cicalengka,7.6,23.3,29.7,19.2
2025-11-11,Pasar Sehat Cicalengka,25.2,22.1,26.1,20.6
2025-11-12,Pasar Sehat Cicalengka,7.6,22.0,26.1,19.5
2025-11-13,Pasar Sehat Cicalengka,10.3,22.4,27.3,19.7
2025-11-14,Pasar Sehat Cicalengka,5.2,22.0,25.7,19.7
2025-11-15,Pasar Sehat Cicalengka,10.2,23.2,29.2,19.8
2025-11-16,Pasar Sehat Cicalengka,10.7,22.4,28.4,20.3
2025-11-17,Pasar Sehat Cicalengka,11.7,22.3,25.9,20.0
2025-11-18,Pasar Sehat Cicalengka,31.3,22.4,27.5,20.1
2025-11-19,Pasar Sehat Cicalengka,17.0,22.6,27.6,19.5
2025-11-20,Pasar Sehat Cicalengka,29.7,22.5,27.1,20.3
2025-11-21,Pasar Sehat Cicalengka,7.8,22.9,28.8,19.8
2025-11-22,Pasar Sehat Cicalengka,13.4,22.4,28.7,19.5
2025-11-23,Pasar Sehat Cicalengka,12.4,22.1,27.5,19.3
2025-11-24,Pasar Sehat Cicalengka,0.0,23.7,30.7,19.8
2025-11-25,Pasar Sehat Cicalengka,0.2,23.7,30.5,18.6
2025-11-26,Pasar Sehat Cicalengka,1.2,23.4,29.7,19.2
2025-11-27,Pasar Sehat Cicalengka,3.9,23.0,28.9,19.0
2025-11-28,Pasar Sehat Cicalengka,0.6,23.0,29.4,18.6
2025-11-29,Pasar Sehat Cicalengka,2.6,22.8,29.4,18.4
2025-11-30,Pasar Sehat Cicalengka,4.1,22.4,28.3,18.8
2025-12-01,Pasar Sehat Cicalengka,7.9,22.3,28.3,19.1
2025-12-02,Pasar Sehat Cicalengka,15.1,22.9,29.7,19.9
2025-12-03,Pasar Sehat Cicalengka,14.9,22.7,28.5,19.8
2025-12-04,Pasar Sehat Cicalengka,23.5,21.6,27.4,19.5
2025-12-05,Pasar Sehat Cicalengka,14.3,22.1,30.4,18.8
2025-12-06,Pasar Sehat Cicalengka,4.4,22.1,26.7,18.9
2025-12-07,Pasar Sehat Cicalengka,4.6,23.1,28.7,19.1
2025-12-08,Pasar Sehat Cicalengka,3.7,21.8,28.2,19.2
2025-12-09,Pasar Sehat Cicalengka,2.3,21.9,26.7,19.1
2025-12-10,Pasar Sehat Cicalengka,1.8,22.7,28.6,19.7
2025-12-11,Pasar Sehat Cicalengka,3.8,23.1,29.6,19.5
2025-12-12,Pasar Sehat Cicalengka,0.3,23.3,30.3,18.2
2025-12-13,Pasar Sehat Cicalengka,1.3,23.8,29.8,19.6
2025-12-14,Pasar Sehat Cicalengka,3.9,23.0,26.2,20.3
2025-12-15,Pasar Sehat Cicalengka,0.2,23.8,29.7,19.1
2025-12-16,Pasar Sehat Cicalengka,2.2,23.2,29.6,18.7
2025-12-17,Pasar Sehat Cicalengka,4.1,22.6,28.6,19.1
2025-12-18,Pasar Sehat Cicalengka,5.9,22.8,27.1,19.7
2025-12-19,Pasar Sehat Cicalengka,7.4,22.8,27.7,19.9
2025-12-20,Pasar Sehat Cicalengka,13.6,22.2,26.3,19.6
2025-12-21,Pasar Sehat Cicalengka,9.1,22.6,28.0,19.2
2025-12-22,Pasar Sehat Cicalengka,2.5,22.7,27.3,19.5
2025-12-23,Pasar Sehat Cicalengka,8.8,23.1,29.1,19.0
2025-12-24,Pasar Sehat Cicalengka,2.0,23.7,28.4,19.8
2025-12-25,Pasar Sehat Cicalengka,2.5,23.2,29.1,19.4
2025-12-26,Pasar Sehat Cicalengka,5.9,23.1,28.4,20.6
2025-12-27,Pasar Sehat Cicalengka,12.1,23.1,27.5,20.4
2025-12-28,Pasar Sehat Cicalengka,11.5,23.3,29.9,19.7
2025-12-29,Pasar Sehat Cicalengka,4.2,22.7,28.7,18.7
2025-12-30,Pasar Sehat Cicalengka,14.6,22.3,27.9,19.7
2025-12-31,Pasar Sehat Cicalengka,25.1,21.4,25.1,19.5
2026-01-01,Pasar Sehat Cicalengka,5.3,22.5,28.2,19.4
2026-01-02,Pasar Sehat Cicalengka,7.0,22.3,27.7,18.9
2026-01-03,Pasar Sehat Cicalengka,17.4,21.4,24.6,20.0
2026-01-04,Pasar Sehat Cicalengka,3.5,22.4,26.8,19.3
2026-01-05,Pasar Sehat Cicalengka,2.1,23.3,28.9,19.7
2026-01-06,Pasar Sehat Cicalengka,7.5,23.0,29.5,18.7
2026-01-07,Pasar Sehat Cicalengka,4.9,22.9,27.4,20.3
2026-01-08,Pasar Sehat Cicalengka,1.4,22.5,28.6,18.9
2026-01-09,Pasar Sehat Cicalengka,6.5,22.4,28.8,18.5
2026-01-10,Pasar Sehat Cicalengka,5.4,21.4,24.6,19.1
2026-01-11,Pasar Sehat Cicalengka,6.8,20.6,23.3,18.6
2026-01-12,Pasar Sehat Cicalengka,3.6,20.5,23.9,18.6
2026-01-13,Pasar Sehat Cicalengka,8.3,21.8,26.1,18.6
2026-01-14,Pasar Sehat Cicalengka,1.0,21.8,26.1,19.4
2026-01-15,Pasar Sehat Cicalengka,23.0,21.0,23.3,19.2
2026-01-16,Pasar Sehat Cicalengka,5.9,22.4,27.6,18.2
2026-01-17,Pasar Sehat Cicalengka,4.4,21.9,27.0,18.9
2026-01-18,Pasar Sehat Cicalengka,9.0,21.4,25.1,19.6
2026-01-19,Pasar Sehat Cicalengka,2.5,22.2,28.0,18.3
2026-01-20,Pasar Sehat Cicalengka,4.5,22.2,27.3,19.1
2026-01-21,Pasar Sehat Cicalengka,12.1,20.9,23.7,19.5
2026-01-22,Pasar Sehat Cicalengka,15.9,20.7,24.0,18.8
2026-01-23,Pasar Sehat Cicalengka,27.3,21.4,24.8,19.8
2026-01-24,Pasar Sehat Cicalengka,7.9,21.6,25.6,18.7
2026-01-25,Pasar Sehat Cicalengka,0.4,22.4,27.1,18.8
2026-01-26,Pasar Sehat Cicalengka,4.7,22.2,27.9,19.0
2026-01-27,Pasar Sehat Cicalengka,3.5,22.2,25.8,19.8
2026-01-28,Pasar Sehat Cicalengka,60.1,21.4,24.3,19.4
2026-01-29,Pasar Sehat Cicalengka,27.5,21.3,25.0,20.1
2026-01-30,Pasar Sehat Cicalengka,3.3,22.2,26.7,19.9
2026-01-31,Pasar Sehat Cicalengka,3.7,22.3,27.7,19.3
2026-02-01,Pasar Sehat Cicalengka,3.9,21.8,25.9,18.7
2026-02-02,Pasar Sehat Cicalengka,10.3,21.7,26.8,18.2
2026-02-03,Pasar Sehat Cicalengka,5.0,22.0,26.9,19.0
2026-02-04,Pasar Sehat Cicalengka,3.1,22.0,26.5,19.1
2026-02-05,Pasar Sehat Cicalengka,3.6,22.5,27.4,19.6
2026-02-06,Pasar Sehat Cicalengka,3.7,22.4,27.2,19.7
2026-02-07,Pasar Sehat Cicalengka,2.2,22.1,26.3,18.5
2026-02-08,Pasar Sehat Cicalengka,0.1,22.2,25.4,18.9
2026-02-09,Pasar Sehat Cicalengka,7.7,21.7,27.0,18.9
2026-02-10,Pasar Sehat Cicalengka,2.9,22.0,27.3,17.8
2026-02-11,Pasar Sehat Cicalengka,4.0,22.5,28.7,19.5
2026-02-12,Pasar Sehat Cicalengka,16.6,22.2,28.0,19.3
2026-02-13,Pasar Sehat Cicalengka,5.5,22.2,26.8,19.4
2026-02-14,Pasar Sehat Cicalengka,12.1,22.9,28.9,19.4
2026-02-15,Pasar Sehat Cicalengka,9.8,22.6,26.6,20.2
2026-02-16,Pasar Sehat Cicalengka,7.8,22.2,26.0,20.1
2026-02-17,Pasar Sehat Cicalengka,5.6,22.8,27.5,20.0
2026-02-18,Pasar Sehat Cicalengka,3.6,21.5,23.6,19.5
2026-02-19,Pasar Sehat Cicalengka,26.5,21.3,25.5,18.8
2026-02-20,Pasar Sehat Cicalengka,6.1,21.9,25.8,19.5
2026-02-21,Pasar Sehat Cicalengka,6.0,22.3,26.7,18.9
2026-02-22,Pasar Sehat Cicalengka,11.3,22.0,26.7,20.1
2026-02-23,Pasar Sehat Cicalengka,16.6,21.2,24.6,19.9
2026-02-24,Pasar Sehat Cicalengka,0.6,22.0,26.1,19.3
2026-02-25,Pasar Sehat Cicalengka,0.1,23.0,27.4,19.4
2026-02-26,Pasar Sehat Cicalengka,0.4,22.7,26.7,20.2
2026-02-27,Pasar Sehat Cicalengka,2.6,21.9,25.3,19.5
2026-02-28,Pasar Sehat Cicalengka,4.2,22.2,27.5,19.6
2026-03-01,Pasar Sehat Cicalengka,4.2,22.8,28.9,19.4
2026-03-02,Pasar Sehat Cicalengka,15.0,22.6,27.8,19.6
2026-03-03,Pasar Sehat Cicalengka,4.5,22.2,25.8,19.8
2026-03-04,Pasar Sehat Cicalengka,2.5,22.2,26.2,20.0
2026-03-05,Pasar Sehat Cicalengka,2.6,22.5,27.1,20.3
2026-03-06,Pasar Sehat Cicalengka,3.3,21.7,25.6,18.9
2026-03-07,Pasar Sehat Cicalengka,10.5,21.8,27.1,19.1
2026-03-08,Pasar Sehat Cicalengka,12.2,21.6,26.0,19.1
2026-03-09,Pasar Sehat Cicalengka,4.7,22.4,28.2,18.9
2026-03-10,Pasar Sehat Cicalengka,1.4,23.0,30.2,18.9
2026-03-11,Pasar Sehat Cicalengka,2.1,22.9,29.1,19.3
2026-03-12,Pasar Sehat Cicalengka,0.7,22.9,29.8,18.6
2026-03-13,Pasar Sehat Cicalengka,1.0,22.5,29.9,17.7
2026-03-14,Pasar Sehat Cicalengka,2.4,22.2,29.5,17.0
2026-03-15,Pasar Sehat Cicalengka,3.0,23.1,28.6,18.4
2026-03-16,Pasar Sehat Cicalengka,1.1,23.3,29.2,18.5
2026-03-17,Pasar Sehat Cicalengka,0.1,23.7,30.3,18.9
2026-03-18,Pasar Sehat Cicalengka,1.0,22.8,29.8,19.3
2026-03-19,Pasar Sehat Cicalengka,7.5,22.6,29.8,18.6
2026-03-20,Pasar Sehat Cicalengka,1.0,22.9,28.6,18.3
2026-03-21,Pasar Sehat Cicalengka,4.3,23.3,29.7,18.1
2026-03-22,Pasar Sehat Cicalengka,2.8,23.0,28.6,18.9
2026-03-23,Pasar Sehat Cicalengka,0.4,23.0,29.8,17.2
2026-03-24,Pasar Sehat Cicalengka,0.9,23.2,29.1,18.7
2026-03-25,Pasar Sehat Cicalengka,4.8,22.6,27.5,18.6
2026-03-26,Pasar Sehat Cicalengka,2.2,22.4,27.5,19.6
2026-03-27,Pasar Sehat Cicalengka,7.4,22.0,27.8,19.5
2026-03-28,Pasar Sehat Cicalengka,8.1,22.2,26.1,19.4
2026-03-29,Pasar Sehat Cicalengka,6.5,22.8,29.3,19.2
2026-03-30,Pasar Sehat Cicalengka,10.3,22.2,29.0,18.9
2026-03-31,Pasar Sehat Cicalengka,1.9,22.6,28.6,18.6
2026-04-01,Pasar Sehat Cicalengka,19.3,22.0,27.9,18.2
2026-04-02,Pasar Sehat Cicalengka,20.6,22.1,26.5,18.9
2026-04-03,Pasar Sehat Cicalengka,4.3,22.9,29.2,19.1
2026-04-04,Pasar Sehat Cicalengka,3.3,22.8,28.8,18.8
2026-04-05,Pasar Sehat Cicalengka,3.0,22.6,28.6,18.0
2026-04-06,Pasar Sehat Cicalengka,11.0,22.2,29.0,18.2
2026-04-07,Pasar Sehat Cicalengka,2.2,22.8,29.1,18.1
2026-04-08,Pasar Sehat Cicalengka,14.6,22.7,28.2,18.7
2026-04-09,Pasar Sehat Cicalengka,12.2,22.2,27.9,19.1
2026-04-10,Pasar Sehat Cicalengka,2.0,22.5,28.6,19.3
2026-04-11,Pasar Sehat Cicalengka,9.3,22.5,29.1,18.9
2026-04-12,Pasar Sehat Cicalengka,17.7,22.8,29.1,20.2
2026-04-13,Pasar Sehat Cicalengka,1.1,23.3,30.0,19.1
2026-04-14,Pasar Sehat Cicalengka,3.6,22.8,29.1,19.8
2026-04-15,Pasar Sehat Cicalengka,22.3,22.3,28.2,19.5
2026-04-16,Pasar Sehat Cicalengka,6.8,22.9,28.8,18.9
2026-04-17,Pasar Sehat Cicalengka,3.1,22.5,27.7,19.3
2026-04-18,Pasar Sehat Cicalengka,1.2,22.6,27.9,18.2
2026-04-19,Pasar Sehat Cicalengka,3.7,22.5,28.1,18.1
2026-04-20,Pasar Sehat Cicalengka,1.2,23.2,28.8,18.4
2026-04-21,Pasar Sehat Cicalengka,3.9,23.4,28.8,18.9
2026-04-22,Pasar Sehat Cicalengka,8.0,23.0,27.8,20.3
2026-04-23,Pasar Sehat Cicalengka,4.3,23.3,28.7,19.9
2026-04-24,Pasar Sehat Cicalengka,1.8,22.8,27.3,17.9
2026-04-25,Pasar Sehat Cicalengka,3.2,23.2,29.1,18.7
2026-04-26,Pasar Sehat Cicalengka,6.2,23.6,29.0,19.6
2026-04-27,Pasar Sehat Cicalengka,3.1,23.3,30.0,18.8
2026-04-28,Pasar Sehat Cicalengka,1.1,23.1,28.2,18.5
2026-04-29,Pasar Sehat Cicalengka,2.9,23.8,28.8,19.7
2026-04-30,Pasar Sehat Cicalengka,4.5,23.1,29.9,19.5
2026-05-01,Pasar Sehat Cicalengka,6.9,23.0,28.9,19.5
2026-05-02,Pasar Sehat Cicalengka,8.7,22.3,27.9,19.0
2026-05-03,Pasar Sehat Cicalengka,5.3,22.7,28.2,18.7
2026-05-04,Pasar Sehat Cicalengka,8.8,22.4,28.2,19.3
2026-05-05,Pasar Sehat Cicalengka,3.1,22.6,28.3,19.4
2026-05-06,Pasar Sehat Cicalengka,0.3,23.5,29.3,18.9
2026-05-07,Pasar Sehat Cicalengka,1.7,23.4,27.8,20.4
2026-05-08,Pasar Sehat Cicalengka,0.8,23.4,28.9,18.8
2026-05-09,Pasar Sehat Cicalengka,2.0,23.1,29.1,17.5
2026-05-10,Pasar Sehat Cicalengka,0.2,23.6,29.1,19.2
2026-05-11,Pasar Sehat Cicalengka,1.7,23.3,29.2,18.9
2026-05-12,Pasar Sehat Cicalengka,0.9,23.7,29.3,19.8
2026-05-13,Pasar Sehat Cicalengka,0.6,23.6,30.0,18.5
2026-05-14,Pasar Sehat Cicalengka,1.7,23.1,29.7,18.5
2026-05-15,Pasar Sehat Cicalengka,7.3,23.0,29.8,18.6
2026-05-16,Pasar Sehat Cicalengka,4.7,23.1,28.7,19.7
2026-05-17,Pasar Sehat Cicalengka,0.7,23.2,29.7,19.2
2026-05-18,Pasar Sehat Cicalengka,1.9,23.2,30.7,17.2
2026-05-19,Pasar Sehat Cicalengka,4.1,23.4,28.5,19.7
2026-05-20,Pasar Sehat Cicalengka,8.2,22.9,27.9,18.7
2026-05-21,Pasar Sehat Cicalengka,3.5,23.3,30.1,19.7
2026-05-22,Pasar Sehat Cicalengka,4.6,22.9,29.0,19.7
2026-05-23,Pasar Sehat Cicalengka,11.5,22.6,28.6,19.6
2026-05-24,Pasar Sehat Cicalengka,13.5,22.2,28.3,19.1
2026-05-25,Pasar Sehat Cicalengka,1.2,22.4,26.3,18.4
2026-05-26,Pasar Sehat Cicalengka,0.5,23.2,29.4,18.5
2026-05-27,Pasar Sehat Cicalengka,0.1,22.8,29.1,18.8
2026-05-28,Pasar Sehat Cicalengka,1.6,22.6,29.5,17.4
2026-05-29,Pasar Sehat Cicalengka,2.3,22.9,29.5,18.1
2026-05-30,Pasar Sehat Cicalengka,2.5,23.2,28.7,18.9
2026-05-31,Pasar Sehat Cicalengka,0.0,23.0,29.0,18.9
2026-06-01,Pasar Sehat Cicalengka,2.1,22.8,29.6,18.1
2026-06-02,Pasar Sehat Cicalengka,0.4,23.3,28.9,18.8
2026-06-03,Pasar Sehat Cicalengka,2.4,23.5,29.3,20.2
2026-06-04,Pasar Sehat Cicalengka,1.5,23.2,28.8,19.1
2026-06-05,Pasar Sehat Cicalengka,0.5,23.7,29.5,20.0
2026-06-06,Pasar Sehat Cicalengka,0.0,23.8,30.1,18.3
2026-06-07,Pasar Sehat Cicalengka,0.0,22.7,28.6,18.4
2026-06-08,Pasar Sehat Cicalengka,0.0,22.1,28.5,17.5
2026-06-09,Pasar Sehat Cicalengka,0.0,22.1,29.1,16.8
2026-06-10,Pasar Sehat Cicalengka,0.0,21.4,28.5,15.1
2026-06-11,Pasar Sehat Cicalengka,0.1,22.4,29.1,17.8
2026-06-12,Pasar Sehat Cicalengka,0.0,22.3,28.8,16.8
2026-06-13,Pasar Sehat Cicalengka,3.7,22.0,25.3,18.9
2026-06-14,Pasar Sehat Cicalengka,0.0,23.0,27.3,20.2
2026-06-15,Pasar Sehat Cicalengka,0.6,23.0,28.5,18.3
2026-06-16,Pasar Sehat Cicalengka,0.0,22.5,28.5,18.4
2026-06-17,Pasar Sehat Cicalengka,0.0,22.3,28.8,18.5
2026-06-18,Pasar Sehat Cicalengka,0.0,22.2,28.8,17.9
2026-06-19,Pasar Sehat Cicalengka,0.0,22.5,29.7,16.2
2026-06-20,Pasar Sehat Cicalengka,0.2,23.0,29.3,18.3
2026-06-21,Pasar Sehat Cicalengka,0.3,22.8,29.3,17.8
2026-06-22,Pasar Sehat Cicalengka,2.0,23.1,29.4,18.6
2026-06-23,Pasar Sehat Cicalengka,4.0,22.5,27.1,20.1
2026-06-24,Pasar Sehat Cicalengka,0.0,22.8,28.6,19.2
2026-06-25,Pasar Sehat Cicalengka,5.8,22.0,27.5,18.0
2026-06-26,Pasar Sehat Cicalengka,0.1,22.4,29.2,17.1
2026-06-27,Pasar Sehat Cicalengka,1.2,23.0,28.4,18.9
2026-06-28,Pasar Sehat Cicalengka,0.0,22.5,28.3,18.6
2026-06-29,Pasar Sehat Cicalengka,0.0,21.3,28.3,16.3
2026-06-30,Pasar Sehat Cicalengka,0.0,20.3,28.1,13.7
2026-07-01,Pasar Sehat Cicalengka,0.0,21.0,27.8,14.1
2026-07-02,Pasar Sehat Cicalengka,0.0,21.8,28.5,17.1
2026-07-03,Pasar Sehat Cicalengka,0.1,22.0,29.2,16.5
2026-07-04,Pasar Sehat Cicalengka,0.7,22.3,29.3,16.8
2026-07-05,Pasar Sehat Cicalengka,0.2,22.5,29.4,17.6
2026-07-06,Pasar Sehat Cicalengka,0.0,22.5,28.5,18.0
2026-07-07,Pasar Sehat Cicalengka,0.0,21.2,27.5,16.7
2026-07-08,Pasar Sehat Cicalengka,0.0,20.5,27.0,15.9
2026-07-09,Pasar Sehat Cicalengka,0.0,19.8,26.3,13.0
2026-07-10,Pasar Sehat Cicalengka,0.0,20.0,27.0,13.8
2026-07-11,Pasar Sehat Cicalengka,0.0,21.0,27.7,14.6
2026-07-12,Pasar Sehat Cicalengka,0.0,20.8,27.9,14.4
2026-07-13,Pasar Sehat Cicalengka,0.0,21.6,28.4,16.7
2026-07-14,Pasar Sehat Cicalengka,0.0,22.0,29.3,16.3
2026-07-15,Pasar Sehat Cicalengka,0.0,22.1,30.0,16.6
2026-07-16,Pasar Sehat Cicalengka,0.0,22.9,30.1,18.7
2026-07-17,Pasar Sehat Cicalengka,0.3,22.9,29.5,17.0
2026-07-18,Pasar Sehat Cicalengka,0.0,21.8,29.3,15.8
2026-07-19,Pasar Sehat Cicalengka,0.1,22.0,29.4,16.3
2026-07-20,Pasar Sehat Cicalengka,0.0,22.0,29.1,16.2
2026-07-21,Pasar Sehat Cicalengka,1.0,21.8,28.6,17.2
2026-07-22,Pasar Sehat Cicalengka,0.0,21.0,26.6,15.7
2026-07-23,Pasar Sehat Cicalengka,0.0,20.7,26.2,17.2
2026-07-24,Pasar Sehat Cicalengka,0.0,19.9,26.5,15.3
2026-07-25,Pasar Sehat Cicalengka,0.0,19.9,26.0,15.5
2026-07-26,Pasar Sehat Cicalengka,0.0,20.3,28.6,12.3
2026-07-27,Pasar Sehat Cicalengka,0.0,21.1,29.1,14.4
2026-07-28,Pasar Sehat Cicalengka,0.1,21.7,30.4,15.0
2026-07-29,Pasar Sehat Cicalengka,1.9,22.2,30.1,17.5
2026-07-30,Pasar Sehat Cicalengka,2.7,22.8,31.1,17.3
2026-07-31,Pasar Sehat Cicalengka,0.0,22.6,30.0,17.2
2026-08-01,Pasar Sehat Cicalengka,0.3,22.7,30.2,16.3
2026-08-02,Pasar Sehat Cicalengka,1.7,22.8,29.4,17.5
2026-08-03,Pasar Sehat Cicalengka,2.8,23.0,30.7,17.6
2026-08-04,Pasar Sehat Cicalengka,0.0,23.2,30.9,17.3
2026-08-05,Pasar Sehat Cicalengka,0.0,22.7,30.3,16.0
2026-08-06,Pasar Sehat Cicalengka,0.0,22.8,30.4,16.7
2026-08-07,Pasar Sehat Cicalengka,0.0,23.3,31.0,17.5
2026-08-08,Pasar Sehat Cicalengka,0.0,23.1,31.3,18.0
2026-08-09,Pasar Sehat Cicalengka,0.0,21.9,30.9,13.9
2026-08-10,Pasar Sehat Cicalengka,0.0,22.3,30.7,16.4
2026-08-11,Pasar Sehat Cicalengka,0.0,23.2,30.7,17.5
2026-08-12,Pasar Sehat Cicalengka,0.0,22.6,30.4,15.8
2026-08-13,Pasar Sehat Cicalengka,0.0,23.0,31.3,15.6
2026-08-14,Pasar Sehat Cicalengka,0.8,23.7,32.4,18.4
2026-08-15,Pasar Sehat Cicalengka,1.9,23.3,30.7,18.7
2026-08-16,Pasar Sehat Cicalengka,1.4,23.8,31.2,18.3
2026-08-17,Pasar Sehat Cicalengka,1.7,23.6,30.2,19.9
2026-08-18,Pasar Sehat Cicalengka,0.0,24.0,31.2,18.8
2026-08-19,Pasar Sehat Cicalengka,1.9,23.8,29.6,19.4
2026-08-20,Pasar Sehat Cicalengka,0.3,23.6,30.4,18.9
2026-08-21,Pasar Sehat Cicalengka,0.0,23.4,31.0,18.3
2026-08-22,Pasar Sehat Cicalengka,0.0,23.4,30.9,16.7
2024-08-22,Pasar Cileunyi,0.1,24.6,31.2,18.1
2024-08-23,Pasar Cileunyi,0.4,24.2,30.4,18.2
2024-08-24,Pasar Cileunyi,0.0,22.1,29.7,16.2
2024-08-25,Pasar Cileunyi,0.0,22.6,30.4,16.2
2024-08-26,Pasar Cileunyi,0.0,23.1,31.0,17.3
2024-08-27,Pasar Cileunyi,0.0,21.9,29.0,17.3
2024-08-28,Pasar Cileunyi,0.0,22.5,30.1,14.9
2024-08-29,Pasar Cileunyi,0.0,22.5,28.5,18.0
2024-08-30,Pasar Cileunyi,0.0,22.7,29.9,17.0
2024-08-31,Pasar Cileunyi,0.7,23.8,32.1,16.2
2024-09-01,Pasar Cileunyi,0.7,24.3,30.6,18.4
2024-09-02,Pasar Cileunyi,0.0,24.8,32.3,19.0
2024-09-03,Pasar Cileunyi,0.0,23.5,31.2,17.1
2024-09-04,Pasar Cileunyi,0.0,24.0,31.9,17.2
2024-09-05,Pasar Cileunyi,3.2,23.3,29.5,18.6
2024-09-06,Pasar Cileunyi,0.0,24.0,30.8,19.6
2024-09-07,Pasar Cileunyi,0.0,23.0,29.9,18.0
2024-09-08,Pasar Cileunyi,2.2,23.9,31.2,19.2
2024-09-09,Pasar Cileunyi,28.7,22.5,29.4,18.3
2024-09-10,Pasar Cileunyi,20.3,22.2,27.4,18.4
2024-09-11,Pasar Cileunyi,13.0,22.7,28.3,20.0
2024-09-12,Pasar Cileunyi,0.4,22.9,27.8,18.6
2024-09-13,Pasar Cileunyi,0.0,21.2,27.0,16.7
2024-09-14,Pasar Cileunyi,0.0,20.9,27.2,15.5
2024-09-15,Pasar Cileunyi,0.0,21.3,27.5,15.6
2024-09-16,Pasar Cileunyi,0.0,20.8,27.3,14.7
2024-09-17,Pasar Cileunyi,0.0,21.1,27.9,15.5
2024-09-18,Pasar Cileunyi,0.0,20.8,29.1,13.9
2024-09-19,Pasar Cileunyi,0.0,21.6,30.3,13.5
2024-09-20,Pasar Cileunyi,0.0,23.0,30.6,15.4
2024-09-21,Pasar Cileunyi,0.2,24.5,31.6,18.1
2024-09-22,Pasar Cileunyi,3.8,24.4,29.2,19.4
2024-09-23,Pasar Cileunyi,7.1,24.0,29.0,20.9
2024-09-24,Pasar Cileunyi,17.6,22.4,26.5,19.8
2024-09-25,Pasar Cileunyi,11.9,22.6,28.8,18.6
2024-09-26,Pasar Cileunyi,3.6,22.6,28.2,18.7
2024-09-27,Pasar Cileunyi,5.1,23.0,28.8,18.6
2024-09-28,Pasar Cileunyi,2.4,23.4,28.9,18.9
2024-09-29,Pasar Cileunyi,2.3,22.9,29.0,18.7
2024-09-30,Pasar Cileunyi,0.0,23.5,29.8,18.6
2024-10-01,Pasar Cileunyi,2.9,23.2,29.6,18.4
2024-10-02,Pasar Cileunyi,1.1,23.5,28.9,19.2
2024-10-03,Pasar Cileunyi,2.6,22.7,29.2,18.1
2024-10-04,Pasar Cileunyi,4.0,22.9,28.9,18.7
2024-10-05,Pasar Cileunyi,1.5,22.5,28.4,17.5
2024-10-06,Pasar Cileunyi,0.8,22.9,28.8,18.1
2024-10-07,Pasar Cileunyi,0.0,23.7,30.1,18.9
2024-10-08,Pasar Cileunyi,0.0,23.3,29.5,18.5
2024-10-09,Pasar Cileunyi,0.9,23.6,29.6,18.6
2024-10-10,Pasar Cileunyi,7.5,23.1,30.6,18.3
2024-10-11,Pasar Cileunyi,0.8,24.1,29.7,19.4
2024-10-12,Pasar Cileunyi,2.1,24.2,30.5,19.3
2024-10-13,Pasar Cileunyi,0.1,24.5,30.8,19.5
2024-10-14,Pasar Cileunyi,0.7,24.3,30.8,19.3
2024-10-15,Pasar Cileunyi,0.3,24.1,30.2,19.4
2024-10-16,Pasar Cileunyi,0.0,22.8,30.2,17.0
2024-10-17,Pasar Cileunyi,0.0,22.4,30.2,16.0
2024-10-18,Pasar Cileunyi,0.1,23.5,30.9,16.1
2024-10-19,Pasar Cileunyi,1.3,24.2,30.5,17.8
2024-10-20,Pasar Cileunyi,0.0,24.3,30.6,19.6
2024-10-21,Pasar Cileunyi,0.6,24.0,30.6,18.0
2024-10-22,Pasar Cileunyi,18.0,23.4,30.5,18.9
2024-10-23,Pasar Cileunyi,3.2,23.7,29.3,19.4
2024-10-24,Pasar Cileunyi,0.2,23.8,29.5,19.1
2024-10-25,Pasar Cileunyi,0.0,24.1,30.0,19.3
2024-10-26,Pasar Cileunyi,1.5,23.8,30.0,18.6
2024-10-27,Pasar Cileunyi,6.7,22.9,29.6,18.8
2024-10-28,Pasar Cileunyi,0.6,23.3,29.9,18.3
2024-10-29,Pasar Cileunyi,0.0,24.3,30.9,18.9
2024-10-30,Pasar Cileunyi,0.0,24.0,30.1,18.1
2024-10-31,Pasar Cileunyi,2.1,23.7,29.2,18.5
2024-11-01,Pasar Cileunyi,12.9,23.6,29.1,19.6
2024-11-02,Pasar Cileunyi,15.5,23.6,29.4,19.9
2024-11-03,Pasar Cileunyi,12.8,22.4,28.7,19.2
2024-11-04,Pasar Cileunyi,11.8,22.5,26.8,19.6
2024-11-05,Pasar Cileunyi,21.1,22.5,28.1,18.8
2024-11-06,Pasar Cileunyi,11.5,22.3,27.5,18.7
2024-11-07,Pasar Cileunyi,5.4,22.7,28.3,18.0
2024-11-08,Pasar Cileunyi,1.6,23.5,28.9,18.7
2024-11-09,Pasar Cileunyi,11.8,22.6,28.8,19.0
2024-11-10,Pasar Cileunyi,8.3,23.1,28.3,19.5
2024-11-11,Pasar Cileunyi,12.5,22.8,27.2,20.0
2024-11-12,Pasar Cileunyi,15.8,22.7,28.1,19.3
2024-11-13,Pasar Cileunyi,4.7,23.4,29.2,19.2
2024-11-14,Pasar Cileunyi,1.7,23.7,28.5,19.4
2024-11-15,Pasar Cileunyi,4.4,23.6,28.9,20.0
2024-11-16,Pasar Cileunyi,9.0,23.4,28.1,20.4
2024-11-17,Pasar Cileunyi,11.1,23.4,29.0,20.5
2024-11-18,Pasar Cileunyi,19.5,23.2,28.8,20.1
2024-11-19,Pasar Cileunyi,6.1,23.0,29.1,19.2
2024-11-20,Pasar Cileunyi,20.6,23.2,30.6,19.3
2024-11-21,Pasar Cileunyi,11.9,23.2,29.7,20.1
2024-11-22,Pasar Cileunyi,22.3,23.1,28.5,19.8
2024-11-23,Pasar Cileunyi,14.4,22.8,29.2,20.0
2024-11-24,Pasar Cileunyi,12.0,22.9,29.6,20.6
2024-11-25,Pasar Cileunyi,3.3,23.7,29.7,20.7
2024-11-26,Pasar Cileunyi,5.7,23.7,29.1,20.2
2024-11-27,Pasar Cileunyi,2.0,23.3,29.5,20.4
2024-11-28,Pasar Cileunyi,13.8,23.3,28.4,20.3
2024-11-29,Pasar Cileunyi,2.8,24.0,28.1,21.1
2024-11-30,Pasar Cileunyi,6.6,24.0,29.7,20.7
2024-12-01,Pasar Cileunyi,7.2,23.9,29.9,21.1
2024-12-02,Pasar Cileunyi,11.8,22.9,28.7,20.4
2024-12-03,Pasar Cileunyi,25.3,21.9,24.5,20.7
2024-12-04,Pasar Cileunyi,6.5,22.5,25.7,20.0
2024-12-05,Pasar Cileunyi,20.7,23.0,26.5,20.6
2024-12-06,Pasar Cileunyi,12.5,23.1,27.4,21.1
2024-12-07,Pasar Cileunyi,18.0,23.3,28.1,20.2
2024-12-08,Pasar Cileunyi,22.2,23.7,27.6,20.5
2024-12-09,Pasar Cileunyi,2.8,23.3,27.1,20.7
2024-12-10,Pasar Cileunyi,4.9,23.5,27.2,20.9
2024-12-11,Pasar Cileunyi,10.7,23.6,27.9,21.4
2024-12-12,Pasar Cileunyi,2.0,24.2,29.1,20.9
2024-12-13,Pasar Cileunyi,10.0,24.2,29.7,20.7
2024-12-14,Pasar Cileunyi,6.4,23.0,26.0,21.1
2024-12-15,Pasar Cileunyi,17.3,22.8,27.8,20.6
2024-12-16,Pasar Cileunyi,4.3,23.2,28.8,20.9
2024-12-17,Pasar Cileunyi,27.9,23.1,27.4,19.4
2024-12-18,Pasar Cileunyi,3.6,23.0,26.3,20.9
2024-12-19,Pasar Cileunyi,0.8,23.7,28.4,20.6
2024-12-20,Pasar Cileunyi,4.7,23.2,28.5,20.3
2024-12-21,Pasar Cileunyi,5.5,23.7,29.2,20.0
2024-12-22,Pasar Cileunyi,13.2,23.1,27.9,20.0
2024-12-23,Pasar Cileunyi,13.1,22.7,27.3,19.8
2024-12-24,Pasar Cileunyi,14.5,22.2,26.3,20.5
2024-12-25,Pasar Cileunyi,7.7,23.0,28.6,20.5
2024-12-26,Pasar Cileunyi,0.9,23.5,27.1,20.7
2024-12-27,Pasar Cileunyi,3.8,23.7,28.9,20.5
2024-12-28,Pasar Cileunyi,0.1,23.9,28.5,20.1
2024-12-29,Pasar Cileunyi,0.2,23.7,28.1,20.7
2024-12-30,Pasar Cileunyi,1.1,22.9,27.2,21.2
2024-12-31,Pasar Cileunyi,0.0,23.3,27.1,21.0
2025-01-01,Pasar Cileunyi,10.0,23.2,29.3,20.6
2025-01-02,Pasar Cileunyi,0.5,23.9,29.7,19.6
2025-01-03,Pasar Cileunyi,1.4,24.0,29.7,19.7
2025-01-04,Pasar Cileunyi,2.3,22.8,28.3,18.9
2025-01-05,Pasar Cileunyi,14.0,22.8,27.9,20.0
2025-01-06,Pasar Cileunyi,3.3,23.2,29.0,18.9
2025-01-07,Pasar Cileunyi,9.8,22.9,28.0,20.0
2025-01-08,Pasar Cileunyi,3.6,22.4,27.0,19.7
2025-01-09,Pasar Cileunyi,17.3,21.3,23.6,19.7
2025-01-10,Pasar Cileunyi,8.4,23.1,28.6,19.8
2025-01-11,Pasar Cileunyi,3.6,22.8,28.1,18.9
2025-01-12,Pasar Cileunyi,1.3,23.0,27.2,19.9
2025-01-13,Pasar Cileunyi,10.4,23.0,29.0,19.7
2025-01-14,Pasar Cileunyi,14.1,22.5,27.4,20.3
2025-01-15,Pasar Cileunyi,9.8,23.5,29.0,20.2
2025-01-16,Pasar Cileunyi,4.2,23.2,27.3,20.5
2025-01-17,Pasar Cileunyi,9.2,23.0,28.2,20.7
2025-01-18,Pasar Cileunyi,9.7,22.4,26.1,20.3
2025-01-19,Pasar Cileunyi,2.9,23.0,27.3,20.2
2025-01-20,Pasar Cileunyi,13.5,22.0,26.0,20.2
2025-01-21,Pasar Cileunyi,14.9,22.5,27.2,20.1
2025-01-22,Pasar Cileunyi,4.6,23.0,28.8,20.4
2025-01-23,Pasar Cileunyi,4.2,23.2,28.9,20.0
2025-01-24,Pasar Cileunyi,11.3,22.8,27.1,20.5
2025-01-25,Pasar Cileunyi,10.3,22.7,27.6,19.1
2025-01-26,Pasar Cileunyi,15.8,23.0,28.7,19.7
2025-01-27,Pasar Cileunyi,1.5,23.2,28.0,20.0
2025-01-28,Pasar Cileunyi,17.8,22.8,28.1,20.0
2025-01-29,Pasar Cileunyi,12.2,22.3,25.5,20.5
2025-01-30,Pasar Cileunyi,2.1,21.9,24.7,19.9
2025-01-31,Pasar Cileunyi,1.3,23.0,27.6,20.3
2025-02-01,Pasar Cileunyi,1.5,23.2,27.8,20.2
2025-02-02,Pasar Cileunyi,2.1,23.6,28.6,20.2
2025-02-03,Pasar Cileunyi,1.1,23.7,28.5,19.6
2025-02-04,Pasar Cileunyi,0.9,23.5,27.8,20.1
2025-02-05,Pasar Cileunyi,3.4,23.0,26.6,19.5
2025-02-06,Pasar Cileunyi,2.9,22.7,26.6,20.4
2025-02-07,Pasar Cileunyi,6.7,22.8,27.3,20.2
2025-02-08,Pasar Cileunyi,9.9,22.3,27.0,19.3
2025-02-09,Pasar Cileunyi,7.5,22.8,27.3,19.0
2025-02-10,Pasar Cileunyi,3.0,22.7,26.8,19.9
2025-02-11,Pasar Cileunyi,0.9,23.0,28.7,18.6
2025-02-12,Pasar Cileunyi,0.8,23.3,30.3,18.8
2025-02-13,Pasar Cileunyi,4.6,22.9,28.6,18.8
2025-02-14,Pasar Cileunyi,12.2,23.0,29.0,19.5
2025-02-15,Pasar Cileunyi,3.8,23.0,28.1,19.8
2025-02-16,Pasar Cileunyi,2.4,23.0,28.0,19.1
2025-02-17,Pasar Cileunyi,16.0,22.6,27.2,19.7
2025-02-18,Pasar Cileunyi,24.4,22.4,27.8,19.7
2025-02-19,Pasar Cileunyi,4.9,21.9,26.5,19.0
2025-02-20,Pasar Cileunyi,1.3,22.8,28.1,17.8
2025-02-21,Pasar Cileunyi,5.8,22.8,28.3,19.3
2025-02-22,Pasar Cileunyi,5.6,23.1,27.4,20.3
2025-02-23,Pasar Cileunyi,12.0,22.4,26.4,20.0
2025-02-24,Pasar Cileunyi,31.2,22.4,26.7,20.0
2025-02-25,Pasar Cileunyi,15.3,22.7,28.7,20.2
2025-02-26,Pasar Cileunyi,4.9,22.3,26.5,20.1
2025-02-27,Pasar Cileunyi,21.2,22.2,27.8,18.8
2025-02-28,Pasar Cileunyi,12.3,22.8,28.3,19.6
2025-03-01,Pasar Cileunyi,2.2,23.4,28.9,20.2
2025-03-02,Pasar Cileunyi,11.4,23.0,29.2,19.4
2025-03-03,Pasar Cileunyi,9.7,22.9,27.5,19.5
2025-03-04,Pasar Cileunyi,17.8,22.8,27.0,20.3
2025-03-05,Pasar Cileunyi,0.1,23.4,28.4,19.4
2025-03-06,Pasar Cileunyi,11.0,22.8,29.1,18.7
2025-03-07,Pasar Cileunyi,5.8,22.8,28.8,19.7
2025-03-08,Pasar Cileunyi,15.1,23.1,28.8,20.0
2025-03-09,Pasar Cileunyi,16.9,22.3,26.4,19.6
2025-03-10,Pasar Cileunyi,3.6,22.5,27.6,18.7
2025-03-11,Pasar Cileunyi,8.0,23.4,28.8,19.7
2025-03-12,Pasar Cileunyi,5.7,23.2,27.9,19.9
2025-03-13,Pasar Cileunyi,13.8,23.6,29.0,20.4
2025-03-14,Pasar Cileunyi,14.6,23.0,29.3,20.7
2025-03-15,Pasar Cileunyi,26.5,22.4,28.6,19.7
2025-03-16,Pasar Cileunyi,7.7,22.7,27.7,20.1
2025-03-17,Pasar Cileunyi,18.6,22.4,28.6,18.5
2025-03-18,Pasar Cileunyi,5.5,22.4,25.1,20.5
2025-03-19,Pasar Cileunyi,5.0,22.8,27.7,19.7
2025-03-20,Pasar Cileunyi,0.1,24.1,28.9,21.0
2025-03-21,Pasar Cileunyi,1.2,23.4,28.4,20.0
2025-03-22,Pasar Cileunyi,0.5,23.3,27.8,19.7
2025-03-23,Pasar Cileunyi,0.7,23.8,29.3,19.5
2025-03-24,Pasar Cileunyi,1.0,23.8,29.0,19.5
2025-03-25,Pasar Cileunyi,1.4,24.1,28.6,20.3
2025-03-26,Pasar Cileunyi,14.1,22.7,28.9,18.4
2025-03-27,Pasar Cileunyi,5.2,23.3,29.5,19.2
2025-03-28,Pasar Cileunyi,29.4,22.9,27.5,20.6
2025-03-29,Pasar Cileunyi,0.2,23.4,27.8,20.5
2025-03-30,Pasar Cileunyi,1.9,23.5,30.0,18.3
2025-03-31,Pasar Cileunyi,1.6,23.5,29.2,19.5
2025-04-01,Pasar Cileunyi,17.0,22.0,26.9,18.2
2025-04-02,Pasar Cileunyi,18.1,22.0,26.5,18.6
2025-04-03,Pasar Cileunyi,15.3,22.5,26.4,20.6
2025-04-04,Pasar Cileunyi,5.0,22.6,26.4,19.6
2025-04-05,Pasar Cileunyi,14.3,22.5,27.5,19.3
2025-04-06,Pasar Cileunyi,9.3,22.8,28.6,19.5
2025-04-07,Pasar Cileunyi,2.0,24.0,30.2,19.9
2025-04-08,Pasar Cileunyi,0.2,23.3,29.0,19.0
2025-04-09,Pasar Cileunyi,6.4,23.0,28.3,19.0
2025-04-10,Pasar Cileunyi,2.5,22.8,28.3,19.6
2025-04-11,Pasar Cileunyi,5.7,23.0,27.9,19.9
2025-04-12,Pasar Cileunyi,11.0,22.9,27.2,20.4
2025-04-13,Pasar Cileunyi,51.0,22.4,28.0,19.6
2025-04-14,Pasar Cileunyi,8.1,22.7,27.4,20.2
2025-04-15,Pasar Cileunyi,7.3,22.5,26.7,19.2
2025-04-16,Pasar Cileunyi,1.2,23.7,29.8,19.3
2025-04-17,Pasar Cileunyi,0.0,23.4,28.6,18.0
2025-04-18,Pasar Cileunyi,16.6,23.0,27.2,20.8
2025-04-19,Pasar Cileunyi,5.9,23.4,29.3,20.1
2025-04-20,Pasar Cileunyi,6.5,23.5,29.1,20.6
2025-04-21,Pasar Cileunyi,2.6,23.1,27.5,21.0
2025-04-22,Pasar Cileunyi,9.1,23.3,28.7,19.5
2025-04-23,Pasar Cileunyi,3.6,22.5,28.2,18.6
2025-04-24,Pasar Cileunyi,2.4,22.4,28.2,18.6
2025-04-25,Pasar Cileunyi,2.9,22.6,27.2,18.9
2025-04-26,Pasar Cileunyi,3.3,22.3,26.8,19.1
2025-04-27,Pasar Cileunyi,0.6,23.5,29.1,18.7
2025-04-28,Pasar Cileunyi,0.0,23.0,29.5,17.5
2025-04-29,Pasar Cileunyi,0.5,22.0,28.3,15.2
2025-04-30,Pasar Cileunyi,0.4,22.7,29.5,17.1
2025-05-01,Pasar Cileunyi,0.7,23.5,29.9,18.5
2025-05-02,Pasar Cileunyi,0.6,22.9,29.6,17.5
2025-05-03,Pasar Cileunyi,2.4,23.2,28.5,19.7
2025-05-04,Pasar Cileunyi,24.9,22.5,27.1,20.3
2025-05-05,Pasar Cileunyi,1.6,23.4,28.8,19.5
2025-05-06,Pasar Cileunyi,7.5,22.9,29.0,18.3
2025-05-07,Pasar Cileunyi,8.2,22.5,27.7,19.6
2025-05-08,Pasar Cileunyi,13.9,23.1,28.9,19.6
2025-05-09,Pasar Cileunyi,2.5,23.2,28.4,19.2
2025-05-10,Pasar Cileunyi,16.0,23.3,29.0,19.6
2025-05-11,Pasar Cileunyi,13.6,23.3,28.2,20.5
2025-05-12,Pasar Cileunyi,2.9,23.7,29.4,20.3
2025-05-13,Pasar Cileunyi,18.5,22.8,27.7,20.5
2025-05-14,Pasar Cileunyi,27.9,22.8,28.3,20.4
2025-05-15,Pasar Cileunyi,12.6,22.9,29.1,19.3
2025-05-16,Pasar Cileunyi,13.3,23.0,28.8,20.9
2025-05-17,Pasar Cileunyi,2.3,23.2,27.9,20.5
2025-05-18,Pasar Cileunyi,12.9,22.9,28.5,19.5
2025-05-19,Pasar Cileunyi,1.6,22.9,26.9,20.3
2025-05-20,Pasar Cileunyi,0.9,23.4,28.2,20.1
2025-05-21,Pasar Cileunyi,28.1,22.2,24.7,20.1
2025-05-22,Pasar Cileunyi,16.1,22.6,26.6,20.3
2025-05-23,Pasar Cileunyi,18.5,22.0,27.1,19.2
2025-05-24,Pasar Cileunyi,13.3,22.7,27.4,20.9
2025-05-25,Pasar Cileunyi,17.2,22.8,26.6,20.0
2025-05-26,Pasar Cileunyi,30.6,22.6,25.7,20.7
2025-05-27,Pasar Cileunyi,0.5,23.6,28.4,19.7
2025-05-28,Pasar Cileunyi,1.0,23.7,29.0,19.1
2025-05-29,Pasar Cileunyi,1.6,23.5,29.3,19.2
2025-05-30,Pasar Cileunyi,0.0,23.9,30.1,19.3
2025-05-31,Pasar Cileunyi,0.7,23.6,30.0,18.5
2025-06-01,Pasar Cileunyi,0.8,23.1,28.2,20.4
2025-06-02,Pasar Cileunyi,0.2,23.8,29.6,19.8
2025-06-03,Pasar Cileunyi,1.4,22.9,28.3,18.5
2025-06-04,Pasar Cileunyi,0.3,23.4,29.0,17.8
2025-06-05,Pasar Cileunyi,1.4,23.4,28.8,19.0
2025-06-06,Pasar Cileunyi,12.0,22.4,28.4,18.5
2025-06-07,Pasar Cileunyi,1.7,23.2,29.1,19.9
2025-06-08,Pasar Cileunyi,0.0,22.7,28.4,17.3
2025-06-09,Pasar Cileunyi,0.9,22.5,28.0,17.8
2025-06-10,Pasar Cileunyi,9.4,22.4,28.3,19.0
2025-06-11,Pasar Cileunyi,1.6,22.3,27.2,19.2
2025-06-12,Pasar Cileunyi,1.1,23.3,27.8,18.9
2025-06-13,Pasar Cileunyi,0.0,23.5,29.1,19.6
2025-06-14,Pasar Cileunyi,0.7,23.0,28.2,19.0
2025-06-15,Pasar Cileunyi,1.4,23.3,28.2,19.9
2025-06-16,Pasar Cileunyi,1.8,23.1,29.4,18.9
2025-06-17,Pasar Cileunyi,2.6,23.0,28.1,19.7
2025-06-18,Pasar Cileunyi,5.1,22.0,27.0,19.2
2025-06-19,Pasar Cileunyi,1.3,21.9,26.6,19.9
2025-06-20,Pasar Cileunyi,12.7,21.9,26.7,18.8
2025-06-21,Pasar Cileunyi,11.1,21.9,27.3,18.1
2025-06-22,Pasar Cileunyi,0.8,22.7,27.9,19.1
2025-06-23,Pasar Cileunyi,2.2,22.3,27.1,18.8
2025-06-24,Pasar Cileunyi,1.2,22.1,27.0,18.1
2025-06-25,Pasar Cileunyi,2.7,21.9,27.7,18.3
2025-06-26,Pasar Cileunyi,0.0,22.8,28.5,18.9
2025-06-27,Pasar Cileunyi,0.0,22.2,28.1,17.0
2025-06-28,Pasar Cileunyi,3.0,21.8,26.7,18.9
2025-06-29,Pasar Cileunyi,1.8,21.7,26.7,18.2
2025-06-30,Pasar Cileunyi,2.3,22.3,27.6,18.8
2025-07-01,Pasar Cileunyi,21.4,22.3,27.2,19.9
2025-07-02,Pasar Cileunyi,2.2,22.3,28.7,17.7
2025-07-03,Pasar Cileunyi,3.8,22.3,26.9,19.2
2025-07-04,Pasar Cileunyi,3.6,22.1,27.8,18.4
2025-07-05,Pasar Cileunyi,30.3,21.8,27.7,18.5
2025-07-06,Pasar Cileunyi,8.0,21.8,27.5,19.1
2025-07-07,Pasar Cileunyi,5.5,21.8,27.8,18.4
2025-07-08,Pasar Cileunyi,1.4,22.8,28.8,19.0
2025-07-09,Pasar Cileunyi,0.0,21.7,27.0,17.1
2025-07-10,Pasar Cileunyi,0.0,21.1,27.9,15.7
2025-07-11,Pasar Cileunyi,2.4,21.1,26.5,16.0
2025-07-12,Pasar Cileunyi,0.0,22.1,28.2,17.0
2025-07-13,Pasar Cileunyi,0.8,22.5,27.3,18.3
2025-07-14,Pasar Cileunyi,1.7,22.4,27.4,19.1
2025-07-15,Pasar Cileunyi,0.8,22.0,28.2,16.3
2025-07-16,Pasar Cileunyi,1.5,22.5,27.9,18.1
2025-07-17,Pasar Cileunyi,0.0,22.4,28.6,18.4
2025-07-18,Pasar Cileunyi,0.1,21.7,28.3,16.2
2025-07-19,Pasar Cileunyi,0.0,22.2,29.1,16.7
2025-07-20,Pasar Cileunyi,0.0,21.8,28.9,16.2
2025-07-21,Pasar Cileunyi,0.0,21.5,28.8,16.1
2025-07-22,Pasar Cileunyi,0.0,21.0,28.4,14.7
2025-07-23,Pasar Cileunyi,0.0,22.0,29.1,15.5
2025-07-24,Pasar Cileunyi,0.1,22.5,30.0,16.7
2025-07-25,Pasar Cileunyi,0.7,22.8,29.2,18.4
2025-07-26,Pasar Cileunyi,0.6,23.1,29.6,17.8
2025-07-27,Pasar Cileunyi,5.3,22.4,28.0,19.1
2025-07-28,Pasar Cileunyi,6.7,22.2,28.0,18.6
2025-07-29,Pasar Cileunyi,1.4,22.6,25.9,20.5
2025-07-30,Pasar Cileunyi,1.6,22.8,27.2,20.0
2025-07-31,Pasar Cileunyi,0.7,23.0,28.2,18.8
2025-08-01,Pasar Cileunyi,1.0,23.0,29.7,18.3
2025-08-02,Pasar Cileunyi,0.2,23.0,29.9,17.1
2025-08-03,Pasar Cileunyi,5.7,22.9,29.4,17.9
2025-08-04,Pasar Cileunyi,7.9,22.1,28.3,18.8
2025-08-05,Pasar Cileunyi,3.0,22.4,28.3,18.5
2025-08-06,Pasar Cileunyi,0.3,22.7,29.5,18.7
2025-08-07,Pasar Cileunyi,0.5,23.2,29.6,18.2
2025-08-08,Pasar Cileunyi,0.4,23.2,29.1,19.4
2025-08-09,Pasar Cileunyi,6.7,22.4,27.3,18.8
2025-08-10,Pasar Cileunyi,0.4,22.8,28.8,18.4
2025-08-11,Pasar Cileunyi,23.7,21.8,28.1,18.3
2025-08-12,Pasar Cileunyi,2.1,21.5,25.0,19.1
2025-08-13,Pasar Cileunyi,9.4,21.6,27.4,18.1
2025-08-14,Pasar Cileunyi,21.3,21.0,25.2,18.0
2025-08-15,Pasar Cileunyi,0.7,20.8,27.4,16.1
2025-08-16,Pasar Cileunyi,2.3,21.7,28.3,16.5
2025-08-17,Pasar Cileunyi,0.0,22.3,28.2,17.4
2025-08-18,Pasar Cileunyi,4.0,22.6,28.0,17.6
2025-08-19,Pasar Cileunyi,5.3,21.7,26.3,19.1
2025-08-20,Pasar Cileunyi,2.1,22.3,27.2,19.1
2025-08-21,Pasar Cileunyi,6.2,22.1,26.5,19.2
2025-08-22,Pasar Cileunyi,2.4,22.2,27.7,18.5
2025-08-23,Pasar Cileunyi,0.8,23.0,28.5,17.6
2025-08-24,Pasar Cileunyi,1.5,23.3,28.1,20.0
2025-08-25,Pasar Cileunyi,0.8,22.6,28.4,18.6
2025-08-26,Pasar Cileunyi,0.0,21.4,28.2,16.8
2025-08-27,Pasar Cileunyi,0.4,21.3,28.0,15.1
2025-08-28,Pasar Cileunyi,0.2,22.1,27.2,18.3
2025-08-29,Pasar Cileunyi,6.6,22.0,28.2,17.8
2025-08-30,Pasar Cileunyi,2.7,22.9,27.8,19.3
2025-08-31,Pasar Cileunyi,16.3,22.1,27.8,19.5
2025-09-01,Pasar Cileunyi,2.4,23.4,29.8,18.8
2025-09-02,Pasar Cileunyi,0.3,23.1,29.0,19.2
2025-09-03,Pasar Cileunyi,0.0,23.2,29.7,18.3
2025-09-04,Pasar Cileunyi,0.1,23.6,31.0,18.3
2025-09-05,Pasar Cileunyi,2.0,22.5,28.7,18.3
2025-09-06,Pasar Cileunyi,0.0,22.4,28.1,18.3
2025-09-07,Pasar Cileunyi,0.0,22.1,29.9,16.8
2025-09-08,Pasar Cileunyi,8.9,22.2,28.8,18.4
2025-09-09,Pasar Cileunyi,9.3,21.9,28.5,18.1
2025-09-10,Pasar Cileunyi,13.3,22.4,28.2,18.9
2025-09-11,Pasar Cileunyi,17.3,22.1,26.4,20.0
2025-09-12,Pasar Cileunyi,10.5,22.2,27.9,19.0
2025-09-13,Pasar Cileunyi,0.5,22.8,28.6,17.7
2025-09-14,Pasar Cileunyi,0.0,22.4,29.1,17.5
2025-09-15,Pasar Cileunyi,0.0,22.3,29.6,16.7
2025-09-16,Pasar Cileunyi,4.4,22.4,29.1,17.8
2025-09-17,Pasar Cileunyi,4.1,22.3,28.1,19.1
2025-09-18,Pasar Cileunyi,1.8,22.5,27.6,19.2
2025-09-19,Pasar Cileunyi,4.6,23.0,28.5,19.4
2025-09-20,Pasar Cileunyi,18.1,22.1,26.4,19.1
2025-09-21,Pasar Cileunyi,9.9,22.8,28.6,19.0
2025-09-22,Pasar Cileunyi,0.0,23.5,30.6,18.2
2025-09-23,Pasar Cileunyi,0.0,23.1,30.3,16.7
2025-09-24,Pasar Cileunyi,0.4,23.4,30.6,17.6
2025-09-25,Pasar Cileunyi,1.1,23.4,30.3,17.6
2025-09-26,Pasar Cileunyi,6.4,23.2,28.7,18.2
2025-09-27,Pasar Cileunyi,2.3,23.7,29.5,19.0
2025-09-28,Pasar Cileunyi,1.2,23.9,29.3,19.6
2025-09-29,Pasar Cileunyi,8.8,22.6,29.0,19.3
2025-09-30,Pasar Cileunyi,11.0,23.1,29.2,20.2
2025-10-01,Pasar Cileunyi,8.8,22.6,28.8,19.0
2025-10-02,Pasar Cileunyi,7.5,22.3,26.8,19.5
2025-10-03,Pasar Cileunyi,0.3,23.9,30.4,18.3
2025-10-04,Pasar Cileunyi,0.0,24.2,31.8,18.2
2025-10-05,Pasar Cileunyi,1.3,23.1,29.8,17.8
2025-10-06,Pasar Cileunyi,0.3,23.7,30.0,18.4
2025-10-07,Pasar Cileunyi,0.9,24.0,30.3,19.1
2025-10-08,Pasar Cileunyi,1.0,23.2,29.2,18.4
2025-10-09,Pasar Cileunyi,1.2,23.2,30.5,17.0
2025-10-10,Pasar Cileunyi,1.9,23.8,29.8,19.0
2025-10-11,Pasar Cileunyi,3.6,22.9,28.9,18.4
2025-10-12,Pasar Cileunyi,0.0,24.0,30.3,18.9
2025-10-13,Pasar Cileunyi,11.6,23.4,29.5,19.2
2025-10-14,Pasar Cileunyi,0.5,24.5,30.9,19.9
2025-10-15,Pasar Cileunyi,3.0,24.5,30.0,19.9
2025-10-16,Pasar Cileunyi,0.5,24.5,30.6,19.8
2025-10-17,Pasar Cileunyi,0.5,24.2,30.4,19.7
2025-10-18,Pasar Cileunyi,1.6,24.6,29.6,19.5
2025-10-19,Pasar Cileunyi,1.3,24.2,29.6,20.9
2025-10-20,Pasar Cileunyi,3.7,24.2,30.1,19.5
2025-10-21,Pasar Cileunyi,25.8,23.7,30.4,20.5
2025-10-22,Pasar Cileunyi,17.4,23.2,28.3,20.5
2025-10-23,Pasar Cileunyi,4.7,22.6,27.3,20.1
2025-10-24,Pasar Cileunyi,8.9,22.1,27.4,20.1
2025-10-25,Pasar Cileunyi,0.6,22.9,28.8,19.6
2025-10-26,Pasar Cileunyi,13.1,21.9,29.3,18.6
2025-10-27,Pasar Cileunyi,22.8,22.7,29.0,19.2
2025-10-28,Pasar Cileunyi,6.0,22.2,25.9,19.4
2025-10-29,Pasar Cileunyi,13.0,22.5,27.6,19.2
2025-10-30,Pasar Cileunyi,18.0,22.4,29.0,19.7
2025-10-31,Pasar Cileunyi,10.7,22.7,29.0,18.4
2025-11-01,Pasar Cileunyi,2.0,23.3,29.5,19.4
2025-11-02,Pasar Cileunyi,7.2,23.4,29.1,20.4
2025-11-03,Pasar Cileunyi,21.6,22.8,28.6,20.2
2025-11-04,Pasar Cileunyi,2.1,23.6,29.0,20.7
2025-11-05,Pasar Cileunyi,2.9,22.8,26.8,20.0
2025-11-06,Pasar Cileunyi,26.5,23.3,27.9,20.5
2025-11-07,Pasar Cileunyi,2.7,23.8,29.6,19.7
2025-11-08,Pasar Cileunyi,17.5,23.1,28.0,21.1
2025-11-09,Pasar Cileunyi,3.0,23.6,28.4,19.8
2025-11-10,Pasar Cileunyi,11.1,23.4,28.7,19.6
2025-11-11,Pasar Cileunyi,19.1,22.5,26.0,20.8
2025-11-12,Pasar Cileunyi,9.1,22.5,26.9,20.0
2025-11-13,Pasar Cileunyi,13.1,22.6,26.8,20.2
2025-11-14,Pasar Cileunyi,12.4,22.1,25.2,19.6
2025-11-15,Pasar Cileunyi,17.6,23.5,28.9,19.7
2025-11-16,Pasar Cileunyi,10.4,22.9,27.9,20.4
2025-11-17,Pasar Cileunyi,4.6,22.7,25.8,20.4
2025-11-18,Pasar Cileunyi,28.5,22.7,27.2,20.2
2025-11-19,Pasar Cileunyi,24.8,22.7,26.9,19.7
2025-11-20,Pasar Cileunyi,22.4,22.6,27.5,20.7
2025-11-21,Pasar Cileunyi,3.7,23.5,29.5,20.2
2025-11-22,Pasar Cileunyi,23.9,22.7,27.9,20.1
2025-11-23,Pasar Cileunyi,19.2,22.2,26.6,19.5
2025-11-24,Pasar Cileunyi,0.3,23.8,29.3,20.1
2025-11-25,Pasar Cileunyi,0.0,24.0,30.2,18.8
2025-11-26,Pasar Cileunyi,0.8,23.4,29.0,18.4
2025-11-27,Pasar Cileunyi,0.8,23.1,28.3,19.0
2025-11-28,Pasar Cileunyi,0.0,23.5,29.8,18.7
2025-11-29,Pasar Cileunyi,1.5,23.2,29.4,18.6
2025-11-30,Pasar Cileunyi,2.4,22.6,27.7,18.9
2025-12-01,Pasar Cileunyi,2.2,22.4,28.9,19.0
2025-12-02,Pasar Cileunyi,11.5,23.1,29.5,20.1
2025-12-03,Pasar Cileunyi,6.1,23.2,28.9,20.3
2025-12-04,Pasar Cileunyi,21.8,21.9,26.8,20.0
2025-12-05,Pasar Cileunyi,17.2,22.7,28.7,19.4
2025-12-06,Pasar Cileunyi,4.0,22.4,27.1,19.1
2025-12-07,Pasar Cileunyi,4.8,23.1,27.5,19.7
2025-12-08,Pasar Cileunyi,6.9,22.2,27.3,19.4
2025-12-09,Pasar Cileunyi,12.4,22.1,26.3,19.2
2025-12-10,Pasar Cileunyi,6.6,22.9,28.0,19.8
2025-12-11,Pasar Cileunyi,2.1,23.3,29.4,20.1
2025-12-12,Pasar Cileunyi,0.0,23.7,30.6,18.7
2025-12-13,Pasar Cileunyi,0.9,24.2,29.2,20.0
2025-12-14,Pasar Cileunyi,11.7,23.1,25.8,20.3
2025-12-15,Pasar Cileunyi,0.5,24.2,28.7,20.3
2025-12-16,Pasar Cileunyi,2.3,23.9,29.5,20.3
2025-12-17,Pasar Cileunyi,17.7,23.0,28.6,20.0
2025-12-18,Pasar Cileunyi,2.3,23.3,27.1,20.1
2025-12-19,Pasar Cileunyi,6.4,23.3,27.9,20.7
2025-12-20,Pasar Cileunyi,13.8,22.6,26.2,20.0
2025-12-21,Pasar Cileunyi,8.2,22.9,27.4,19.6
2025-12-22,Pasar Cileunyi,4.1,22.8,27.4,19.8
2025-12-23,Pasar Cileunyi,5.9,23.1,28.7,19.0
2025-12-24,Pasar Cileunyi,1.2,23.9,28.7,20.0
2025-12-25,Pasar Cileunyi,3.9,23.9,29.5,19.5
2025-12-26,Pasar Cileunyi,3.8,23.6,27.8,20.8
2025-12-27,Pasar Cileunyi,10.3,23.7,27.7,20.6
2025-12-28,Pasar Cileunyi,9.9,23.5,29.1,20.3
2025-12-29,Pasar Cileunyi,7.7,23.1,28.6,19.5
2025-12-30,Pasar Cileunyi,7.2,22.4,27.2,19.3
2025-12-31,Pasar Cileunyi,15.8,21.7,24.0,19.9
2026-01-01,Pasar Cileunyi,5.7,22.8,28.2,19.6
2026-01-02,Pasar Cileunyi,3.9,22.6,27.6,19.3
2026-01-03,Pasar Cileunyi,24.6,21.6,24.3,20.3
2026-01-04,Pasar Cileunyi,3.4,22.6,26.8,19.2
2026-01-05,Pasar Cileunyi,0.8,23.8,29.1,20.0
2026-01-06,Pasar Cileunyi,7.8,23.5,29.5,19.4
2026-01-07,Pasar Cileunyi,4.8,23.3,28.1,20.5
2026-01-08,Pasar Cileunyi,0.5,22.9,27.7,19.7
2026-01-09,Pasar Cileunyi,3.3,23.0,27.8,19.6
2026-01-10,Pasar Cileunyi,3.7,22.0,24.6,19.6
2026-01-11,Pasar Cileunyi,5.5,21.5,24.7,20.0
2026-01-12,Pasar Cileunyi,5.4,20.8,23.6,18.4
2026-01-13,Pasar Cileunyi,4.6,22.3,26.2,19.5
2026-01-14,Pasar Cileunyi,0.9,22.4,25.8,20.1
2026-01-15,Pasar Cileunyi,16.3,21.6,24.0,20.1
2026-01-16,Pasar Cileunyi,2.0,23.1,27.9,19.5
2026-01-17,Pasar Cileunyi,7.0,22.3,27.0,19.2
2026-01-18,Pasar Cileunyi,10.8,21.7,25.0,20.0
2026-01-19,Pasar Cileunyi,3.2,22.5,27.7,18.9
2026-01-20,Pasar Cileunyi,3.9,22.5,27.4,19.4
2026-01-21,Pasar Cileunyi,6.7,21.4,24.5,19.7
2026-01-22,Pasar Cileunyi,17.7,21.0,23.6,19.3
2026-01-23,Pasar Cileunyi,12.9,21.8,24.6,20.5
2026-01-24,Pasar Cileunyi,4.8,21.8,25.1,19.0
2026-01-25,Pasar Cileunyi,0.6,22.7,27.5,18.9
2026-01-26,Pasar Cileunyi,2.3,22.6,27.5,19.5
2026-01-27,Pasar Cileunyi,1.6,22.4,26.7,19.7
2026-01-28,Pasar Cileunyi,43.5,21.7,24.5,19.9
2026-01-29,Pasar Cileunyi,21.7,21.5,24.8,20.5
2026-01-30,Pasar Cileunyi,3.5,22.5,27.1,20.5
2026-01-31,Pasar Cileunyi,11.1,22.6,27.5,19.5
2026-02-01,Pasar Cileunyi,4.2,22.1,25.8,18.9
2026-02-02,Pasar Cileunyi,10.6,22.0,26.7,18.5
2026-02-03,Pasar Cileunyi,5.0,22.2,26.6,18.7
2026-02-04,Pasar Cileunyi,4.4,22.2,27.0,18.8
2026-02-05,Pasar Cileunyi,2.5,22.6,27.1,19.4
2026-02-06,Pasar Cileunyi,1.1,22.8,26.6,20.5
2026-02-07,Pasar Cileunyi,7.0,22.2,26.2,19.0
2026-02-08,Pasar Cileunyi,0.2,22.6,26.3,19.4
2026-02-09,Pasar Cileunyi,12.5,21.7,26.6,18.8
2026-02-10,Pasar Cileunyi,4.7,21.9,26.3,17.8
2026-02-11,Pasar Cileunyi,1.7,22.9,27.9,19.7
2026-02-12,Pasar Cileunyi,14.2,22.4,27.7,18.6
2026-02-13,Pasar Cileunyi,5.0,22.6,26.8,19.9
2026-02-14,Pasar Cileunyi,2.1,23.3,27.9,19.9
2026-02-15,Pasar Cileunyi,7.1,22.8,27.2,20.0
2026-02-16,Pasar Cileunyi,7.1,22.5,26.2,20.1
2026-02-17,Pasar Cileunyi,5.8,23.0,27.0,20.3
2026-02-18,Pasar Cileunyi,5.1,21.9,24.1,20.1
2026-02-19,Pasar Cileunyi,20.6,21.5,25.2,19.1
2026-02-20,Pasar Cileunyi,9.8,22.0,25.8,19.7
2026-02-21,Pasar Cileunyi,2.5,22.7,26.8,19.6
2026-02-22,Pasar Cileunyi,20.1,22.3,26.9,20.2
2026-02-23,Pasar Cileunyi,12.6,21.8,24.9,20.3
2026-02-24,Pasar Cileunyi,0.9,22.4,27.0,18.9
2026-02-25,Pasar Cileunyi,0.1,23.6,27.6,20.8
2026-02-26,Pasar Cileunyi,0.5,23.3,26.6,21.2
2026-02-27,Pasar Cileunyi,1.7,22.5,25.6,20.6
2026-02-28,Pasar Cileunyi,4.2,22.3,27.6,19.7
2026-03-01,Pasar Cileunyi,2.0,23.2,28.8,19.8
2026-03-02,Pasar Cileunyi,9.4,22.8,27.0,19.8
2026-03-03,Pasar Cileunyi,8.6,22.6,26.4,20.0
2026-03-04,Pasar Cileunyi,5.1,22.4,26.8,20.2
2026-03-05,Pasar Cileunyi,1.8,22.9,26.8,20.9
2026-03-06,Pasar Cileunyi,3.2,22.4,25.5,20.2
2026-03-07,Pasar Cileunyi,9.6,22.1,27.1,19.8
2026-03-08,Pasar Cileunyi,10.8,21.8,25.7,19.4
2026-03-09,Pasar Cileunyi,11.1,22.7,28.4,19.4
2026-03-10,Pasar Cileunyi,1.1,23.5,30.0,19.3
2026-03-11,Pasar Cileunyi,1.7,23.6,29.3,19.9
2026-03-12,Pasar Cileunyi,0.5,23.7,29.5,20.0
2026-03-13,Pasar Cileunyi,0.3,23.2,29.9,18.4
2026-03-14,Pasar Cileunyi,6.8,22.5,28.9,17.0
2026-03-15,Pasar Cileunyi,0.4,23.6,29.2,18.5
2026-03-16,Pasar Cileunyi,0.9,23.6,29.1,18.5
2026-03-17,Pasar Cileunyi,1.8,24.0,29.9,19.2
2026-03-18,Pasar Cileunyi,1.0,23.5,30.3,19.6
2026-03-19,Pasar Cileunyi,3.1,23.2,30.1,18.8
2026-03-20,Pasar Cileunyi,1.2,23.5,29.0,19.0
2026-03-21,Pasar Cileunyi,3.7,23.6,29.6,19.7
2026-03-22,Pasar Cileunyi,1.1,23.4,28.5,19.0
2026-03-23,Pasar Cileunyi,1.2,23.6,29.9,17.7
2026-03-24,Pasar Cileunyi,0.5,23.4,28.9,19.0
2026-03-25,Pasar Cileunyi,3.0,23.2,28.4,19.5
2026-03-26,Pasar Cileunyi,1.7,22.7,27.0,20.1
2026-03-27,Pasar Cileunyi,5.1,22.3,27.3,19.6
2026-03-28,Pasar Cileunyi,18.7,22.4,26.2,19.5
2026-03-29,Pasar Cileunyi,2.8,23.0,28.6,19.6
2026-03-30,Pasar Cileunyi,6.6,22.2,28.0,18.9
2026-03-31,Pasar Cileunyi,3.7,22.9,27.8,19.7
2026-04-01,Pasar Cileunyi,24.8,22.3,27.8,18.9
2026-04-02,Pasar Cileunyi,25.8,22.4,26.7,19.3
2026-04-03,Pasar Cileunyi,2.8,23.4,29.4,19.8
2026-04-04,Pasar Cileunyi,9.9,23.2,29.0,19.4
2026-04-05,Pasar Cileunyi,2.2,23.1,28.6,18.7
2026-04-06,Pasar Cileunyi,5.3,22.7,29.0,19.0
2026-04-07,Pasar Cileunyi,8.0,22.9,29.0,18.2
2026-04-08,Pasar Cileunyi,6.0,23.0,28.0,19.2
2026-04-09,Pasar Cileunyi,16.8,22.2,27.0,19.3
2026-04-10,Pasar Cileunyi,4.3,22.9,28.0,20.2
2026-04-11,Pasar Cileunyi,14.2,22.9,29.4,19.3
2026-04-12,Pasar Cileunyi,9.4,23.3,28.9,20.6
2026-04-13,Pasar Cileunyi,3.5,23.8,29.9,20.1
2026-04-14,Pasar Cileunyi,16.4,23.1,29.6,19.3
2026-04-15,Pasar Cileunyi,18.3,22.6,27.8,19.7
2026-04-16,Pasar Cileunyi,6.3,23.3,28.4,19.3
2026-04-17,Pasar Cileunyi,7.2,22.7,27.9,19.5
2026-04-18,Pasar Cileunyi,3.0,22.9,28.4,18.8
2026-04-19,Pasar Cileunyi,2.3,22.8,28.8,18.7
2026-04-20,Pasar Cileunyi,1.7,23.2,28.7,18.6
2026-04-21,Pasar Cileunyi,9.6,23.5,29.1,19.5
2026-04-22,Pasar Cileunyi,3.6,23.3,26.9,21.1
2026-04-23,Pasar Cileunyi,3.4,23.8,28.9,20.5
2026-04-24,Pasar Cileunyi,2.8,23.0,27.7,18.4
2026-04-25,Pasar Cileunyi,2.9,23.4,28.9,19.4
2026-04-26,Pasar Cileunyi,2.0,23.8,29.0,20.1
2026-04-27,Pasar Cileunyi,7.0,23.7,30.0,20.1
2026-04-28,Pasar Cileunyi,1.7,23.7,28.5,19.7
2026-04-29,Pasar Cileunyi,1.8,24.1,28.8,20.0
2026-04-30,Pasar Cileunyi,9.0,23.4,29.7,19.9
2026-05-01,Pasar Cileunyi,9.9,23.2,28.8,20.4
2026-05-02,Pasar Cileunyi,4.1,22.5,27.5,19.1
2026-05-03,Pasar Cileunyi,4.9,23.0,28.2,19.3
2026-05-04,Pasar Cileunyi,5.7,22.5,27.3,19.7
2026-05-05,Pasar Cileunyi,6.1,22.9,27.9,19.9
2026-05-06,Pasar Cileunyi,0.1,23.6,29.4,19.6
2026-05-07,Pasar Cileunyi,0.3,23.5,27.6,20.5
2026-05-08,Pasar Cileunyi,1.3,23.6,29.8,19.0
2026-05-09,Pasar Cileunyi,1.7,23.5,29.3,18.4
2026-05-10,Pasar Cileunyi,0.6,23.6,28.9,19.5
2026-05-11,Pasar Cileunyi,2.8,23.6,29.4,19.1
2026-05-12,Pasar Cileunyi,0.4,23.8,29.2,20.0
2026-05-13,Pasar Cileunyi,0.3,23.6,29.9,18.6
2026-05-14,Pasar Cileunyi,2.8,23.4,29.1,18.8
2026-05-15,Pasar Cileunyi,8.5,23.3,30.0,19.1
2026-05-16,Pasar Cileunyi,6.6,23.2,28.1,20.6
2026-05-17,Pasar Cileunyi,1.7,23.5,29.7,19.4
2026-05-18,Pasar Cileunyi,0.6,23.9,31.0,18.0
2026-05-19,Pasar Cileunyi,3.9,23.8,29.5,19.7
2026-05-20,Pasar Cileunyi,13.8,23.2,28.0,19.5
2026-05-21,Pasar Cileunyi,5.3,23.5,29.9,19.6
2026-05-22,Pasar Cileunyi,2.2,23.5,28.7,19.9
2026-05-23,Pasar Cileunyi,11.0,22.8,27.4,20.4
2026-05-24,Pasar Cileunyi,13.7,22.4,27.8,19.7
2026-05-25,Pasar Cileunyi,0.6,22.9,27.0,19.2
2026-05-26,Pasar Cileunyi,0.4,23.7,30.0,18.5
2026-05-27,Pasar Cileunyi,0.1,23.4,29.2,20.2
2026-05-28,Pasar Cileunyi,0.0,23.0,29.4,17.7
2026-05-29,Pasar Cileunyi,0.6,23.1,29.8,18.2
2026-05-30,Pasar Cileunyi,0.1,23.6,28.7,19.9
2026-05-31,Pasar Cileunyi,1.1,23.2,28.5,19.9
2026-06-01,Pasar Cileunyi,3.2,23.3,29.5,18.0
2026-06-02,Pasar Cileunyi,3.5,23.6,29.0,18.7
2026-06-03,Pasar Cileunyi,3.6,23.6,28.6,20.2
2026-06-04,Pasar Cileunyi,3.4,23.3,28.8,19.2
2026-06-05,Pasar Cileunyi,1.5,23.7,29.6,20.3
2026-06-06,Pasar Cileunyi,0.0,23.9,29.8,18.7
2026-06-07,Pasar Cileunyi,0.0,22.8,29.0,18.4
2026-06-08,Pasar Cileunyi,0.0,22.4,29.0,17.3
2026-06-09,Pasar Cileunyi,0.0,22.4,29.3,17.0
2026-06-10,Pasar Cileunyi,0.0,22.0,29.0,15.6
2026-06-11,Pasar Cileunyi,0.1,23.0,29.6,18.1
2026-06-12,Pasar Cileunyi,0.0,23.0,28.9,17.9
2026-06-13,Pasar Cileunyi,1.7,22.3,25.1,19.6
2026-06-14,Pasar Cileunyi,0.3,23.1,27.8,19.9
2026-06-15,Pasar Cileunyi,1.7,23.3,28.8,19.1
2026-06-16,Pasar Cileunyi,0.0,22.8,28.6,18.8
2026-06-17,Pasar Cileunyi,0.0,22.6,28.9,18.5
2026-06-18,Pasar Cileunyi,0.0,22.4,28.8,17.4
2026-06-19,Pasar Cileunyi,0.0,22.9,29.8,17.3
2026-06-20,Pasar Cileunyi,0.4,23.6,29.4,19.4
2026-06-21,Pasar Cileunyi,1.1,23.2,29.4,18.0
2026-06-22,Pasar Cileunyi,0.3,23.9,29.4,19.8
2026-06-23,Pasar Cileunyi,7.6,22.7,26.5,20.7
2026-06-24,Pasar Cileunyi,0.0,23.1,28.8,19.5
2026-06-25,Pasar Cileunyi,7.1,22.1,27.3,18.0
2026-06-26,Pasar Cileunyi,0.3,22.6,28.8,17.5
2026-06-27,Pasar Cileunyi,1.0,23.4,28.6,19.6
2026-06-28,Pasar Cileunyi,0.0,22.9,28.6,18.5
2026-06-29,Pasar Cileunyi,0.0,21.9,28.8,16.2
2026-06-30,Pasar Cileunyi,0.0,21.5,28.9,15.4
2026-07-01,Pasar Cileunyi,0.0,21.9,28.8,14.9
2026-07-02,Pasar Cileunyi,0.0,22.7,29.1,18.5
2026-07-03,Pasar Cileunyi,0.3,22.6,29.5,17.3
2026-07-04,Pasar Cileunyi,1.6,22.8,29.5,17.2
2026-07-05,Pasar Cileunyi,0.8,22.9,29.7,17.8
2026-07-06,Pasar Cileunyi,0.0,23.0,29.0,18.8
2026-07-07,Pasar Cileunyi,0.0,21.6,27.5,17.0
2026-07-08,Pasar Cileunyi,0.0,21.0,27.8,16.1
2026-07-09,Pasar Cileunyi,0.0,20.6,26.4,14.6
2026-07-10,Pasar Cileunyi,0.0,20.6,27.3,14.7
2026-07-11,Pasar Cileunyi,0.0,21.4,27.9,15.5
2026-07-12,Pasar Cileunyi,0.0,21.6,28.2,16.0
2026-07-13,Pasar Cileunyi,0.0,21.9,28.7,16.7
2026-07-14,Pasar Cileunyi,0.0,22.4,29.4,16.8
2026-07-15,Pasar Cileunyi,1.2,22.5,29.7,17.1
2026-07-16,Pasar Cileunyi,0.1,23.0,29.4,18.5
2026-07-17,Pasar Cileunyi,1.4,23.1,29.9,17.4
2026-07-18,Pasar Cileunyi,0.0,22.4,29.9,16.0
2026-07-19,Pasar Cileunyi,0.0,22.3,29.8,16.4
2026-07-20,Pasar Cileunyi,0.3,22.3,29.0,16.9
2026-07-21,Pasar Cileunyi,1.4,22.1,28.4,17.4
2026-07-22,Pasar Cileunyi,0.0,21.4,27.7,16.4
2026-07-23,Pasar Cileunyi,0.0,21.2,27.4,17.4
2026-07-24,Pasar Cileunyi,0.0,20.6,27.9,16.0
2026-07-25,Pasar Cileunyi,0.0,20.2,26.5,15.9
2026-07-26,Pasar Cileunyi,0.0,20.8,28.5,13.4
2026-07-27,Pasar Cileunyi,0.0,21.4,29.1,14.3
2026-07-28,Pasar Cileunyi,0.6,22.2,30.6,15.8
2026-07-29,Pasar Cileunyi,1.5,22.7,30.0,17.4
2026-07-30,Pasar Cileunyi,6.2,23.1,30.4,17.9
2026-07-31,Pasar Cileunyi,1.7,23.2,30.5,18.2
2026-08-01,Pasar Cileunyi,1.0,23.3,30.4,17.7
2026-08-02,Pasar Cileunyi,1.1,23.3,29.3,18.7
2026-08-03,Pasar Cileunyi,0.8,23.8,30.9,18.8
2026-08-04,Pasar Cileunyi,0.0,23.7,31.0,17.9
2026-08-05,Pasar Cileunyi,0.0,23.4,30.5,17.4
2026-08-06,Pasar Cileunyi,0.0,23.4,30.7,16.8
2026-08-07,Pasar Cileunyi,0.0,23.8,31.2,18.3
2026-08-08,Pasar Cileunyi,0.0,24.0,31.5,19.1
2026-08-09,Pasar Cileunyi,0.0,22.4,31.2,14.4
2026-08-10,Pasar Cileunyi,0.6,22.7,30.9,16.5
2026-08-11,Pasar Cileunyi,0.0,23.6,31.1,17.5
2026-08-12,Pasar Cileunyi,0.0,23.2,30.5,16.8
2026-08-13,Pasar Cileunyi,0.0,23.6,31.4,16.8
2026-08-14,Pasar Cileunyi,1.9,24.1,32.3,18.4
2026-08-15,Pasar Cileunyi,3.3,23.7,30.9,18.9
2026-08-16,Pasar Cileunyi,2.3,24.0,30.6,17.9
2026-08-17,Pasar Cileunyi,2.4,23.7,29.4,20.0
2026-08-18,Pasar Cileunyi,0.0,24.2,31.2,18.9
2026-08-19,Pasar Cileunyi,1.4,24.2,30.3,19.7
2026-08-20,Pasar Cileunyi,1.2,24.0,30.3,19.1
2026-08-21,Pasar Cileunyi,0.1,23.9,31.0,19.2
2026-08-22,Pasar Cileunyi,1.3,23.8,31.4,17.5
2024-08-22,Pasar Banjaran,0.0,25.6,33.1,18.9
2024-08-23,Pasar Banjaran,0.1,24.9,32.0,18.0
2024-08-24,Pasar Banjaran,0.0,23.6,31.9,15.5
2024-08-25,Pasar Banjaran,0.0,23.4,32.2,14.9
2024-08-26,Pasar Banjaran,0.0,24.3,32.2,16.7
2024-08-27,Pasar Banjaran,0.0,23.5,31.5,17.0
2024-08-28,Pasar Banjaran,0.0,23.5,32.2,14.0
2024-08-29,Pasar Banjaran,1.1,24.0,30.9,18.8
2024-08-30,Pasar Banjaran,0.0,23.8,31.6,15.9
2024-08-31,Pasar Banjaran,0.0,24.4,32.0,16.6
2024-09-01,Pasar Banjaran,0.0,25.4,31.6,18.6
2024-09-02,Pasar Banjaran,0.1,26.0,33.3,19.7
2024-09-03,Pasar Banjaran,0.0,25.0,33.0,17.1
2024-09-04,Pasar Banjaran,0.0,24.9,33.5,16.8
2024-09-05,Pasar Banjaran,0.5,24.1,31.3,18.4
2024-09-06,Pasar Banjaran,0.0,24.9,32.1,18.6
2024-09-07,Pasar Banjaran,0.0,24.3,31.8,18.2
2024-09-08,Pasar Banjaran,2.1,24.2,32.4,17.8
2024-09-09,Pasar Banjaran,11.2,23.1,30.2,18.5
2024-09-10,Pasar Banjaran,7.2,22.6,26.7,18.6
2024-09-11,Pasar Banjaran,6.6,23.6,28.9,20.3
2024-09-12,Pasar Banjaran,0.0,23.6,29.4,18.3
2024-09-13,Pasar Banjaran,0.0,21.6,29.0,15.5
2024-09-14,Pasar Banjaran,0.0,21.0,29.0,13.7
2024-09-15,Pasar Banjaran,0.0,21.7,29.1,14.0
2024-09-16,Pasar Banjaran,0.0,21.3,29.5,12.2
2024-09-17,Pasar Banjaran,0.0,21.5,29.4,13.2
2024-09-18,Pasar Banjaran,0.0,21.4,29.9,11.9
2024-09-19,Pasar Banjaran,0.0,21.8,30.2,12.4
2024-09-20,Pasar Banjaran,0.0,23.1,30.4,15.2
2024-09-21,Pasar Banjaran,0.0,24.6,31.0,17.4
2024-09-22,Pasar Banjaran,1.9,25.1,32.4,18.8
2024-09-23,Pasar Banjaran,2.7,24.6,29.0,21.1
2024-09-24,Pasar Banjaran,3.0,22.7,26.6,19.0
2024-09-25,Pasar Banjaran,1.5,23.5,30.9,18.5
2024-09-26,Pasar Banjaran,0.1,23.7,30.2,18.3
2024-09-27,Pasar Banjaran,0.5,24.3,30.9,18.7
2024-09-28,Pasar Banjaran,1.6,24.2,31.6,18.3
2024-09-29,Pasar Banjaran,1.7,23.6,30.9,17.7
2024-09-30,Pasar Banjaran,0.0,24.7,31.9,17.6
2024-10-01,Pasar Banjaran,1.9,24.3,31.6,18.3
2024-10-02,Pasar Banjaran,3.4,23.9,30.5,19.3
2024-10-03,Pasar Banjaran,4.3,23.6,30.5,18.2
2024-10-04,Pasar Banjaran,1.5,23.5,30.6,18.1
2024-10-05,Pasar Banjaran,1.7,23.0,30.6,16.5
2024-10-06,Pasar Banjaran,2.9,23.1,30.5,17.6
2024-10-07,Pasar Banjaran,0.0,24.6,32.3,17.8
2024-10-08,Pasar Banjaran,0.1,24.7,32.0,17.7
2024-10-09,Pasar Banjaran,0.9,25.1,32.1,18.1
2024-10-10,Pasar Banjaran,2.3,23.7,32.1,17.8
2024-10-11,Pasar Banjaran,0.4,25.3,32.0,18.6
2024-10-12,Pasar Banjaran,0.9,25.6,32.9,19.1
2024-10-13,Pasar Banjaran,0.0,25.8,33.4,19.2
2024-10-14,Pasar Banjaran,0.6,25.5,32.9,18.8
2024-10-15,Pasar Banjaran,0.0,25.4,33.1,18.7
2024-10-16,Pasar Banjaran,0.0,24.3,33.3,15.2
2024-10-17,Pasar Banjaran,0.0,23.7,31.9,14.8
2024-10-18,Pasar Banjaran,0.0,24.6,31.3,16.6
2024-10-19,Pasar Banjaran,0.0,24.9,31.3,17.0
2024-10-20,Pasar Banjaran,0.0,25.0,32.0,18.0
2024-10-21,Pasar Banjaran,0.0,25.1,31.5,19.3
2024-10-22,Pasar Banjaran,1.1,24.9,31.9,19.0
2024-10-23,Pasar Banjaran,0.1,25.5,32.2,19.8
2024-10-24,Pasar Banjaran,0.1,25.4,31.7,19.2
2024-10-25,Pasar Banjaran,0.0,25.8,32.6,18.7
2024-10-26,Pasar Banjaran,0.0,25.4,32.4,18.2
2024-10-27,Pasar Banjaran,12.9,23.8,31.7,19.3
2024-10-28,Pasar Banjaran,0.9,24.0,31.7,17.8
2024-10-29,Pasar Banjaran,0.0,24.8,33.1,17.6
2024-10-30,Pasar Banjaran,0.1,25.0,32.8,16.7
2024-10-31,Pasar Banjaran,1.3,24.4,31.8,18.1
2024-11-01,Pasar Banjaran,2.4,23.9,31.7,19.1
2024-11-02,Pasar Banjaran,7.7,24.0,30.6,20.9
2024-11-03,Pasar Banjaran,19.8,22.5,28.0,20.0
2024-11-04,Pasar Banjaran,19.1,22.9,27.3,20.4
2024-11-05,Pasar Banjaran,14.0,22.8,28.4,18.7
2024-11-06,Pasar Banjaran,15.9,22.6,28.2,19.2
2024-11-07,Pasar Banjaran,1.8,22.9,30.1,16.5
2024-11-08,Pasar Banjaran,0.6,24.3,29.5,19.0
2024-11-09,Pasar Banjaran,3.2,22.9,28.0,18.8
2024-11-10,Pasar Banjaran,1.3,23.1,28.4,19.5
2024-11-11,Pasar Banjaran,5.9,22.9,26.0,20.6
2024-11-12,Pasar Banjaran,2.7,23.2,28.9,19.7
2024-11-13,Pasar Banjaran,1.0,23.9,29.8,19.6
2024-11-14,Pasar Banjaran,3.0,23.8,29.9,18.7
2024-11-15,Pasar Banjaran,2.7,24.0,30.0,19.0
2024-11-16,Pasar Banjaran,3.2,23.7,28.0,19.9
2024-11-17,Pasar Banjaran,18.0,23.3,29.4,19.3
2024-11-18,Pasar Banjaran,32.5,23.5,28.7,20.9
2024-11-19,Pasar Banjaran,1.6,23.3,28.1,18.8
2024-11-20,Pasar Banjaran,6.8,23.3,29.2,19.2
2024-11-21,Pasar Banjaran,7.3,23.5,28.0,20.8
2024-11-22,Pasar Banjaran,6.3,23.5,27.9,20.3
2024-11-23,Pasar Banjaran,5.9,23.0,27.4,19.9
2024-11-24,Pasar Banjaran,3.1,23.3,27.9,21.0
2024-11-25,Pasar Banjaran,1.4,23.8,28.2,20.9
2024-11-26,Pasar Banjaran,3.3,23.7,28.2,19.9
2024-11-27,Pasar Banjaran,8.4,23.4,29.1,20.1
2024-11-28,Pasar Banjaran,2.4,23.9,28.6,21.3
2024-11-29,Pasar Banjaran,0.2,24.2,28.5,20.3
2024-11-30,Pasar Banjaran,0.3,24.0,28.6,19.9
2024-12-01,Pasar Banjaran,5.9,23.9,28.4,20.4
2024-12-02,Pasar Banjaran,20.6,22.8,27.9,19.7
2024-12-03,Pasar Banjaran,25.6,22.1,24.7,20.5
2024-12-04,Pasar Banjaran,8.2,22.4,25.4,20.3
2024-12-05,Pasar Banjaran,14.4,23.4,26.7,20.8
2024-12-06,Pasar Banjaran,8.7,23.4,26.8,21.7
2024-12-07,Pasar Banjaran,5.0,23.9,28.0,20.5
2024-12-08,Pasar Banjaran,5.8,23.9,27.1,20.5
2024-12-09,Pasar Banjaran,1.1,23.3,27.1,21.0
2024-12-10,Pasar Banjaran,3.3,23.7,28.4,20.4
2024-12-11,Pasar Banjaran,17.5,23.8,28.3,21.2
2024-12-12,Pasar Banjaran,0.5,25.0,29.5,21.0
2024-12-13,Pasar Banjaran,1.9,24.7,29.2,21.8
2024-12-14,Pasar Banjaran,7.5,23.7,27.1,21.5
2024-12-15,Pasar Banjaran,8.5,22.8,27.2,21.0
2024-12-16,Pasar Banjaran,4.9,23.2,28.7,20.8
2024-12-17,Pasar Banjaran,1.1,23.8,26.9,20.8
2024-12-18,Pasar Banjaran,20.9,23.1,27.5,19.7
2024-12-19,Pasar Banjaran,1.3,23.9,29.4,19.2
2024-12-20,Pasar Banjaran,6.5,23.7,28.5,20.8
2024-12-21,Pasar Banjaran,1.4,24.0,27.7,21.4
2024-12-22,Pasar Banjaran,4.9,23.3,27.0,20.8
2024-12-23,Pasar Banjaran,22.6,23.0,27.2,20.4
2024-12-24,Pasar Banjaran,9.9,22.6,25.4,20.8
2024-12-25,Pasar Banjaran,9.0,23.2,28.3,20.9
2024-12-26,Pasar Banjaran,0.1,23.8,28.0,20.1
2024-12-27,Pasar Banjaran,2.1,23.8,27.8,20.6
2024-12-28,Pasar Banjaran,0.4,24.2,28.4,20.5
2024-12-29,Pasar Banjaran,0.0,23.4,27.5,20.2
2024-12-30,Pasar Banjaran,1.1,23.1,28.0,20.6
2024-12-31,Pasar Banjaran,1.0,23.9,28.0,20.9
2025-01-01,Pasar Banjaran,3.9,23.0,28.9,20.2
2025-01-02,Pasar Banjaran,0.7,23.9,28.8,20.1
2025-01-03,Pasar Banjaran,1.7,24.0,29.7,18.4
2025-01-04,Pasar Banjaran,16.5,22.9,28.2,18.2
2025-01-05,Pasar Banjaran,14.6,23.0,27.2,19.9
2025-01-06,Pasar Banjaran,8.7,22.8,28.7,18.4
2025-01-07,Pasar Banjaran,19.2,22.9,27.5,19.5
2025-01-08,Pasar Banjaran,2.6,22.7,25.9,19.8
2025-01-09,Pasar Banjaran,8.1,22.0,24.4,19.6
2025-01-10,Pasar Banjaran,12.6,23.0,27.4,20.0
2025-01-11,Pasar Banjaran,19.1,23.0,27.9,19.9
2025-01-12,Pasar Banjaran,3.5,23.4,28.0,20.0
2025-01-13,Pasar Banjaran,3.2,23.1,27.5,19.9
2025-01-14,Pasar Banjaran,7.9,22.4,26.0,19.6
2025-01-15,Pasar Banjaran,8.8,23.4,27.5,20.3
2025-01-16,Pasar Banjaran,1.0,23.3,27.2,20.8
2025-01-17,Pasar Banjaran,12.0,22.9,26.8,20.4
2025-01-18,Pasar Banjaran,5.0,22.9,26.4,20.4
2025-01-19,Pasar Banjaran,1.5,23.2,27.4,20.4
2025-01-20,Pasar Banjaran,12.8,22.2,26.0,20.7
2025-01-21,Pasar Banjaran,9.2,22.8,27.1,20.7
2025-01-22,Pasar Banjaran,4.8,23.4,27.4,21.0
2025-01-23,Pasar Banjaran,3.5,23.5,27.9,21.0
2025-01-24,Pasar Banjaran,12.3,22.8,26.4,21.0
2025-01-25,Pasar Banjaran,0.2,23.1,27.2,19.4
2025-01-26,Pasar Banjaran,6.8,23.1,27.4,19.3
2025-01-27,Pasar Banjaran,0.5,23.4,27.6,19.9
2025-01-28,Pasar Banjaran,12.6,22.7,26.7,19.2
2025-01-29,Pasar Banjaran,5.7,22.3,24.2,21.0
2025-01-30,Pasar Banjaran,4.1,22.0,24.3,20.5
2025-01-31,Pasar Banjaran,1.7,23.1,26.3,21.4
2025-02-01,Pasar Banjaran,2.1,23.3,26.4,21.0
2025-02-02,Pasar Banjaran,1.8,23.7,27.5,21.4
2025-02-03,Pasar Banjaran,1.7,24.1,27.9,21.1
2025-02-04,Pasar Banjaran,0.5,24.1,28.5,20.4
2025-02-05,Pasar Banjaran,6.1,23.2,26.5,20.2
2025-02-06,Pasar Banjaran,5.1,22.5,25.5,20.4
2025-02-07,Pasar Banjaran,3.5,23.0,26.6,21.3
2025-02-08,Pasar Banjaran,5.2,22.5,26.8,18.7
2025-02-09,Pasar Banjaran,3.7,22.7,26.5,18.9
2025-02-10,Pasar Banjaran,1.4,22.5,26.0,19.6
2025-02-11,Pasar Banjaran,0.2,22.7,27.4,18.0
2025-02-12,Pasar Banjaran,0.4,23.9,30.5,17.8
2025-02-13,Pasar Banjaran,2.5,23.8,29.7,19.1
2025-02-14,Pasar Banjaran,6.6,23.3,29.3,19.1
2025-02-15,Pasar Banjaran,4.7,23.5,28.8,20.9
2025-02-16,Pasar Banjaran,6.1,23.0,28.0,18.8
2025-02-17,Pasar Banjaran,4.1,22.9,26.9,20.7
2025-02-18,Pasar Banjaran,15.2,22.8,28.6,20.3
2025-02-19,Pasar Banjaran,7.3,22.3,25.8,19.8
2025-02-20,Pasar Banjaran,1.5,23.3,28.4,18.7
2025-02-21,Pasar Banjaran,6.4,23.2,27.9,19.0
2025-02-22,Pasar Banjaran,2.4,23.6,27.3,21.1
2025-02-23,Pasar Banjaran,6.0,22.7,26.2,19.9
2025-02-24,Pasar Banjaran,19.1,23.0,28.3,20.9
2025-02-25,Pasar Banjaran,13.1,23.1,27.9,20.4
2025-02-26,Pasar Banjaran,12.9,22.7,27.9,20.9
2025-02-27,Pasar Banjaran,4.9,22.5,28.2,17.8
2025-02-28,Pasar Banjaran,1.5,23.2,26.5,19.4
2025-03-01,Pasar Banjaran,0.9,23.9,28.9,20.5
2025-03-02,Pasar Banjaran,1.9,23.3,28.7,18.6
2025-03-03,Pasar Banjaran,17.2,23.0,27.3,18.8
2025-03-04,Pasar Banjaran,8.9,23.3,28.9,20.1
2025-03-05,Pasar Banjaran,0.6,23.7,29.7,18.1
2025-03-06,Pasar Banjaran,6.1,22.7,28.7,17.9
2025-03-07,Pasar Banjaran,5.3,23.3,28.1,20.1
2025-03-08,Pasar Banjaran,9.5,23.2,28.4,19.5
2025-03-09,Pasar Banjaran,4.9,22.7,26.6,19.9
2025-03-10,Pasar Banjaran,20.4,22.8,28.0,18.7
2025-03-11,Pasar Banjaran,2.1,23.8,28.7,20.3
2025-03-12,Pasar Banjaran,1.5,23.3,26.9,19.0
2025-03-13,Pasar Banjaran,7.7,23.8,27.8,20.7
2025-03-14,Pasar Banjaran,10.4,23.4,28.6,20.9
2025-03-15,Pasar Banjaran,10.6,22.4,26.5,19.5
2025-03-16,Pasar Banjaran,1.5,22.7,27.3,19.1
2025-03-17,Pasar Banjaran,9.2,22.7,27.8,19.0
2025-03-18,Pasar Banjaran,7.8,22.9,25.2,20.9
2025-03-19,Pasar Banjaran,7.0,22.9,26.7,19.7
2025-03-20,Pasar Banjaran,0.0,24.0,29.9,20.1
2025-03-21,Pasar Banjaran,1.7,23.8,27.9,21.2
2025-03-22,Pasar Banjaran,1.2,23.5,28.3,19.1
2025-03-23,Pasar Banjaran,0.2,23.4,29.3,18.7
2025-03-24,Pasar Banjaran,0.4,23.5,28.5,19.0
2025-03-25,Pasar Banjaran,1.2,23.9,28.3,20.0
2025-03-26,Pasar Banjaran,7.5,23.2,28.1,18.9
2025-03-27,Pasar Banjaran,3.9,23.8,29.8,19.5
2025-03-28,Pasar Banjaran,14.8,22.9,28.0,20.4
2025-03-29,Pasar Banjaran,0.4,23.6,28.4,19.4
2025-03-30,Pasar Banjaran,0.0,23.3,28.9,17.3
2025-03-31,Pasar Banjaran,0.2,23.4,28.6,18.4
2025-04-01,Pasar Banjaran,7.0,21.8,26.6,17.1
2025-04-02,Pasar Banjaran,12.7,22.5,26.2,19.5
2025-04-03,Pasar Banjaran,9.6,23.1,26.3,20.6
2025-04-04,Pasar Banjaran,0.8,22.5,26.7,18.8
2025-04-05,Pasar Banjaran,9.5,23.0,27.6,19.7
2025-04-06,Pasar Banjaran,1.3,23.2,28.4,19.7
2025-04-07,Pasar Banjaran,1.4,24.1,29.3,19.7
2025-04-08,Pasar Banjaran,0.1,23.5,30.0,16.7
2025-04-09,Pasar Banjaran,2.0,23.7,29.7,19.0
2025-04-10,Pasar Banjaran,2.8,23.1,27.3,19.8
2025-04-11,Pasar Banjaran,7.9,23.6,27.8,21.3
2025-04-12,Pasar Banjaran,20.7,22.6,26.3,19.5
2025-04-13,Pasar Banjaran,9.2,22.6,27.1,19.3
2025-04-14,Pasar Banjaran,6.3,22.9,27.2,20.6
2025-04-15,Pasar Banjaran,1.5,22.8,27.0,19.6
2025-04-16,Pasar Banjaran,0.4,23.7,29.9,18.4
2025-04-17,Pasar Banjaran,0.1,22.9,28.2,17.7
2025-04-18,Pasar Banjaran,6.7,22.9,27.5,19.1
2025-04-19,Pasar Banjaran,5.4,23.7,28.4,20.8
2025-04-20,Pasar Banjaran,8.8,23.6,27.9,20.3
2025-04-21,Pasar Banjaran,1.3,23.1,26.5,20.5
2025-04-22,Pasar Banjaran,0.1,23.5,28.3,18.9
2025-04-23,Pasar Banjaran,5.2,22.3,28.6,17.9
2025-04-24,Pasar Banjaran,6.0,22.3,28.0,17.7
2025-04-25,Pasar Banjaran,0.5,23.2,28.2,19.5
2025-04-26,Pasar Banjaran,3.6,22.5,25.6,18.6
2025-04-27,Pasar Banjaran,0.2,23.6,29.6,17.9
2025-04-28,Pasar Banjaran,0.1,23.4,29.5,16.0
2025-04-29,Pasar Banjaran,0.2,23.1,29.0,16.5
2025-04-30,Pasar Banjaran,0.1,23.2,30.4,15.8
2025-05-01,Pasar Banjaran,0.1,23.9,29.4,17.6
2025-05-02,Pasar Banjaran,5.8,22.7,29.3,17.0
2025-05-03,Pasar Banjaran,1.3,23.0,28.0,18.5
2025-05-04,Pasar Banjaran,9.9,23.0,27.9,19.5
2025-05-05,Pasar Banjaran,0.9,23.3,29.2,18.1
2025-05-06,Pasar Banjaran,0.2,23.3,29.3,17.9
2025-05-07,Pasar Banjaran,2.9,22.7,27.8,18.5
2025-05-08,Pasar Banjaran,7.7,22.8,28.4,18.9
2025-05-09,Pasar Banjaran,0.4,23.6,28.1,18.6
2025-05-10,Pasar Banjaran,0.9,23.8,29.4,19.5
2025-05-11,Pasar Banjaran,1.0,23.8,29.0,20.2
2025-05-12,Pasar Banjaran,0.3,23.5,28.0,19.3
2025-05-13,Pasar Banjaran,3.3,23.4,28.1,20.2
2025-05-14,Pasar Banjaran,10.1,23.1,27.9,20.6
2025-05-15,Pasar Banjaran,3.1,23.3,28.7,18.9
2025-05-16,Pasar Banjaran,13.4,23.2,27.4,20.9
2025-05-17,Pasar Banjaran,4.1,23.4,28.5,19.8
2025-05-18,Pasar Banjaran,6.9,23.0,27.8,19.1
2025-05-19,Pasar Banjaran,0.5,23.3,26.5,20.6
2025-05-20,Pasar Banjaran,0.9,23.9,28.1,20.3
2025-05-21,Pasar Banjaran,21.2,22.1,24.4,20.0
2025-05-22,Pasar Banjaran,41.1,22.7,26.9,20.3
2025-05-23,Pasar Banjaran,22.2,21.9,26.0,18.7
2025-05-24,Pasar Banjaran,9.6,23.0,26.5,20.8
2025-05-25,Pasar Banjaran,2.6,23.5,26.3,21.1
2025-05-26,Pasar Banjaran,18.0,22.5,24.7,20.9
2025-05-27,Pasar Banjaran,1.5,24.2,28.8,19.8
2025-05-28,Pasar Banjaran,0.2,24.2,28.8,19.6
2025-05-29,Pasar Banjaran,0.9,23.3,29.5,18.5
2025-05-30,Pasar Banjaran,0.0,23.4,28.9,17.7
2025-05-31,Pasar Banjaran,0.2,23.2,28.9,17.7
2025-06-01,Pasar Banjaran,0.3,22.6,27.3,18.7
2025-06-02,Pasar Banjaran,0.4,23.5,28.6,18.9
2025-06-03,Pasar Banjaran,0.6,22.6,27.4,17.5
2025-06-04,Pasar Banjaran,0.2,23.0,28.0,16.8
2025-06-05,Pasar Banjaran,0.1,23.6,29.2,18.1
2025-06-06,Pasar Banjaran,13.4,22.9,28.7,18.9
2025-06-07,Pasar Banjaran,4.4,23.2,27.5,20.1
2025-06-08,Pasar Banjaran,0.0,22.4,28.1,15.7
2025-06-09,Pasar Banjaran,0.3,22.6,29.0,16.9
2025-06-10,Pasar Banjaran,7.9,22.3,27.5,17.9
2025-06-11,Pasar Banjaran,1.1,22.4,26.5,19.4
2025-06-12,Pasar Banjaran,0.6,23.4,28.8,17.6
2025-06-13,Pasar Banjaran,0.0,24.1,29.8,18.2
2025-06-14,Pasar Banjaran,1.4,23.3,29.7,18.1
2025-06-15,Pasar Banjaran,1.4,23.5,29.3,19.6
2025-06-16,Pasar Banjaran,0.4,23.4,29.4,18.3
2025-06-17,Pasar Banjaran,1.6,22.8,27.6,19.2
2025-06-18,Pasar Banjaran,17.4,22.2,26.2,19.2
2025-06-19,Pasar Banjaran,0.0,22.6,26.4,20.2
2025-06-20,Pasar Banjaran,2.4,22.2,27.0,18.2
2025-06-21,Pasar Banjaran,5.7,22.3,27.7,18.8
2025-06-22,Pasar Banjaran,0.7,23.2,29.0,18.2
2025-06-23,Pasar Banjaran,1.0,22.8,28.4,18.1
2025-06-24,Pasar Banjaran,0.5,21.9,28.1,16.7
2025-06-25,Pasar Banjaran,0.1,21.8,27.9,17.1
2025-06-26,Pasar Banjaran,0.0,22.9,28.6,17.6
2025-06-27,Pasar Banjaran,0.0,23.0,29.3,16.5
2025-06-28,Pasar Banjaran,13.0,21.7,26.8,18.4
2025-06-29,Pasar Banjaran,1.2,21.4,26.7,17.1
2025-06-30,Pasar Banjaran,1.5,22.8,28.6,17.7
2025-07-01,Pasar Banjaran,4.5,22.2,26.7,19.0
2025-07-02,Pasar Banjaran,0.4,21.9,27.9,16.9
2025-07-03,Pasar Banjaran,0.5,22.6,27.1,18.6
2025-07-04,Pasar Banjaran,0.3,22.2,26.4,17.7
2025-07-05,Pasar Banjaran,6.4,22.3,27.3,18.6
2025-07-06,Pasar Banjaran,11.7,22.1,27.7,18.8
2025-07-07,Pasar Banjaran,1.4,21.9,26.5,18.0
2025-07-08,Pasar Banjaran,0.4,23.1,29.2,18.6
2025-07-09,Pasar Banjaran,0.3,22.3,26.7,18.5
2025-07-10,Pasar Banjaran,0.0,21.2,27.3,15.6
2025-07-11,Pasar Banjaran,1.1,21.3,26.5,16.0
2025-07-12,Pasar Banjaran,0.0,22.3,28.9,16.9
2025-07-13,Pasar Banjaran,0.6,22.7,28.7,16.8
2025-07-14,Pasar Banjaran,24.6,22.8,28.0,19.5
2025-07-15,Pasar Banjaran,0.0,22.5,28.2,17.3
2025-07-16,Pasar Banjaran,1.0,22.6,28.8,17.8
2025-07-17,Pasar Banjaran,0.0,23.0,28.6,18.2
2025-07-18,Pasar Banjaran,0.1,22.0,27.3,16.7
2025-07-19,Pasar Banjaran,0.0,22.5,27.9,16.4
2025-07-20,Pasar Banjaran,0.0,22.0,27.2,15.2
2025-07-21,Pasar Banjaran,0.0,22.8,28.8,18.7
2025-07-22,Pasar Banjaran,0.0,21.7,29.1,14.8
2025-07-23,Pasar Banjaran,0.0,22.3,29.9,15.5
2025-07-24,Pasar Banjaran,0.0,22.4,29.1,15.4
2025-07-25,Pasar Banjaran,0.6,22.8,28.6,17.2
2025-07-26,Pasar Banjaran,0.0,22.8,28.5,16.8
2025-07-27,Pasar Banjaran,0.5,22.9,28.9,17.7
2025-07-28,Pasar Banjaran,1.9,22.8,29.2,18.5
2025-07-29,Pasar Banjaran,0.0,23.3,27.3,19.8
2025-07-30,Pasar Banjaran,0.9,23.5,28.9,19.6
2025-07-31,Pasar Banjaran,0.6,23.6,29.4,18.6
2025-08-01,Pasar Banjaran,0.7,23.1,29.5,17.0
2025-08-02,Pasar Banjaran,0.0,23.2,29.9,16.9
2025-08-03,Pasar Banjaran,0.7,22.8,30.0,17.6
2025-08-04,Pasar Banjaran,9.8,22.7,28.0,19.1
2025-08-05,Pasar Banjaran,9.7,22.7,29.0,18.1
2025-08-06,Pasar Banjaran,0.1,22.6,28.2,18.2
2025-08-07,Pasar Banjaran,0.6,23.4,30.0,18.3
2025-08-08,Pasar Banjaran,0.0,23.8,29.6,19.2
2025-08-09,Pasar Banjaran,1.4,23.1,28.6,19.2
2025-08-10,Pasar Banjaran,0.4,23.7,30.6,17.1
2025-08-11,Pasar Banjaran,5.5,22.3,28.7,17.9
2025-08-12,Pasar Banjaran,0.6,21.8,25.8,18.8
2025-08-13,Pasar Banjaran,10.0,21.5,27.7,16.7
2025-08-14,Pasar Banjaran,10.3,21.8,26.7,18.7
2025-08-15,Pasar Banjaran,0.0,21.6,28.0,16.2
2025-08-16,Pasar Banjaran,0.3,22.3,29.5,16.3
2025-08-17,Pasar Banjaran,0.0,22.5,29.0,16.5
2025-08-18,Pasar Banjaran,1.4,22.2,28.6,16.6
2025-08-19,Pasar Banjaran,4.3,21.7,26.6,18.7
2025-08-20,Pasar Banjaran,1.3,22.5,27.2,19.5
2025-08-21,Pasar Banjaran,0.5,22.7,27.3,19.9
2025-08-22,Pasar Banjaran,4.1,22.6,28.9,17.7
2025-08-23,Pasar Banjaran,0.0,22.6,28.1,15.9
2025-08-24,Pasar Banjaran,0.7,23.6,29.1,17.9
2025-08-25,Pasar Banjaran,0.2,22.7,28.3,17.5
2025-08-26,Pasar Banjaran,0.0,21.5,29.3,14.7
2025-08-27,Pasar Banjaran,0.8,21.7,29.5,13.9
2025-08-28,Pasar Banjaran,0.2,23.5,29.7,18.8
2025-08-29,Pasar Banjaran,0.6,23.5,30.3,19.2
2025-08-30,Pasar Banjaran,2.8,23.6,29.5,19.3
2025-08-31,Pasar Banjaran,6.4,22.8,27.4,19.7
2025-09-01,Pasar Banjaran,0.6,24.1,30.6,18.6
2025-09-02,Pasar Banjaran,0.7,23.2,30.0,17.4
2025-09-03,Pasar Banjaran,0.0,24.0,31.5,17.5
2025-09-04,Pasar Banjaran,0.0,24.4,32.6,16.7
2025-09-05,Pasar Banjaran,18.4,22.4,28.8,18.2
2025-09-06,Pasar Banjaran,0.1,23.4,29.4,18.5
2025-09-07,Pasar Banjaran,0.0,22.5,29.7,16.0
2025-09-08,Pasar Banjaran,11.6,22.2,28.4,17.7
2025-09-09,Pasar Banjaran,14.8,21.9,29.7,18.1
2025-09-10,Pasar Banjaran,5.9,22.7,28.9,18.4
2025-09-11,Pasar Banjaran,13.6,22.4,24.6,20.2
2025-09-12,Pasar Banjaran,3.6,22.7,27.2,19.7
2025-09-13,Pasar Banjaran,0.0,23.4,29.6,17.3
2025-09-14,Pasar Banjaran,0.0,23.2,29.6,16.8
2025-09-15,Pasar Banjaran,0.0,23.3,30.3,16.8
2025-09-16,Pasar Banjaran,1.3,23.0,29.7,17.7
2025-09-17,Pasar Banjaran,7.0,22.6,27.9,19.5
2025-09-18,Pasar Banjaran,0.7,22.8,28.0,19.6
2025-09-19,Pasar Banjaran,5.3,22.9,29.0,19.3
2025-09-20,Pasar Banjaran,1.7,22.4,28.1,18.4
2025-09-21,Pasar Banjaran,3.8,22.5,28.9,17.5
2025-09-22,Pasar Banjaran,0.0,23.9,31.7,17.3
2025-09-23,Pasar Banjaran,0.0,24.1,31.7,16.9
2025-09-24,Pasar Banjaran,0.0,24.1,30.8,17.9
2025-09-25,Pasar Banjaran,0.6,23.7,30.2,18.2
2025-09-26,Pasar Banjaran,1.8,24.3,29.8,19.0
2025-09-27,Pasar Banjaran,0.9,24.7,30.0,19.9
2025-09-28,Pasar Banjaran,0.9,24.1,30.2,18.4
2025-09-29,Pasar Banjaran,18.2,22.5,28.0,18.8
2025-09-30,Pasar Banjaran,3.8,23.4,29.3,19.9
2025-10-01,Pasar Banjaran,4.8,23.1,29.4,18.6
2025-10-02,Pasar Banjaran,32.5,22.0,28.2,18.7
2025-10-03,Pasar Banjaran,5.6,24.2,30.3,18.5
2025-10-04,Pasar Banjaran,0.0,24.6,32.9,18.7
2025-10-05,Pasar Banjaran,0.7,23.6,31.6,18.3
2025-10-06,Pasar Banjaran,0.0,24.2,31.0,17.9
2025-10-07,Pasar Banjaran,0.0,24.3,31.6,18.4
2025-10-08,Pasar Banjaran,0.3,24.1,31.8,17.6
2025-10-09,Pasar Banjaran,0.0,24.2,32.2,16.0
2025-10-10,Pasar Banjaran,0.1,25.1,31.2,20.4
2025-10-11,Pasar Banjaran,1.5,23.8,29.9,18.4
2025-10-12,Pasar Banjaran,0.1,25.0,31.4,18.2
2025-10-13,Pasar Banjaran,5.5,24.0,30.3,18.6
2025-10-14,Pasar Banjaran,0.0,25.5,32.0,18.7
2025-10-15,Pasar Banjaran,0.3,25.7,33.1,18.6
2025-10-16,Pasar Banjaran,0.0,25.9,32.7,19.4
2025-10-17,Pasar Banjaran,0.6,26.0,33.4,19.8
2025-10-18,Pasar Banjaran,0.9,25.7,31.8,19.0
2025-10-19,Pasar Banjaran,1.2,25.3,29.9,20.7
2025-10-20,Pasar Banjaran,1.3,26.1,32.7,20.7
2025-10-21,Pasar Banjaran,11.3,24.6,31.5,20.0
2025-10-22,Pasar Banjaran,12.7,23.5,27.7,21.1
2025-10-23,Pasar Banjaran,9.1,23.1,27.6,20.7
2025-10-24,Pasar Banjaran,11.6,22.3,25.5,20.6
2025-10-25,Pasar Banjaran,0.1,22.9,28.8,18.5
2025-10-26,Pasar Banjaran,4.6,21.8,27.7,17.6
2025-10-27,Pasar Banjaran,0.5,23.1,29.2,18.7
2025-10-28,Pasar Banjaran,2.1,22.5,25.5,19.6
2025-10-29,Pasar Banjaran,2.3,22.5,25.5,19.1
2025-10-30,Pasar Banjaran,3.8,22.8,28.2,19.2
2025-10-31,Pasar Banjaran,1.1,23.0,29.0,18.4
2025-11-01,Pasar Banjaran,13.9,23.6,29.0,20.0
2025-11-02,Pasar Banjaran,8.6,23.3,27.8,20.2
2025-11-03,Pasar Banjaran,4.9,23.1,28.2,20.1
2025-11-04,Pasar Banjaran,1.8,23.8,29.7,19.4
2025-11-05,Pasar Banjaran,0.6,23.4,27.2,20.8
2025-11-06,Pasar Banjaran,3.4,23.6,28.6,20.4
2025-11-07,Pasar Banjaran,4.0,24.6,30.0,20.9
2025-11-08,Pasar Banjaran,6.2,22.9,27.5,20.8
2025-11-09,Pasar Banjaran,9.8,24.0,28.7,19.6
2025-11-10,Pasar Banjaran,6.5,23.5,29.0,19.8
2025-11-11,Pasar Banjaran,17.0,22.7,26.8,21.0
2025-11-12,Pasar Banjaran,9.8,22.7,25.8,20.5
2025-11-13,Pasar Banjaran,12.6,22.5,25.8,20.6
2025-11-14,Pasar Banjaran,15.8,22.3,26.7,20.2
2025-11-15,Pasar Banjaran,10.8,23.7,28.4,20.7
2025-11-16,Pasar Banjaran,11.1,23.5,28.3,21.0
2025-11-17,Pasar Banjaran,5.8,22.8,26.0,20.0
2025-11-18,Pasar Banjaran,25.4,22.7,26.9,20.1
2025-11-19,Pasar Banjaran,5.4,22.6,27.5,18.5
2025-11-20,Pasar Banjaran,14.4,22.7,27.2,20.0
2025-11-21,Pasar Banjaran,8.8,24.3,29.5,19.9
2025-11-22,Pasar Banjaran,6.8,23.0,28.4,18.8
2025-11-23,Pasar Banjaran,12.2,22.3,26.7,18.3
2025-11-24,Pasar Banjaran,0.0,23.7,30.3,19.4
2025-11-25,Pasar Banjaran,0.2,23.5,29.0,18.0
2025-11-26,Pasar Banjaran,0.0,24.0,30.2,17.3
2025-11-27,Pasar Banjaran,4.8,23.5,28.9,19.3
2025-11-28,Pasar Banjaran,0.1,23.6,29.8,17.7
2025-11-29,Pasar Banjaran,2.8,23.4,29.6,18.3
2025-11-30,Pasar Banjaran,1.5,23.0,28.6,18.3
2025-12-01,Pasar Banjaran,2.0,22.8,28.7,18.3
2025-12-02,Pasar Banjaran,3.8,23.5,30.1,20.5
2025-12-03,Pasar Banjaran,15.0,23.3,28.9,20.3
2025-12-04,Pasar Banjaran,19.1,22.2,26.6,20.4
2025-12-05,Pasar Banjaran,1.3,22.9,29.3,19.7
2025-12-06,Pasar Banjaran,0.6,22.8,25.8,19.3
2025-12-07,Pasar Banjaran,4.7,23.6,28.3,19.4
2025-12-08,Pasar Banjaran,9.6,22.5,26.3,19.4
2025-12-09,Pasar Banjaran,0.3,22.8,26.7,19.1
2025-12-10,Pasar Banjaran,4.1,23.1,27.4,19.4
2025-12-11,Pasar Banjaran,3.0,23.4,30.0,20.0
2025-12-12,Pasar Banjaran,0.2,23.6,29.4,17.1
2025-12-13,Pasar Banjaran,0.3,24.1,28.9,19.4
2025-12-14,Pasar Banjaran,10.9,23.1,25.9,20.1
2025-12-15,Pasar Banjaran,0.7,24.5,29.7,20.3
2025-12-16,Pasar Banjaran,2.9,24.1,30.3,19.7
2025-12-17,Pasar Banjaran,7.0,23.1,28.5,19.8
2025-12-18,Pasar Banjaran,5.1,23.6,27.6,20.1
2025-12-19,Pasar Banjaran,6.8,23.3,27.6,20.2
2025-12-20,Pasar Banjaran,26.0,22.5,26.3,20.3
2025-12-21,Pasar Banjaran,1.7,23.1,27.1,19.8
2025-12-22,Pasar Banjaran,7.5,23.0,26.1,20.1
2025-12-23,Pasar Banjaran,10.3,23.3,28.1,18.9
2025-12-24,Pasar Banjaran,0.7,24.1,27.2,20.6
2025-12-25,Pasar Banjaran,1.9,24.6,30.4,20.5
2025-12-26,Pasar Banjaran,8.1,23.9,28.1,21.6
2025-12-27,Pasar Banjaran,2.1,24.1,28.6,20.8
2025-12-28,Pasar Banjaran,4.6,23.5,27.7,20.2
2025-12-29,Pasar Banjaran,0.3,23.6,30.1,19.1
2025-12-30,Pasar Banjaran,11.0,22.8,27.5,19.5
2025-12-31,Pasar Banjaran,13.2,22.1,24.3,20.0
2026-01-01,Pasar Banjaran,4.3,22.6,26.8,19.8
2026-01-02,Pasar Banjaran,2.0,22.9,27.4,20.2
2026-01-03,Pasar Banjaran,20.7,21.8,24.1,20.6
2026-01-04,Pasar Banjaran,2.7,22.8,26.1,20.3
2026-01-05,Pasar Banjaran,1.6,23.6,28.1,20.4
2026-01-06,Pasar Banjaran,3.0,23.5,29.3,18.6
2026-01-07,Pasar Banjaran,1.5,23.3,27.3,19.3
2026-01-08,Pasar Banjaran,0.8,22.7,27.4,18.7
2026-01-09,Pasar Banjaran,4.9,22.8,27.8,18.8
2026-01-10,Pasar Banjaran,7.0,22.2,25.5,19.8
2026-01-11,Pasar Banjaran,8.4,21.5,24.7,19.6
2026-01-12,Pasar Banjaran,1.9,21.0,23.7,19.1
2026-01-13,Pasar Banjaran,2.4,22.2,25.4,19.1
2026-01-14,Pasar Banjaran,2.6,22.6,26.3,20.0
2026-01-15,Pasar Banjaran,20.5,21.7,23.9,19.9
2026-01-16,Pasar Banjaran,1.8,22.9,27.7,19.0
2026-01-17,Pasar Banjaran,10.7,22.4,26.4,19.3
2026-01-18,Pasar Banjaran,13.0,21.9,24.4,20.2
2026-01-19,Pasar Banjaran,2.3,22.7,27.0,19.4
2026-01-20,Pasar Banjaran,5.7,22.8,27.3,20.3
2026-01-21,Pasar Banjaran,7.3,21.8,24.8,20.3
2026-01-22,Pasar Banjaran,17.9,21.2,23.2,19.8
2026-01-23,Pasar Banjaran,13.2,21.7,23.8,20.5
2026-01-24,Pasar Banjaran,5.5,21.8,24.2,19.3
2026-01-25,Pasar Banjaran,2.3,22.6,26.6,18.9
2026-01-26,Pasar Banjaran,2.3,22.9,27.1,20.5
2026-01-27,Pasar Banjaran,1.3,22.5,25.7,20.2
2026-01-28,Pasar Banjaran,36.5,21.9,23.4,20.3
2026-01-29,Pasar Banjaran,41.6,21.9,24.6,20.9
2026-01-30,Pasar Banjaran,6.2,22.6,26.3,20.9
2026-01-31,Pasar Banjaran,2.5,22.5,26.6,18.5
2026-02-01,Pasar Banjaran,1.9,22.2,25.4,19.0
2026-02-02,Pasar Banjaran,3.9,22.3,26.7,19.8
2026-02-03,Pasar Banjaran,0.8,22.5,26.2,19.8
2026-02-04,Pasar Banjaran,8.3,22.1,26.6,18.2
2026-02-05,Pasar Banjaran,3.5,22.8,27.3,19.2
2026-02-06,Pasar Banjaran,2.3,23.0,27.4,20.0
2026-02-07,Pasar Banjaran,1.6,22.3,25.9,18.3
2026-02-08,Pasar Banjaran,0.9,22.6,25.5,19.4
2026-02-09,Pasar Banjaran,6.4,22.0,24.9,19.4
2026-02-10,Pasar Banjaran,1.6,22.1,25.5,18.0
2026-02-11,Pasar Banjaran,3.9,23.0,28.4,19.7
2026-02-12,Pasar Banjaran,15.9,22.6,27.0,19.9
2026-02-13,Pasar Banjaran,4.4,22.6,25.8,20.0
2026-02-14,Pasar Banjaran,3.4,23.4,27.6,20.3
2026-02-15,Pasar Banjaran,7.1,22.9,26.9,20.2
2026-02-16,Pasar Banjaran,6.0,22.6,26.1,20.7
2026-02-17,Pasar Banjaran,1.9,23.4,28.4,20.3
2026-02-18,Pasar Banjaran,3.0,22.4,24.8,20.3
2026-02-19,Pasar Banjaran,14.1,21.9,24.5,19.9
2026-02-20,Pasar Banjaran,3.9,22.2,25.4,20.4
2026-02-21,Pasar Banjaran,4.2,22.9,26.0,20.3
2026-02-22,Pasar Banjaran,21.1,22.5,25.2,21.2
2026-02-23,Pasar Banjaran,15.6,21.9,24.6,20.2
2026-02-24,Pasar Banjaran,1.4,22.9,28.0,19.9
2026-02-25,Pasar Banjaran,0.3,23.8,28.7,19.2
2026-02-26,Pasar Banjaran,1.0,23.3,27.7,20.4
2026-02-27,Pasar Banjaran,2.2,22.9,27.0,20.3
2026-02-28,Pasar Banjaran,2.7,22.8,27.0,21.0
2026-03-01,Pasar Banjaran,6.7,23.0,29.0,19.1
2026-03-02,Pasar Banjaran,12.8,22.9,27.6,20.0
2026-03-03,Pasar Banjaran,8.9,22.9,25.8,20.3
2026-03-04,Pasar Banjaran,3.0,23.1,27.2,20.2
2026-03-05,Pasar Banjaran,3.0,23.6,27.8,20.9
2026-03-06,Pasar Banjaran,4.2,22.6,26.2,19.5
2026-03-07,Pasar Banjaran,11.7,22.2,26.3,19.9
2026-03-08,Pasar Banjaran,12.6,22.0,25.5,19.8
2026-03-09,Pasar Banjaran,1.5,22.4,27.8,17.5
2026-03-10,Pasar Banjaran,0.4,23.5,30.2,17.9
2026-03-11,Pasar Banjaran,0.8,23.7,29.7,19.1
2026-03-12,Pasar Banjaran,1.0,23.6,30.4,18.1
2026-03-13,Pasar Banjaran,0.3,23.0,30.3,16.8
2026-03-14,Pasar Banjaran,2.4,22.3,29.1,15.8
2026-03-15,Pasar Banjaran,0.0,23.4,29.4,16.8
2026-03-16,Pasar Banjaran,0.0,24.0,29.5,18.6
2026-03-17,Pasar Banjaran,0.0,24.4,29.5,19.0
2026-03-18,Pasar Banjaran,0.3,24.4,30.3,19.6
2026-03-19,Pasar Banjaran,2.8,23.3,30.9,18.0
2026-03-20,Pasar Banjaran,3.6,23.5,29.1,18.9
2026-03-21,Pasar Banjaran,6.9,23.3,30.1,17.7
2026-03-22,Pasar Banjaran,0.4,23.5,29.0,18.3
2026-03-23,Pasar Banjaran,1.1,23.1,28.7,16.9
2026-03-24,Pasar Banjaran,1.1,23.5,28.8,19.3
2026-03-25,Pasar Banjaran,3.0,23.2,29.1,18.3
2026-03-26,Pasar Banjaran,2.2,22.8,26.1,20.4
2026-03-27,Pasar Banjaran,14.3,22.6,26.9,19.9
2026-03-28,Pasar Banjaran,12.7,22.7,25.6,18.7
2026-03-29,Pasar Banjaran,8.5,23.0,27.5,18.5
2026-03-30,Pasar Banjaran,2.9,22.5,27.4,18.0
2026-03-31,Pasar Banjaran,1.1,23.2,28.0,19.8
2026-04-01,Pasar Banjaran,12.0,22.6,28.8,17.9
2026-04-02,Pasar Banjaran,8.8,22.7,26.4,19.7
2026-04-03,Pasar Banjaran,1.4,23.9,29.4,20.4
2026-04-04,Pasar Banjaran,0.2,23.5,28.2,19.7
2026-04-05,Pasar Banjaran,4.6,23.2,29.2,18.6
2026-04-06,Pasar Banjaran,0.9,23.1,28.9,19.6
2026-04-07,Pasar Banjaran,26.4,22.6,28.8,18.6
2026-04-08,Pasar Banjaran,3.8,23.0,28.0,18.1
2026-04-09,Pasar Banjaran,3.5,22.9,26.2,20.1
2026-04-10,Pasar Banjaran,2.9,23.3,28.2,20.0
2026-04-11,Pasar Banjaran,3.0,23.6,28.1,19.7
2026-04-12,Pasar Banjaran,7.9,23.3,27.6,20.9
2026-04-13,Pasar Banjaran,0.4,23.7,30.2,18.5
2026-04-14,Pasar Banjaran,7.4,23.5,28.8,20.0
2026-04-15,Pasar Banjaran,6.7,23.0,26.8,20.3
2026-04-16,Pasar Banjaran,2.2,24.3,29.6,19.7
2026-04-17,Pasar Banjaran,8.6,23.1,28.7,19.9
2026-04-18,Pasar Banjaran,0.6,23.4,29.1,17.6
2026-04-19,Pasar Banjaran,0.3,23.4,29.7,18.1
2026-04-20,Pasar Banjaran,0.9,23.9,29.7,18.4
2026-04-21,Pasar Banjaran,5.5,23.6,29.5,18.8
2026-04-22,Pasar Banjaran,2.6,23.9,28.9,21.0
2026-04-23,Pasar Banjaran,1.3,24.4,28.8,20.7
2026-04-24,Pasar Banjaran,2.0,23.6,28.9,17.7
2026-04-25,Pasar Banjaran,1.2,23.7,30.3,18.1
2026-04-26,Pasar Banjaran,4.2,23.8,29.4,18.8
2026-04-27,Pasar Banjaran,0.7,23.8,29.3,19.6
2026-04-28,Pasar Banjaran,1.1,23.8,28.4,19.3
2026-04-29,Pasar Banjaran,2.2,24.5,30.1,20.3
2026-04-30,Pasar Banjaran,2.0,23.4,28.4,18.7
2026-05-01,Pasar Banjaran,9.5,23.1,27.4,19.9
2026-05-02,Pasar Banjaran,0.7,22.2,27.7,18.1
2026-05-03,Pasar Banjaran,5.7,23.2,29.0,18.2
2026-05-04,Pasar Banjaran,4.1,22.4,26.2,18.8
2026-05-05,Pasar Banjaran,15.6,23.0,29.1,19.0
2026-05-06,Pasar Banjaran,0.2,24.3,30.4,18.6
2026-05-07,Pasar Banjaran,0.4,24.2,28.6,20.9
2026-05-08,Pasar Banjaran,0.1,24.0,30.7,18.1
2026-05-09,Pasar Banjaran,0.5,24.0,29.6,18.8
2026-05-10,Pasar Banjaran,0.2,24.6,30.1,19.3
2026-05-11,Pasar Banjaran,0.6,24.4,29.8,19.9
2026-05-12,Pasar Banjaran,0.2,24.5,30.7,19.9
2026-05-13,Pasar Banjaran,0.3,24.3,31.0,18.2
2026-05-14,Pasar Banjaran,2.5,23.5,31.4,18.6
2026-05-15,Pasar Banjaran,4.8,24.1,31.6,19.9
2026-05-16,Pasar Banjaran,5.1,23.4,29.3,20.2
2026-05-17,Pasar Banjaran,0.5,23.6,28.4,19.2
2026-05-18,Pasar Banjaran,1.0,23.5,30.2,17.5
2026-05-19,Pasar Banjaran,2.3,24.1,29.7,19.8
2026-05-20,Pasar Banjaran,3.2,23.2,27.5,18.7
2026-05-21,Pasar Banjaran,2.6,24.3,29.7,20.0
2026-05-22,Pasar Banjaran,3.7,23.8,28.5,19.2
2026-05-23,Pasar Banjaran,8.9,23.2,26.5,21.3
2026-05-24,Pasar Banjaran,6.6,22.3,27.2,19.3
2026-05-25,Pasar Banjaran,0.6,23.0,26.9,18.9
2026-05-26,Pasar Banjaran,0.0,24.0,30.4,18.4
2026-05-27,Pasar Banjaran,0.0,22.9,28.5,19.0
2026-05-28,Pasar Banjaran,0.0,22.8,28.5,16.8
2026-05-29,Pasar Banjaran,0.0,22.7,29.2,16.6
2026-05-30,Pasar Banjaran,0.0,23.6,28.4,17.9
2026-05-31,Pasar Banjaran,0.0,23.9,29.0,18.9
2026-06-01,Pasar Banjaran,0.3,24.3,29.8,18.8
2026-06-02,Pasar Banjaran,0.1,24.3,29.2,19.9
2026-06-03,Pasar Banjaran,0.7,24.3,28.9,20.5
2026-06-04,Pasar Banjaran,0.3,24.0,29.7,19.1
2026-06-05,Pasar Banjaran,0.5,24.5,30.9,19.3
2026-06-06,Pasar Banjaran,0.0,24.1,30.7,17.9
2026-06-07,Pasar Banjaran,0.0,23.2,29.7,17.2
2026-06-08,Pasar Banjaran,0.0,22.5,29.0,16.7
2026-06-09,Pasar Banjaran,0.0,22.2,28.1,16.0
2026-06-10,Pasar Banjaran,0.0,22.4,28.8,15.5
2026-06-11,Pasar Banjaran,0.2,22.9,29.4,16.6
2026-06-12,Pasar Banjaran,0.2,23.7,30.0,18.8
2026-06-13,Pasar Banjaran,3.2,22.8,26.4,20.5
2026-06-14,Pasar Banjaran,0.2,24.1,29.2,19.4
2026-06-15,Pasar Banjaran,0.6,23.8,30.0,17.9
2026-06-16,Pasar Banjaran,0.0,23.9,30.0,18.4
2026-06-17,Pasar Banjaran,0.1,23.2,29.7,17.6
2026-06-18,Pasar Banjaran,0.0,23.2,29.4,17.1
2026-06-19,Pasar Banjaran,0.0,23.5,31.1,15.5
2026-06-20,Pasar Banjaran,0.2,24.3,30.6,17.9
2026-06-21,Pasar Banjaran,0.4,24.2,31.4,17.8
2026-06-22,Pasar Banjaran,1.0,24.4,30.9,19.5
2026-06-23,Pasar Banjaran,4.5,23.4,28.8,21.1
2026-06-24,Pasar Banjaran,0.0,23.9,30.2,18.2
2026-06-25,Pasar Banjaran,2.1,22.8,28.8,18.3
2026-06-26,Pasar Banjaran,0.0,23.7,31.0,17.4
2026-06-27,Pasar Banjaran,0.5,24.4,30.7,18.0
2026-06-28,Pasar Banjaran,0.2,24.6,31.1,18.5
2026-06-29,Pasar Banjaran,0.0,23.8,31.3,16.3
2026-06-30,Pasar Banjaran,0.0,23.6,30.5,16.8
2026-07-01,Pasar Banjaran,0.0,23.6,30.3,16.0
2026-07-02,Pasar Banjaran,0.0,24.1,30.3,19.0
2026-07-03,Pasar Banjaran,0.5,24.2,31.6,17.6
2026-07-04,Pasar Banjaran,0.1,24.1,31.0,18.2
2026-07-05,Pasar Banjaran,0.0,24.5,31.6,18.6
2026-07-06,Pasar Banjaran,0.0,24.7,30.9,19.3
2026-07-07,Pasar Banjaran,0.0,23.6,30.1,17.8
2026-07-08,Pasar Banjaran,0.0,22.7,29.7,15.4
2026-07-09,Pasar Banjaran,0.0,23.5,29.9,16.9
2026-07-10,Pasar Banjaran,0.0,22.3,29.5,14.6
2026-07-11,Pasar Banjaran,0.0,23.4,28.9,16.7
2026-07-12,Pasar Banjaran,0.0,22.7,28.8,15.8
2026-07-13,Pasar Banjaran,0.0,23.1,29.6,15.5
2026-07-14,Pasar Banjaran,0.0,23.9,30.9,16.3
2026-07-15,Pasar Banjaran,0.1,23.7,31.3,16.4
2026-07-16,Pasar Banjaran,0.2,24.3,30.9,18.0
2026-07-17,Pasar Banjaran,0.5,24.4,32.0,17.7
2026-07-18,Pasar Banjaran,0.0,24.3,31.0,18.2
2026-07-19,Pasar Banjaran,0.0,23.8,30.7,16.7
2026-07-20,Pasar Banjaran,0.5,24.0,30.8,17.3
2026-07-21,Pasar Banjaran,0.9,24.6,31.0,19.4
2026-07-22,Pasar Banjaran,0.0,23.7,31.2,17.1
2026-07-23,Pasar Banjaran,0.2,23.4,30.4,17.6
2026-07-24,Pasar Banjaran,0.0,22.6,30.3,16.1
2026-07-25,Pasar Banjaran,0.0,22.2,29.0,16.9
2026-07-26,Pasar Banjaran,0.0,22.6,30.7,14.0
2026-07-27,Pasar Banjaran,0.0,23.0,30.5,14.8
2026-07-28,Pasar Banjaran,0.0,23.3,31.2,14.9
2026-07-29,Pasar Banjaran,0.3,24.3,31.3,17.7
2026-07-30,Pasar Banjaran,1.3,24.6,32.1,18.4
2026-07-31,Pasar Banjaran,0.0,25.0,31.9,18.5
2026-08-01,Pasar Banjaran,0.0,25.6,32.4,19.5
2026-08-02,Pasar Banjaran,0.1,25.4,31.3,18.8
2026-08-03,Pasar Banjaran,1.3,24.6,31.7,18.0
2026-08-04,Pasar Banjaran,0.4,25.0,31.7,17.6
2026-08-05,Pasar Banjaran,0.0,25.2,32.5,18.0
2026-08-06,Pasar Banjaran,0.0,24.7,31.4,17.1
2026-08-07,Pasar Banjaran,0.0,24.9,31.7,17.6
2026-08-08,Pasar Banjaran,0.0,25.4,33.4,18.3
2026-08-09,Pasar Banjaran,0.0,23.9,32.8,14.8
2026-08-10,Pasar Banjaran,0.0,24.2,31.4,16.4
2026-08-11,Pasar Banjaran,0.0,24.7,31.8,16.9
2026-08-12,Pasar Banjaran,0.0,25.0,32.1,17.5
2026-08-13,Pasar Banjaran,0.0,24.8,33.2,16.2
2026-08-14,Pasar Banjaran,0.0,25.4,32.3,17.4
2026-08-15,Pasar Banjaran,1.0,24.9,31.5,18.2
2026-08-16,Pasar Banjaran,0.0,24.9,31.8,18.2
2026-08-17,Pasar Banjaran,0.0,25.7,32.2,19.9
2026-08-18,Pasar Banjaran,0.0,25.7,32.5,18.6
2026-08-19,Pasar Banjaran,0.0,25.7,31.9,21.2
2026-08-20,Pasar Banjaran,0.7,26.0,32.5,19.8
2026-08-21,Pasar Banjaran,0.0,25.3,32.8,18.0
2026-08-22,Pasar Banjaran,0.2,25.2,32.9,17.1
2024-08-22,Pasar Sehat Soreang,0.2,24.6,31.4,19.3
2024-08-23,Pasar Sehat Soreang,0.1,24.1,31.0,17.8
2024-08-24,Pasar Sehat Soreang,0.0,23.0,31.3,14.9
2024-08-25,Pasar Sehat Soreang,0.0,22.8,31.1,14.5
2024-08-26,Pasar Sehat Soreang,0.0,23.6,31.3,16.1
2024-08-27,Pasar Sehat Soreang,0.0,23.0,31.0,15.7
2024-08-28,Pasar Sehat Soreang,0.0,23.1,31.6,13.9
2024-08-29,Pasar Sehat Soreang,0.2,23.3,30.1,17.8
2024-08-30,Pasar Sehat Soreang,0.0,23.2,30.8,15.5
2024-08-31,Pasar Sehat Soreang,0.0,23.5,30.6,16.1
2024-09-01,Pasar Sehat Soreang,0.2,24.7,30.5,17.9
2024-09-02,Pasar Sehat Soreang,0.2,25.3,32.3,19.1
2024-09-03,Pasar Sehat Soreang,0.0,24.2,32.7,16.3
2024-09-04,Pasar Sehat Soreang,0.0,24.3,32.4,16.8
2024-09-05,Pasar Sehat Soreang,3.9,23.3,30.8,17.6
2024-09-06,Pasar Sehat Soreang,0.0,24.5,31.6,17.5
2024-09-07,Pasar Sehat Soreang,0.0,23.6,31.5,17.0
2024-09-08,Pasar Sehat Soreang,1.3,23.8,31.2,17.4
2024-09-09,Pasar Sehat Soreang,3.9,23.1,29.6,18.6
2024-09-10,Pasar Sehat Soreang,10.4,22.5,26.2,17.7
2024-09-11,Pasar Sehat Soreang,6.2,23.1,27.7,20.1
2024-09-12,Pasar Sehat Soreang,0.6,23.2,28.8,18.1
2024-09-13,Pasar Sehat Soreang,0.0,21.6,29.0,15.5
2024-09-14,Pasar Sehat Soreang,0.0,21.4,28.9,14.0
2024-09-15,Pasar Sehat Soreang,0.0,21.9,28.9,13.7
2024-09-16,Pasar Sehat Soreang,0.0,21.5,29.9,12.7
2024-09-17,Pasar Sehat Soreang,0.0,21.7,29.6,13.0
2024-09-18,Pasar Sehat Soreang,0.0,21.6,29.7,11.8
2024-09-19,Pasar Sehat Soreang,0.0,22.2,30.0,12.5
2024-09-20,Pasar Sehat Soreang,0.0,23.0,30.6,14.9
2024-09-21,Pasar Sehat Soreang,0.0,24.4,30.7,17.2
2024-09-22,Pasar Sehat Soreang,1.4,24.6,31.3,18.3
2024-09-23,Pasar Sehat Soreang,3.6,24.1,27.8,21.1
2024-09-24,Pasar Sehat Soreang,3.2,22.5,26.9,18.7
2024-09-25,Pasar Sehat Soreang,6.5,23.1,29.9,17.9
2024-09-26,Pasar Sehat Soreang,0.3,22.9,29.3,17.5
2024-09-27,Pasar Sehat Soreang,0.3,24.1,30.4,17.9
2024-09-28,Pasar Sehat Soreang,0.4,23.5,30.4,18.1
2024-09-29,Pasar Sehat Soreang,3.1,23.0,30.0,17.3
2024-09-30,Pasar Sehat Soreang,0.0,24.6,30.9,17.6
2024-10-01,Pasar Sehat Soreang,1.4,24.1,30.8,17.4
2024-10-02,Pasar Sehat Soreang,4.3,23.3,29.2,18.4
2024-10-03,Pasar Sehat Soreang,3.2,23.1,30.2,17.6
2024-10-04,Pasar Sehat Soreang,1.7,23.0,30.0,17.5
2024-10-05,Pasar Sehat Soreang,1.2,22.7,30.0,16.5
2024-10-06,Pasar Sehat Soreang,1.7,22.7,29.8,17.3
2024-10-07,Pasar Sehat Soreang,0.0,24.3,31.8,17.3
2024-10-08,Pasar Sehat Soreang,0.0,24.2,31.4,16.5
2024-10-09,Pasar Sehat Soreang,0.4,24.7,31.6,18.6
2024-10-10,Pasar Sehat Soreang,3.4,23.2,31.1,17.6
2024-10-11,Pasar Sehat Soreang,0.8,25.0,31.3,17.9
2024-10-12,Pasar Sehat Soreang,0.9,25.4,32.3,18.5
2024-10-13,Pasar Sehat Soreang,0.0,25.1,32.7,18.9
2024-10-14,Pasar Sehat Soreang,0.4,25.1,32.7,17.6
2024-10-15,Pasar Sehat Soreang,0.0,25.0,33.0,18.6
2024-10-16,Pasar Sehat Soreang,0.0,24.0,32.8,15.3
2024-10-17,Pasar Sehat Soreang,0.0,23.2,31.1,14.2
2024-10-18,Pasar Sehat Soreang,0.0,24.1,30.6,16.2
2024-10-19,Pasar Sehat Soreang,0.0,24.4,30.5,16.6
2024-10-20,Pasar Sehat Soreang,0.0,24.7,31.5,17.3
2024-10-21,Pasar Sehat Soreang,0.0,25.1,30.9,19.2
2024-10-22,Pasar Sehat Soreang,0.8,24.9,31.1,19.5
2024-10-23,Pasar Sehat Soreang,0.0,25.1,31.2,19.2
2024-10-24,Pasar Sehat Soreang,0.8,24.7,30.3,19.0
2024-10-25,Pasar Sehat Soreang,1.2,25.4,31.2,18.7
2024-10-26,Pasar Sehat Soreang,0.0,24.8,31.8,17.6
2024-10-27,Pasar Sehat Soreang,7.1,23.4,31.0,18.5
2024-10-28,Pasar Sehat Soreang,1.5,23.7,30.7,17.4
2024-10-29,Pasar Sehat Soreang,0.0,24.6,32.6,16.8
2024-10-30,Pasar Sehat Soreang,0.8,24.7,32.0,17.2
2024-10-31,Pasar Sehat Soreang,1.0,23.8,30.9,17.5
2024-11-01,Pasar Sehat Soreang,5.6,23.6,30.6,18.4
2024-11-02,Pasar Sehat Soreang,5.9,23.9,29.9,20.9
2024-11-03,Pasar Sehat Soreang,9.3,22.3,26.6,19.5
2024-11-04,Pasar Sehat Soreang,5.0,22.6,25.9,20.5
2024-11-05,Pasar Sehat Soreang,5.9,22.4,27.0,17.7
2024-11-06,Pasar Sehat Soreang,8.1,22.3,27.5,19.5
2024-11-07,Pasar Sehat Soreang,0.3,23.0,29.7,16.5
2024-11-08,Pasar Sehat Soreang,0.4,23.9,28.6,19.5
2024-11-09,Pasar Sehat Soreang,2.2,22.7,27.0,18.1
2024-11-10,Pasar Sehat Soreang,4.3,22.9,27.8,19.0
2024-11-11,Pasar Sehat Soreang,1.0,22.6,25.2,19.7
2024-11-12,Pasar Sehat Soreang,14.2,23.1,28.0,20.2
2024-11-13,Pasar Sehat Soreang,1.7,23.5,29.4,19.6
2024-11-14,Pasar Sehat Soreang,1.2,23.4,30.0,18.6
2024-11-15,Pasar Sehat Soreang,0.9,23.4,29.9,18.2
2024-11-16,Pasar Sehat Soreang,1.3,23.3,27.8,19.5
2024-11-17,Pasar Sehat Soreang,11.1,22.8,28.9,18.3
2024-11-18,Pasar Sehat Soreang,11.7,23.1,28.4,20.8
2024-11-19,Pasar Sehat Soreang,0.7,22.8,27.9,18.0
2024-11-20,Pasar Sehat Soreang,4.9,23.0,28.5,18.3
2024-11-21,Pasar Sehat Soreang,6.7,23.2,27.5,20.8
2024-11-22,Pasar Sehat Soreang,3.5,23.4,28.0,20.4
2024-11-23,Pasar Sehat Soreang,3.1,22.8,26.9,20.1
2024-11-24,Pasar Sehat Soreang,8.4,22.9,27.4,20.2
2024-11-25,Pasar Sehat Soreang,2.1,23.3,27.5,20.6
2024-11-26,Pasar Sehat Soreang,8.0,23.2,28.1,19.7
2024-11-27,Pasar Sehat Soreang,5.1,22.7,28.7,19.3
2024-11-28,Pasar Sehat Soreang,11.2,23.4,28.5,20.4
2024-11-29,Pasar Sehat Soreang,2.5,23.6,28.5,19.4
2024-11-30,Pasar Sehat Soreang,6.9,23.4,29.3,18.9
2024-12-01,Pasar Sehat Soreang,13.7,23.4,29.2,19.5
2024-12-02,Pasar Sehat Soreang,36.9,22.7,28.4,19.4
2024-12-03,Pasar Sehat Soreang,25.5,22.0,24.7,20.2
2024-12-04,Pasar Sehat Soreang,15.3,22.1,25.3,20.0
2024-12-05,Pasar Sehat Soreang,8.3,23.1,26.8,20.9
2024-12-06,Pasar Sehat Soreang,6.4,23.1,26.0,21.3
2024-12-07,Pasar Sehat Soreang,3.1,23.4,27.7,20.1
2024-12-08,Pasar Sehat Soreang,1.1,23.2,26.8,19.5
2024-12-09,Pasar Sehat Soreang,2.8,22.9,26.6,20.5
2024-12-10,Pasar Sehat Soreang,3.5,23.6,28.7,19.6
2024-12-11,Pasar Sehat Soreang,11.3,23.7,27.9,20.9
2024-12-12,Pasar Sehat Soreang,1.0,24.8,29.6,20.9
2024-12-13,Pasar Sehat Soreang,3.8,24.3,28.9,21.6
2024-12-14,Pasar Sehat Soreang,5.2,23.6,27.1,21.5
2024-12-15,Pasar Sehat Soreang,14.1,22.5,26.6,20.8
2024-12-16,Pasar Sehat Soreang,8.3,22.9,28.2,20.3
2024-12-17,Pasar Sehat Soreang,5.0,23.3,27.3,20.1
2024-12-18,Pasar Sehat Soreang,5.1,22.9,27.9,19.3
2024-12-19,Pasar Sehat Soreang,1.3,23.9,29.4,19.5
2024-12-20,Pasar Sehat Soreang,9.3,23.4,28.3,20.6
2024-12-21,Pasar Sehat Soreang,2.7,23.6,27.6,21.2
2024-12-22,Pasar Sehat Soreang,13.0,22.8,26.9,20.2
2024-12-23,Pasar Sehat Soreang,12.0,22.6,27.4,19.1
2024-12-24,Pasar Sehat Soreang,20.9,22.1,24.8,20.5
2024-12-25,Pasar Sehat Soreang,8.3,22.8,28.4,20.0
2024-12-26,Pasar Sehat Soreang,0.4,23.5,28.1,19.1
2024-12-27,Pasar Sehat Soreang,3.2,23.5,28.0,19.4
2024-12-28,Pasar Sehat Soreang,0.8,23.8,29.0,19.4
2024-12-29,Pasar Sehat Soreang,0.6,22.9,27.7,18.8
2024-12-30,Pasar Sehat Soreang,1.6,22.9,27.8,19.9
2024-12-31,Pasar Sehat Soreang,0.6,23.6,27.9,20.6
2025-01-01,Pasar Sehat Soreang,2.7,22.5,27.8,19.5
2025-01-02,Pasar Sehat Soreang,0.8,23.2,28.5,18.6
2025-01-03,Pasar Sehat Soreang,4.7,23.3,29.3,17.2
2025-01-04,Pasar Sehat Soreang,15.2,22.3,27.6,17.4
2025-01-05,Pasar Sehat Soreang,12.8,22.3,26.6,19.0
2025-01-06,Pasar Sehat Soreang,10.0,22.1,28.3,17.1
2025-01-07,Pasar Sehat Soreang,19.4,22.5,27.7,19.0
2025-01-08,Pasar Sehat Soreang,4.6,22.2,25.1,19.4
2025-01-09,Pasar Sehat Soreang,6.6,21.2,23.8,18.8
2025-01-10,Pasar Sehat Soreang,10.7,22.4,27.5,18.6
2025-01-11,Pasar Sehat Soreang,12.7,22.8,28.1,19.8
2025-01-12,Pasar Sehat Soreang,3.3,23.0,28.0,19.4
2025-01-13,Pasar Sehat Soreang,6.5,22.9,28.1,19.9
2025-01-14,Pasar Sehat Soreang,16.1,21.8,25.1,18.9
2025-01-15,Pasar Sehat Soreang,7.8,23.0,27.5,19.9
2025-01-16,Pasar Sehat Soreang,11.0,23.1,27.5,20.0
2025-01-17,Pasar Sehat Soreang,14.0,22.5,26.4,20.2
2025-01-18,Pasar Sehat Soreang,5.6,22.9,26.7,20.2
2025-01-19,Pasar Sehat Soreang,2.9,23.0,27.6,20.1
2025-01-20,Pasar Sehat Soreang,12.4,22.1,26.4,20.4
2025-01-21,Pasar Sehat Soreang,17.6,22.4,26.6,20.3
2025-01-22,Pasar Sehat Soreang,4.7,23.1,27.5,20.5
2025-01-23,Pasar Sehat Soreang,4.2,23.1,28.0,19.9
2025-01-24,Pasar Sehat Soreang,18.7,22.4,25.8,20.4
2025-01-25,Pasar Sehat Soreang,0.9,22.6,26.4,19.0
2025-01-26,Pasar Sehat Soreang,11.1,22.7,26.8,18.5
2025-01-27,Pasar Sehat Soreang,0.3,22.8,27.0,19.0
2025-01-28,Pasar Sehat Soreang,16.0,22.2,26.7,18.2
2025-01-29,Pasar Sehat Soreang,6.8,21.7,23.5,20.5
2025-01-30,Pasar Sehat Soreang,3.1,21.5,23.6,20.2
2025-01-31,Pasar Sehat Soreang,2.1,22.6,25.7,20.6
2025-02-01,Pasar Sehat Soreang,3.7,22.5,25.6,20.3
2025-02-02,Pasar Sehat Soreang,3.4,23.1,27.3,20.0
2025-02-03,Pasar Sehat Soreang,1.1,23.6,28.0,20.2
2025-02-04,Pasar Sehat Soreang,0.2,23.9,28.0,19.7
2025-02-05,Pasar Sehat Soreang,3.3,22.9,26.7,19.6
2025-02-06,Pasar Sehat Soreang,6.1,21.9,24.3,19.9
2025-02-07,Pasar Sehat Soreang,5.9,22.5,25.8,20.7
2025-02-08,Pasar Sehat Soreang,6.8,21.9,26.0,18.0
2025-02-09,Pasar Sehat Soreang,2.2,22.2,26.2,18.5
2025-02-10,Pasar Sehat Soreang,1.4,22.1,25.9,18.7
2025-02-11,Pasar Sehat Soreang,0.5,22.3,27.1,17.8
2025-02-12,Pasar Sehat Soreang,0.2,23.0,29.9,16.2
2025-02-13,Pasar Sehat Soreang,8.4,23.1,29.3,18.3
2025-02-14,Pasar Sehat Soreang,4.3,22.7,27.9,18.0
2025-02-15,Pasar Sehat Soreang,10.4,22.8,27.6,20.5
2025-02-16,Pasar Sehat Soreang,7.6,22.4,27.5,18.0
2025-02-17,Pasar Sehat Soreang,5.8,22.6,27.1,20.3
2025-02-18,Pasar Sehat Soreang,6.7,22.5,27.6,19.8
2025-02-19,Pasar Sehat Soreang,11.3,21.8,25.6,19.1
2025-02-20,Pasar Sehat Soreang,1.9,23.0,28.0,19.5
2025-02-21,Pasar Sehat Soreang,9.4,22.6,28.1,18.5
2025-02-22,Pasar Sehat Soreang,4.9,22.9,27.0,20.7
2025-02-23,Pasar Sehat Soreang,14.1,22.3,25.7,19.4
2025-02-24,Pasar Sehat Soreang,19.1,22.4,27.0,20.0
2025-02-25,Pasar Sehat Soreang,11.4,22.7,27.3,19.9
2025-02-26,Pasar Sehat Soreang,11.5,22.3,26.6,20.4
2025-02-27,Pasar Sehat Soreang,1.5,21.8,27.0,16.7
2025-02-28,Pasar Sehat Soreang,2.9,22.5,26.2,18.1
2025-03-01,Pasar Sehat Soreang,1.2,23.4,27.9,19.7
2025-03-02,Pasar Sehat Soreang,0.2,22.7,27.6,17.7
2025-03-03,Pasar Sehat Soreang,22.9,22.5,26.5,18.1
2025-03-04,Pasar Sehat Soreang,6.7,22.7,27.9,19.9
2025-03-05,Pasar Sehat Soreang,0.4,23.0,28.9,17.9
2025-03-06,Pasar Sehat Soreang,23.2,22.2,28.1,17.4
2025-03-07,Pasar Sehat Soreang,1.3,23.1,28.1,20.0
2025-03-08,Pasar Sehat Soreang,4.3,22.7,27.4,18.9
2025-03-09,Pasar Sehat Soreang,3.8,22.3,26.0,20.1
2025-03-10,Pasar Sehat Soreang,18.7,22.4,27.3,18.8
2025-03-11,Pasar Sehat Soreang,1.7,23.1,28.4,19.4
2025-03-12,Pasar Sehat Soreang,3.8,22.7,26.9,18.3
2025-03-13,Pasar Sehat Soreang,6.2,23.2,27.8,18.9
2025-03-14,Pasar Sehat Soreang,7.0,22.9,28.4,20.1
2025-03-15,Pasar Sehat Soreang,15.2,22.1,26.3,18.5
2025-03-16,Pasar Sehat Soreang,5.8,22.4,27.8,18.3
2025-03-17,Pasar Sehat Soreang,11.3,22.2,27.4,18.0
2025-03-18,Pasar Sehat Soreang,5.8,22.5,24.7,20.4
2025-03-19,Pasar Sehat Soreang,9.4,22.6,26.8,19.3
2025-03-20,Pasar Sehat Soreang,0.2,23.8,30.1,19.8
2025-03-21,Pasar Sehat Soreang,4.0,23.2,27.7,19.8
2025-03-22,Pasar Sehat Soreang,2.7,23.2,28.4,18.8
2025-03-23,Pasar Sehat Soreang,1.1,22.6,29.4,17.0
2025-03-24,Pasar Sehat Soreang,1.7,22.8,28.0,18.0
2025-03-25,Pasar Sehat Soreang,1.6,23.2,28.0,19.3
2025-03-26,Pasar Sehat Soreang,15.3,22.4,27.8,17.9
2025-03-27,Pasar Sehat Soreang,3.4,22.6,28.4,17.8
2025-03-28,Pasar Sehat Soreang,19.8,22.6,27.1,19.8
2025-03-29,Pasar Sehat Soreang,0.2,23.3,28.6,18.2
2025-03-30,Pasar Sehat Soreang,0.7,22.6,28.9,16.3
2025-03-31,Pasar Sehat Soreang,1.0,22.7,28.7,17.4
2025-04-01,Pasar Sehat Soreang,14.0,21.3,25.8,16.8
2025-04-02,Pasar Sehat Soreang,19.4,22.1,25.3,19.6
2025-04-03,Pasar Sehat Soreang,6.7,22.6,26.1,20.4
2025-04-04,Pasar Sehat Soreang,4.4,21.8,25.7,17.9
2025-04-05,Pasar Sehat Soreang,12.5,22.4,27.1,18.6
2025-04-06,Pasar Sehat Soreang,2.4,22.5,27.0,19.6
2025-04-07,Pasar Sehat Soreang,1.6,23.5,28.5,19.6
2025-04-08,Pasar Sehat Soreang,0.0,22.7,29.1,16.4
2025-04-09,Pasar Sehat Soreang,4.2,23.0,29.2,18.4
2025-04-10,Pasar Sehat Soreang,1.4,22.4,26.4,18.5
2025-04-11,Pasar Sehat Soreang,3.8,23.0,26.9,20.7
2025-04-12,Pasar Sehat Soreang,8.8,22.2,25.5,19.0
2025-04-13,Pasar Sehat Soreang,8.7,22.2,26.0,18.9
2025-04-14,Pasar Sehat Soreang,17.6,22.5,26.9,20.4
2025-04-15,Pasar Sehat Soreang,0.5,22.3,26.2,19.2
2025-04-16,Pasar Sehat Soreang,0.1,22.9,28.6,17.8
2025-04-17,Pasar Sehat Soreang,0.0,22.4,27.1,17.4
2025-04-18,Pasar Sehat Soreang,4.5,22.4,27.3,18.1
2025-04-19,Pasar Sehat Soreang,5.2,23.3,27.5,20.6
2025-04-20,Pasar Sehat Soreang,11.3,23.1,27.2,19.9
2025-04-21,Pasar Sehat Soreang,5.7,22.4,26.5,19.7
2025-04-22,Pasar Sehat Soreang,1.3,22.8,27.9,18.0
2025-04-23,Pasar Sehat Soreang,10.6,21.7,27.9,16.7
2025-04-24,Pasar Sehat Soreang,19.5,21.7,27.3,17.6
2025-04-25,Pasar Sehat Soreang,0.5,22.7,27.1,18.9
2025-04-26,Pasar Sehat Soreang,3.8,22.1,24.7,18.4
2025-04-27,Pasar Sehat Soreang,0.0,22.9,28.7,17.3
2025-04-28,Pasar Sehat Soreang,0.0,22.6,28.7,15.3
2025-04-29,Pasar Sehat Soreang,0.3,22.8,28.5,16.3
2025-04-30,Pasar Sehat Soreang,0.2,22.3,28.8,15.9
2025-05-01,Pasar Sehat Soreang,0.0,23.0,28.5,17.0
2025-05-02,Pasar Sehat Soreang,6.5,22.0,28.2,16.2
2025-05-03,Pasar Sehat Soreang,0.5,22.2,27.6,17.6
2025-05-04,Pasar Sehat Soreang,8.2,22.6,27.0,19.5
2025-05-05,Pasar Sehat Soreang,0.2,22.7,28.4,18.1
2025-05-06,Pasar Sehat Soreang,0.0,22.8,28.8,17.6
2025-05-07,Pasar Sehat Soreang,0.6,22.3,27.0,17.9
2025-05-08,Pasar Sehat Soreang,4.3,22.5,27.3,18.6
2025-05-09,Pasar Sehat Soreang,0.6,23.1,27.9,17.9
2025-05-10,Pasar Sehat Soreang,2.0,23.1,28.9,18.2
2025-05-11,Pasar Sehat Soreang,5.7,23.2,28.7,19.5
2025-05-12,Pasar Sehat Soreang,0.5,22.7,27.3,18.1
2025-05-13,Pasar Sehat Soreang,4.5,22.7,27.2,18.7
2025-05-14,Pasar Sehat Soreang,4.4,22.5,27.1,20.2
2025-05-15,Pasar Sehat Soreang,3.0,22.7,27.9,18.3
2025-05-16,Pasar Sehat Soreang,11.7,22.7,26.8,20.3
2025-05-17,Pasar Sehat Soreang,3.0,22.9,27.6,19.2
2025-05-18,Pasar Sehat Soreang,2.1,22.5,27.0,18.5
2025-05-19,Pasar Sehat Soreang,0.6,22.6,26.3,19.3
2025-05-20,Pasar Sehat Soreang,0.8,23.1,27.0,19.6
2025-05-21,Pasar Sehat Soreang,17.4,21.5,23.4,19.5
2025-05-22,Pasar Sehat Soreang,13.3,22.3,25.8,20.2
2025-05-23,Pasar Sehat Soreang,13.9,21.4,25.5,18.6
2025-05-24,Pasar Sehat Soreang,11.1,22.5,25.8,20.3
2025-05-25,Pasar Sehat Soreang,3.0,23.1,26.0,20.9
2025-05-26,Pasar Sehat Soreang,11.2,21.9,24.5,20.2
2025-05-27,Pasar Sehat Soreang,0.2,23.5,28.7,18.9
2025-05-28,Pasar Sehat Soreang,0.5,23.4,28.5,18.6
2025-05-29,Pasar Sehat Soreang,3.5,22.6,28.7,17.1
2025-05-30,Pasar Sehat Soreang,0.0,22.8,28.2,17.1
2025-05-31,Pasar Sehat Soreang,1.4,22.5,28.7,16.4
2025-06-01,Pasar Sehat Soreang,0.1,21.7,26.1,17.6
2025-06-02,Pasar Sehat Soreang,0.0,22.7,27.9,17.6
2025-06-03,Pasar Sehat Soreang,2.4,21.8,26.8,16.5
2025-06-04,Pasar Sehat Soreang,0.2,22.2,27.4,16.7
2025-06-05,Pasar Sehat Soreang,0.0,22.5,28.3,16.9
2025-06-06,Pasar Sehat Soreang,7.0,22.4,28.2,18.4
2025-06-07,Pasar Sehat Soreang,4.7,22.8,27.1,20.0
2025-06-08,Pasar Sehat Soreang,0.0,22.0,27.7,15.5
2025-06-09,Pasar Sehat Soreang,0.4,21.7,28.1,15.9
2025-06-10,Pasar Sehat Soreang,3.0,21.6,26.5,16.6
2025-06-11,Pasar Sehat Soreang,0.3,22.0,25.9,19.3
2025-06-12,Pasar Sehat Soreang,0.6,22.8,28.3,17.4
2025-06-13,Pasar Sehat Soreang,0.0,23.3,28.8,17.8
2025-06-14,Pasar Sehat Soreang,1.0,22.6,28.4,17.3
2025-06-15,Pasar Sehat Soreang,5.0,22.6,28.3,19.0
2025-06-16,Pasar Sehat Soreang,0.0,22.7,28.4,17.3
2025-06-17,Pasar Sehat Soreang,2.7,22.0,27.2,17.7
2025-06-18,Pasar Sehat Soreang,5.3,21.7,24.8,18.6
2025-06-19,Pasar Sehat Soreang,0.6,21.9,25.1,19.9
2025-06-20,Pasar Sehat Soreang,0.9,21.8,26.4,18.2
2025-06-21,Pasar Sehat Soreang,1.9,22.0,26.7,19.0
2025-06-22,Pasar Sehat Soreang,0.6,22.7,28.2,18.3
2025-06-23,Pasar Sehat Soreang,1.0,22.0,27.6,17.5
2025-06-24,Pasar Sehat Soreang,3.5,21.1,27.5,16.3
2025-06-25,Pasar Sehat Soreang,0.1,21.1,27.0,16.5
2025-06-26,Pasar Sehat Soreang,0.0,21.9,28.1,16.2
2025-06-27,Pasar Sehat Soreang,0.0,22.3,28.7,16.0
2025-06-28,Pasar Sehat Soreang,13.4,20.8,25.6,17.2
2025-06-29,Pasar Sehat Soreang,4.8,20.5,25.6,16.0
2025-06-30,Pasar Sehat Soreang,0.8,22.2,27.7,17.4
2025-07-01,Pasar Sehat Soreang,6.8,21.7,25.8,19.2
2025-07-02,Pasar Sehat Soreang,2.2,21.3,27.5,16.4
2025-07-03,Pasar Sehat Soreang,0.3,22.0,26.5,17.7
2025-07-04,Pasar Sehat Soreang,0.1,21.8,26.2,17.8
2025-07-05,Pasar Sehat Soreang,4.3,21.6,26.6,18.0
2025-07-06,Pasar Sehat Soreang,4.3,21.8,27.2,18.5
2025-07-07,Pasar Sehat Soreang,2.0,21.5,26.2,17.4
2025-07-08,Pasar Sehat Soreang,0.5,22.5,28.5,18.3
2025-07-09,Pasar Sehat Soreang,0.4,21.8,26.5,18.0
2025-07-10,Pasar Sehat Soreang,0.1,20.7,26.5,15.1
2025-07-11,Pasar Sehat Soreang,0.8,20.9,26.4,15.5
2025-07-12,Pasar Sehat Soreang,0.0,21.3,27.7,15.5
2025-07-13,Pasar Sehat Soreang,0.2,22.0,28.0,16.0
2025-07-14,Pasar Sehat Soreang,16.4,22.1,27.7,18.8
2025-07-15,Pasar Sehat Soreang,0.0,21.8,27.3,17.0
2025-07-16,Pasar Sehat Soreang,1.9,21.8,28.0,16.7
2025-07-17,Pasar Sehat Soreang,0.0,22.2,28.3,16.8
2025-07-18,Pasar Sehat Soreang,0.0,21.5,27.2,15.7
2025-07-19,Pasar Sehat Soreang,0.1,21.9,27.2,14.9
2025-07-20,Pasar Sehat Soreang,0.0,21.4,27.0,14.4
2025-07-21,Pasar Sehat Soreang,0.0,22.3,28.3,18.5
2025-07-22,Pasar Sehat Soreang,0.0,20.8,27.9,14.2
2025-07-23,Pasar Sehat Soreang,0.0,21.3,28.3,14.7
2025-07-24,Pasar Sehat Soreang,0.0,21.9,28.9,14.8
2025-07-25,Pasar Sehat Soreang,0.4,22.0,27.6,16.3
2025-07-26,Pasar Sehat Soreang,0.0,22.0,28.2,15.7
2025-07-27,Pasar Sehat Soreang,0.8,22.1,28.2,16.6
2025-07-28,Pasar Sehat Soreang,2.8,22.3,28.8,18.5
2025-07-29,Pasar Sehat Soreang,0.0,22.7,27.0,19.3
2025-07-30,Pasar Sehat Soreang,0.8,22.8,28.9,18.9
2025-07-31,Pasar Sehat Soreang,0.0,23.1,28.8,18.5
2025-08-01,Pasar Sehat Soreang,0.3,22.4,28.7,16.2
2025-08-02,Pasar Sehat Soreang,0.0,22.5,28.9,16.0
2025-08-03,Pasar Sehat Soreang,0.4,22.0,28.7,16.0
2025-08-04,Pasar Sehat Soreang,6.3,22.3,27.3,19.2
2025-08-05,Pasar Sehat Soreang,1.5,22.2,28.5,17.4
2025-08-06,Pasar Sehat Soreang,0.1,22.2,27.8,17.5
2025-08-07,Pasar Sehat Soreang,0.0,22.7,28.9,18.1
2025-08-08,Pasar Sehat Soreang,0.0,23.1,28.3,18.6
2025-08-09,Pasar Sehat Soreang,0.8,22.6,28.3,19.3
2025-08-10,Pasar Sehat Soreang,0.2,22.7,29.9,16.6
2025-08-11,Pasar Sehat Soreang,0.7,21.8,27.5,16.8
2025-08-12,Pasar Sehat Soreang,1.0,21.5,25.8,18.7
2025-08-13,Pasar Sehat Soreang,6.3,21.2,27.3,16.7
2025-08-14,Pasar Sehat Soreang,14.5,21.3,26.4,18.2
2025-08-15,Pasar Sehat Soreang,0.0,21.2,28.0,15.4
2025-08-16,Pasar Sehat Soreang,0.3,21.4,28.7,14.9
2025-08-17,Pasar Sehat Soreang,0.0,22.1,28.8,15.9
2025-08-18,Pasar Sehat Soreang,5.1,21.5,28.0,15.9
2025-08-19,Pasar Sehat Soreang,3.2,21.4,26.1,18.4
2025-08-20,Pasar Sehat Soreang,4.2,22.1,26.5,19.0
2025-08-21,Pasar Sehat Soreang,0.6,22.3,26.7,19.5
2025-08-22,Pasar Sehat Soreang,4.3,22.0,27.8,17.4
2025-08-23,Pasar Sehat Soreang,0.0,22.2,27.7,15.9
2025-08-24,Pasar Sehat Soreang,0.0,23.0,28.4,17.3
2025-08-25,Pasar Sehat Soreang,0.7,21.9,27.7,16.4
2025-08-26,Pasar Sehat Soreang,0.0,20.8,28.8,13.8
2025-08-27,Pasar Sehat Soreang,0.9,21.0,29.3,13.1
2025-08-28,Pasar Sehat Soreang,0.8,22.9,29.3,18.2
2025-08-29,Pasar Sehat Soreang,1.9,22.8,29.8,18.4
2025-08-30,Pasar Sehat Soreang,3.2,22.7,28.8,18.4
2025-08-31,Pasar Sehat Soreang,1.2,22.4,26.3,19.4
2025-09-01,Pasar Sehat Soreang,0.2,23.6,30.0,18.7
2025-09-02,Pasar Sehat Soreang,0.2,22.5,29.2,16.4
2025-09-03,Pasar Sehat Soreang,0.0,23.0,30.6,16.6
2025-09-04,Pasar Sehat Soreang,0.0,23.1,31.0,16.0
2025-09-05,Pasar Sehat Soreang,22.8,21.4,27.7,17.2
2025-09-06,Pasar Sehat Soreang,0.0,23.1,29.2,18.8
2025-09-07,Pasar Sehat Soreang,0.0,21.8,28.6,15.7
2025-09-08,Pasar Sehat Soreang,3.3,21.4,27.3,16.9
2025-09-09,Pasar Sehat Soreang,8.7,21.5,28.4,17.9
2025-09-10,Pasar Sehat Soreang,10.4,22.3,28.3,18.5
2025-09-11,Pasar Sehat Soreang,13.2,21.9,24.3,19.7
2025-09-12,Pasar Sehat Soreang,4.6,22.4,26.3,19.6
2025-09-13,Pasar Sehat Soreang,0.0,22.9,29.5,16.9
2025-09-14,Pasar Sehat Soreang,0.0,22.7,29.2,15.7
2025-09-15,Pasar Sehat Soreang,0.0,22.8,29.8,15.9
2025-09-16,Pasar Sehat Soreang,1.2,22.3,28.9,17.2
2025-09-17,Pasar Sehat Soreang,1.9,22.2,27.5,18.8
2025-09-18,Pasar Sehat Soreang,0.3,22.1,27.0,19.1
2025-09-19,Pasar Sehat Soreang,5.0,22.1,28.3,18.0
2025-09-20,Pasar Sehat Soreang,15.2,22.0,27.9,18.4
2025-09-21,Pasar Sehat Soreang,4.0,22.3,28.3,17.6
2025-09-22,Pasar Sehat Soreang,0.0,23.4,31.5,16.9
2025-09-23,Pasar Sehat Soreang,0.0,23.5,30.9,16.3
2025-09-24,Pasar Sehat Soreang,0.0,23.1,30.2,16.5
2025-09-25,Pasar Sehat Soreang,1.0,22.8,29.5,17.5
2025-09-26,Pasar Sehat Soreang,3.2,24.0,29.8,19.2
2025-09-27,Pasar Sehat Soreang,0.4,24.1,29.7,19.4
2025-09-28,Pasar Sehat Soreang,0.4,23.7,29.6,18.4
2025-09-29,Pasar Sehat Soreang,6.2,22.0,27.5,17.9
2025-09-30,Pasar Sehat Soreang,1.9,22.8,28.3,19.1
2025-10-01,Pasar Sehat Soreang,6.7,22.7,28.7,18.1
2025-10-02,Pasar Sehat Soreang,18.2,21.6,27.8,18.5
2025-10-03,Pasar Sehat Soreang,0.0,23.4,29.3,18.6
2025-10-04,Pasar Sehat Soreang,0.2,23.8,32.2,17.6
2025-10-05,Pasar Sehat Soreang,0.1,22.7,31.2,16.8
2025-10-06,Pasar Sehat Soreang,0.1,23.6,30.1,17.1
2025-10-07,Pasar Sehat Soreang,0.0,23.3,30.3,17.7
2025-10-08,Pasar Sehat Soreang,0.4,23.0,31.0,16.3
2025-10-09,Pasar Sehat Soreang,0.0,22.8,30.9,15.1
2025-10-10,Pasar Sehat Soreang,0.5,23.6,29.4,18.9
2025-10-11,Pasar Sehat Soreang,1.6,22.8,29.1,17.4
2025-10-12,Pasar Sehat Soreang,0.2,24.3,30.5,17.1
2025-10-13,Pasar Sehat Soreang,10.2,23.3,29.4,17.8
2025-10-14,Pasar Sehat Soreang,0.5,24.7,31.0,17.9
2025-10-15,Pasar Sehat Soreang,0.2,24.6,31.9,17.5
2025-10-16,Pasar Sehat Soreang,0.0,24.9,31.3,18.1
2025-10-17,Pasar Sehat Soreang,1.5,24.8,32.2,18.6
2025-10-18,Pasar Sehat Soreang,0.3,24.6,31.0,18.4
2025-10-19,Pasar Sehat Soreang,1.3,24.3,28.7,19.8
2025-10-20,Pasar Sehat Soreang,0.8,25.2,31.4,19.7
2025-10-21,Pasar Sehat Soreang,6.9,23.8,29.9,18.5
2025-10-22,Pasar Sehat Soreang,17.1,23.2,27.5,20.9
2025-10-23,Pasar Sehat Soreang,10.6,22.9,27.0,20.7
2025-10-24,Pasar Sehat Soreang,10.9,22.0,26.0,20.2
2025-10-25,Pasar Sehat Soreang,0.7,22.8,28.6,17.9
2025-10-26,Pasar Sehat Soreang,1.7,21.5,27.2,16.5
2025-10-27,Pasar Sehat Soreang,0.6,22.8,28.0,18.7
2025-10-28,Pasar Sehat Soreang,2.0,22.0,25.5,18.5
2025-10-29,Pasar Sehat Soreang,0.8,22.2,25.2,18.5
2025-10-30,Pasar Sehat Soreang,0.7,22.7,27.8,19.0
2025-10-31,Pasar Sehat Soreang,1.9,22.5,28.5,18.1
2025-11-01,Pasar Sehat Soreang,7.8,23.2,28.5,19.7
2025-11-02,Pasar Sehat Soreang,6.5,22.9,27.2,20.5
2025-11-03,Pasar Sehat Soreang,7.8,22.5,27.3,19.0
2025-11-04,Pasar Sehat Soreang,5.0,23.2,29.0,18.0
2025-11-05,Pasar Sehat Soreang,0.6,22.9,26.8,19.8
2025-11-06,Pasar Sehat Soreang,6.3,23.4,28.2,20.3
2025-11-07,Pasar Sehat Soreang,1.7,24.3,29.8,20.6
2025-11-08,Pasar Sehat Soreang,12.4,22.6,27.3,20.5
2025-11-09,Pasar Sehat Soreang,5.7,23.7,28.2,19.5
2025-11-10,Pasar Sehat Soreang,3.5,23.2,29.1,18.9
2025-11-11,Pasar Sehat Soreang,21.9,22.4,26.4,20.5
2025-11-12,Pasar Sehat Soreang,20.0,22.6,26.4,20.1
2025-11-13,Pasar Sehat Soreang,16.5,22.2,26.3,20.0
2025-11-14,Pasar Sehat Soreang,9.2,22.2,27.3,19.9
2025-11-15,Pasar Sehat Soreang,17.5,23.3,28.6,20.4
2025-11-16,Pasar Sehat Soreang,1.6,23.7,28.9,20.8
2025-11-17,Pasar Sehat Soreang,23.9,22.5,26.4,19.0
2025-11-18,Pasar Sehat Soreang,20.0,22.2,27.1,20.0
2025-11-19,Pasar Sehat Soreang,16.1,22.1,26.9,17.7
2025-11-20,Pasar Sehat Soreang,23.4,22.2,26.8,18.7
2025-11-21,Pasar Sehat Soreang,9.1,24.0,29.6,19.6
2025-11-22,Pasar Sehat Soreang,4.1,22.5,27.4,18.4
2025-11-23,Pasar Sehat Soreang,4.4,22.0,26.2,18.0
2025-11-24,Pasar Sehat Soreang,0.0,23.1,30.3,18.2
2025-11-25,Pasar Sehat Soreang,0.6,22.7,29.7,16.0
2025-11-26,Pasar Sehat Soreang,0.1,23.3,29.5,16.5
2025-11-27,Pasar Sehat Soreang,6.1,22.9,28.0,18.3
2025-11-28,Pasar Sehat Soreang,0.6,23.0,28.8,17.3
2025-11-29,Pasar Sehat Soreang,2.3,22.9,29.6,17.4
2025-11-30,Pasar Sehat Soreang,2.8,22.3,28.3,17.5
2025-12-01,Pasar Sehat Soreang,0.9,22.4,28.2,17.3
2025-12-02,Pasar Sehat Soreang,1.1,23.1,29.4,19.6
2025-12-03,Pasar Sehat Soreang,8.4,22.8,27.7,20.3
2025-12-04,Pasar Sehat Soreang,12.8,21.9,25.5,20.2
2025-12-05,Pasar Sehat Soreang,4.7,22.5,27.7,19.5
2025-12-06,Pasar Sehat Soreang,1.3,22.4,26.2,19.3
2025-12-07,Pasar Sehat Soreang,11.5,23.1,28.1,19.0
2025-12-08,Pasar Sehat Soreang,12.2,22.1,26.7,18.9
2025-12-09,Pasar Sehat Soreang,0.2,22.5,25.9,19.2
2025-12-10,Pasar Sehat Soreang,0.5,22.5,27.3,18.4
2025-12-11,Pasar Sehat Soreang,4.0,22.8,29.3,19.7
2025-12-12,Pasar Sehat Soreang,0.3,23.1,29.1,16.7
2025-12-13,Pasar Sehat Soreang,0.6,23.6,29.1,18.8
2025-12-14,Pasar Sehat Soreang,33.1,22.7,26.0,20.2
2025-12-15,Pasar Sehat Soreang,1.1,24.2,29.8,20.4
2025-12-16,Pasar Sehat Soreang,4.5,23.9,30.3,19.1
2025-12-17,Pasar Sehat Soreang,28.9,23.1,29.1,19.8
2025-12-18,Pasar Sehat Soreang,9.8,23.4,27.6,20.0
2025-12-19,Pasar Sehat Soreang,15.5,23.0,27.1,19.8
2025-12-20,Pasar Sehat Soreang,19.0,22.2,26.2,19.7
2025-12-21,Pasar Sehat Soreang,2.3,22.7,27.1,19.1
2025-12-22,Pasar Sehat Soreang,5.9,22.3,26.6,18.7
2025-12-23,Pasar Sehat Soreang,11.4,22.9,27.4,18.7
2025-12-24,Pasar Sehat Soreang,3.3,23.5,26.9,20.0
2025-12-25,Pasar Sehat Soreang,2.7,24.3,30.0,20.0
2025-12-26,Pasar Sehat Soreang,6.4,23.6,28.2,20.9
2025-12-27,Pasar Sehat Soreang,7.1,23.8,29.0,20.5
2025-12-28,Pasar Sehat Soreang,3.8,23.1,27.5,19.6
2025-12-29,Pasar Sehat Soreang,0.8,23.0,28.4,18.4
2025-12-30,Pasar Sehat Soreang,11.4,22.5,27.2,18.7
2025-12-31,Pasar Sehat Soreang,21.4,21.7,23.6,19.4
2026-01-01,Pasar Sehat Soreang,10.4,22.2,26.4,19.3
2026-01-02,Pasar Sehat Soreang,2.6,22.3,26.8,19.3
2026-01-03,Pasar Sehat Soreang,25.3,21.5,23.7,20.4
2026-01-04,Pasar Sehat Soreang,4.4,22.5,26.0,19.8
2026-01-05,Pasar Sehat Soreang,3.1,23.0,28.0,19.8
2026-01-06,Pasar Sehat Soreang,3.8,22.8,28.9,16.8
2026-01-07,Pasar Sehat Soreang,1.3,22.9,27.1,18.4
2026-01-08,Pasar Sehat Soreang,6.7,22.1,27.8,17.7
2026-01-09,Pasar Sehat Soreang,9.5,22.5,27.8,18.2
2026-01-10,Pasar Sehat Soreang,9.5,21.9,25.6,19.6
2026-01-11,Pasar Sehat Soreang,5.3,21.4,24.9,19.4
2026-01-12,Pasar Sehat Soreang,9.2,21.1,24.2,19.2
2026-01-13,Pasar Sehat Soreang,5.1,22.1,25.6,19.0
2026-01-14,Pasar Sehat Soreang,1.5,22.5,26.8,19.7
2026-01-15,Pasar Sehat Soreang,23.7,21.6,23.9,18.8
2026-01-16,Pasar Sehat Soreang,2.8,22.6,27.6,18.5
2026-01-17,Pasar Sehat Soreang,8.7,21.9,26.6,18.1
2026-01-18,Pasar Sehat Soreang,13.2,21.5,23.9,20.1
2026-01-19,Pasar Sehat Soreang,1.0,22.2,26.9,18.4
2026-01-20,Pasar Sehat Soreang,3.9,22.7,27.2,19.8
2026-01-21,Pasar Sehat Soreang,6.9,21.7,24.5,20.0
2026-01-22,Pasar Sehat Soreang,18.9,20.8,22.8,19.4
2026-01-23,Pasar Sehat Soreang,13.0,21.0,22.8,19.9
2026-01-24,Pasar Sehat Soreang,3.4,21.2,23.4,18.1
2026-01-25,Pasar Sehat Soreang,3.4,22.0,26.3,17.6
2026-01-26,Pasar Sehat Soreang,1.4,22.4,26.8,19.6
2026-01-27,Pasar Sehat Soreang,2.2,21.8,25.0,19.6
2026-01-28,Pasar Sehat Soreang,26.7,21.3,22.7,20.1
2026-01-29,Pasar Sehat Soreang,21.7,21.4,24.3,20.4
2026-01-30,Pasar Sehat Soreang,10.2,22.2,26.1,20.6
2026-01-31,Pasar Sehat Soreang,2.2,22.0,26.2,16.8
2026-02-01,Pasar Sehat Soreang,3.5,21.8,25.9,18.2
2026-02-02,Pasar Sehat Soreang,4.4,21.9,26.2,19.4
2026-02-03,Pasar Sehat Soreang,2.4,22.1,26.2,19.1
2026-02-04,Pasar Sehat Soreang,8.5,21.6,26.2,17.1
2026-02-05,Pasar Sehat Soreang,10.3,22.5,27.6,18.9
2026-02-06,Pasar Sehat Soreang,3.4,23.0,27.4,19.9
2026-02-07,Pasar Sehat Soreang,2.0,21.9,25.4,17.7
2026-02-08,Pasar Sehat Soreang,1.9,22.3,25.5,19.2
2026-02-09,Pasar Sehat Soreang,9.0,21.5,24.0,19.1
2026-02-10,Pasar Sehat Soreang,2.0,21.7,25.5,17.5
2026-02-11,Pasar Sehat Soreang,3.4,22.4,28.1,18.4
2026-02-12,Pasar Sehat Soreang,19.0,22.2,27.2,19.1
2026-02-13,Pasar Sehat Soreang,5.1,22.2,25.3,19.6
2026-02-14,Pasar Sehat Soreang,3.1,22.9,27.4,19.2
2026-02-15,Pasar Sehat Soreang,4.8,22.6,26.8,20.0
2026-02-16,Pasar Sehat Soreang,7.9,22.2,25.5,20.2
2026-02-17,Pasar Sehat Soreang,1.3,23.1,28.7,19.9
2026-02-18,Pasar Sehat Soreang,3.9,21.8,24.2,19.3
2026-02-19,Pasar Sehat Soreang,9.2,21.2,23.9,19.0
2026-02-20,Pasar Sehat Soreang,5.1,21.6,24.9,20.0
2026-02-21,Pasar Sehat Soreang,14.5,22.3,25.3,19.3
2026-02-22,Pasar Sehat Soreang,28.9,22.2,25.3,20.9
2026-02-23,Pasar Sehat Soreang,17.2,21.5,24.4,19.9
2026-02-24,Pasar Sehat Soreang,1.3,22.6,28.4,19.7
2026-02-25,Pasar Sehat Soreang,0.1,23.4,28.6,18.1
2026-02-26,Pasar Sehat Soreang,0.7,23.1,27.6,20.2
2026-02-27,Pasar Sehat Soreang,1.0,22.7,27.3,20.0
2026-02-28,Pasar Sehat Soreang,2.8,22.7,26.8,20.7
2026-03-01,Pasar Sehat Soreang,6.8,22.5,28.7,18.0
2026-03-02,Pasar Sehat Soreang,9.4,22.5,27.0,18.9
2026-03-03,Pasar Sehat Soreang,6.3,22.8,25.9,20.2
2026-03-04,Pasar Sehat Soreang,2.4,23.1,27.2,20.8
2026-03-05,Pasar Sehat Soreang,1.9,23.4,27.7,20.7
2026-03-06,Pasar Sehat Soreang,3.3,22.4,26.1,19.2
2026-03-07,Pasar Sehat Soreang,9.3,21.9,25.8,19.6
2026-03-08,Pasar Sehat Soreang,15.1,21.5,25.2,18.9
2026-03-09,Pasar Sehat Soreang,1.9,21.7,27.6,16.6
2026-03-10,Pasar Sehat Soreang,0.4,22.8,30.3,16.5
2026-03-11,Pasar Sehat Soreang,1.1,23.2,29.8,17.9
2026-03-12,Pasar Sehat Soreang,2.5,22.9,30.7,16.4
2026-03-13,Pasar Sehat Soreang,0.6,22.5,30.5,15.6
2026-03-14,Pasar Sehat Soreang,2.3,21.7,29.0,15.3
2026-03-15,Pasar Sehat Soreang,0.2,22.6,28.8,15.9
2026-03-16,Pasar Sehat Soreang,0.0,23.1,28.6,17.5
2026-03-17,Pasar Sehat Soreang,0.1,23.6,28.9,17.7
2026-03-18,Pasar Sehat Soreang,0.4,23.9,30.1,18.3
2026-03-19,Pasar Sehat Soreang,0.6,22.6,29.7,17.0
2026-03-20,Pasar Sehat Soreang,1.6,22.5,28.0,17.9
2026-03-21,Pasar Sehat Soreang,11.9,22.5,29.4,16.2
2026-03-22,Pasar Sehat Soreang,0.7,22.8,28.7,16.9
2026-03-23,Pasar Sehat Soreang,2.0,22.1,28.2,15.3
2026-03-24,Pasar Sehat Soreang,1.1,22.7,28.2,17.6
2026-03-25,Pasar Sehat Soreang,4.9,22.4,28.4,16.9
2026-03-26,Pasar Sehat Soreang,2.0,22.2,25.6,19.6
2026-03-27,Pasar Sehat Soreang,6.8,22.1,25.9,19.4
2026-03-28,Pasar Sehat Soreang,6.7,22.3,25.3,17.8
2026-03-29,Pasar Sehat Soreang,1.2,22.5,26.9,17.8
2026-03-30,Pasar Sehat Soreang,2.3,22.3,27.2,17.6
2026-03-31,Pasar Sehat Soreang,1.2,22.6,27.3,18.8
2026-04-01,Pasar Sehat Soreang,9.4,22.2,28.0,17.4
2026-04-02,Pasar Sehat Soreang,6.0,22.4,26.3,19.5
2026-04-03,Pasar Sehat Soreang,1.9,23.6,28.7,20.3
2026-04-04,Pasar Sehat Soreang,0.4,22.6,26.8,18.4
2026-04-05,Pasar Sehat Soreang,6.0,22.5,28.5,18.1
2026-04-06,Pasar Sehat Soreang,0.4,22.7,27.7,19.6
2026-04-07,Pasar Sehat Soreang,17.2,22.4,27.7,18.8
2026-04-08,Pasar Sehat Soreang,2.7,22.5,27.3,17.6
2026-04-09,Pasar Sehat Soreang,5.5,22.9,26.4,20.8
2026-04-10,Pasar Sehat Soreang,2.6,22.7,26.6,19.1
2026-04-11,Pasar Sehat Soreang,3.5,23.0,27.6,18.2
2026-04-12,Pasar Sehat Soreang,9.2,23.0,27.6,20.7
2026-04-13,Pasar Sehat Soreang,0.1,23.2,29.2,17.8
2026-04-14,Pasar Sehat Soreang,2.4,23.3,28.0,19.5
2026-04-15,Pasar Sehat Soreang,4.9,22.7,26.5,20.1
2026-04-16,Pasar Sehat Soreang,1.7,23.7,28.8,18.8
2026-04-17,Pasar Sehat Soreang,4.8,22.7,27.8,19.1
2026-04-18,Pasar Sehat Soreang,0.4,23.0,28.9,17.6
2026-04-19,Pasar Sehat Soreang,0.0,23.1,29.1,17.7
2026-04-20,Pasar Sehat Soreang,0.5,23.4,28.6,18.2
2026-04-21,Pasar Sehat Soreang,2.4,23.1,29.1,17.8
2026-04-22,Pasar Sehat Soreang,1.9,23.3,28.4,20.1
2026-04-23,Pasar Sehat Soreang,0.0,23.9,28.2,20.0
2026-04-24,Pasar Sehat Soreang,1.6,23.2,28.3,17.7
2026-04-25,Pasar Sehat Soreang,0.6,23.0,29.7,18.0
2026-04-26,Pasar Sehat Soreang,1.8,23.1,28.8,18.3
2026-04-27,Pasar Sehat Soreang,2.0,23.2,28.1,19.0
2026-04-28,Pasar Sehat Soreang,0.6,23.0,27.8,18.3
2026-04-29,Pasar Sehat Soreang,3.5,23.9,29.7,20.2
2026-04-30,Pasar Sehat Soreang,2.8,23.1,27.9,18.3
2026-05-01,Pasar Sehat Soreang,6.9,22.7,27.0,20.2
2026-05-02,Pasar Sehat Soreang,2.2,21.9,26.9,17.9
2026-05-03,Pasar Sehat Soreang,2.2,22.9,28.4,18.3
2026-05-04,Pasar Sehat Soreang,1.2,21.9,25.5,18.4
2026-05-05,Pasar Sehat Soreang,5.0,22.6,27.9,18.6
2026-05-06,Pasar Sehat Soreang,0.0,23.6,29.5,18.4
2026-05-07,Pasar Sehat Soreang,0.3,23.4,27.5,20.0
2026-05-08,Pasar Sehat Soreang,0.1,23.1,29.6,17.3
2026-05-09,Pasar Sehat Soreang,0.3,23.2,28.3,17.7
2026-05-10,Pasar Sehat Soreang,0.1,24.2,29.7,19.0
2026-05-11,Pasar Sehat Soreang,0.0,23.9,28.9,19.4
2026-05-12,Pasar Sehat Soreang,0.1,24.2,29.9,19.2
2026-05-13,Pasar Sehat Soreang,0.2,23.9,30.2,17.6
2026-05-14,Pasar Sehat Soreang,2.2,22.9,30.7,18.4
2026-05-15,Pasar Sehat Soreang,3.4,23.5,30.4,19.8
2026-05-16,Pasar Sehat Soreang,3.1,22.9,27.5,19.6
2026-05-17,Pasar Sehat Soreang,0.8,23.0,27.7,18.3
2026-05-18,Pasar Sehat Soreang,0.6,22.9,29.7,17.1
2026-05-19,Pasar Sehat Soreang,2.2,23.6,29.0,19.4
2026-05-20,Pasar Sehat Soreang,1.5,22.6,26.3,17.6
2026-05-21,Pasar Sehat Soreang,0.6,23.9,29.1,19.6
2026-05-22,Pasar Sehat Soreang,2.9,23.2,27.3,18.5
2026-05-23,Pasar Sehat Soreang,7.0,22.9,26.2,20.8
2026-05-24,Pasar Sehat Soreang,7.7,21.7,26.5,18.2
2026-05-25,Pasar Sehat Soreang,1.1,22.6,26.6,18.5
2026-05-26,Pasar Sehat Soreang,0.0,23.2,29.7,17.7
2026-05-27,Pasar Sehat Soreang,0.0,22.2,27.8,17.5
2026-05-28,Pasar Sehat Soreang,0.0,22.1,27.9,15.4
2026-05-29,Pasar Sehat Soreang,0.0,21.7,28.3,15.3
2026-05-30,Pasar Sehat Soreang,0.2,22.7,27.5,16.9
2026-05-31,Pasar Sehat Soreang,0.0,23.3,28.1,18.5
2026-06-01,Pasar Sehat Soreang,0.1,23.7,29.2,18.4
2026-06-02,Pasar Sehat Soreang,0.0,23.5,28.3,19.6
2026-06-03,Pasar Sehat Soreang,0.4,23.6,28.0,19.8
2026-06-04,Pasar Sehat Soreang,0.1,23.2,28.8,18.3
2026-06-05,Pasar Sehat Soreang,0.2,23.5,29.9,18.4
2026-06-06,Pasar Sehat Soreang,0.0,23.2,29.6,17.4
2026-06-07,Pasar Sehat Soreang,0.0,22.5,29.0,16.7
2026-06-08,Pasar Sehat Soreang,0.0,21.9,28.5,16.5
2026-06-09,Pasar Sehat Soreang,0.0,21.5,27.4,14.1
2026-06-10,Pasar Sehat Soreang,0.0,21.7,27.7,14.5
2026-06-11,Pasar Sehat Soreang,0.2,21.9,28.2,15.4
2026-06-12,Pasar Sehat Soreang,0.0,22.3,28.2,17.1
2026-06-13,Pasar Sehat Soreang,3.6,22.2,25.4,19.8
2026-06-14,Pasar Sehat Soreang,0.3,23.5,28.5,19.4
2026-06-15,Pasar Sehat Soreang,0.1,22.8,28.9,16.6
2026-06-16,Pasar Sehat Soreang,0.0,22.8,29.2,17.3
2026-06-17,Pasar Sehat Soreang,0.0,22.3,28.5,16.9
2026-06-18,Pasar Sehat Soreang,0.0,22.2,28.2,15.9
2026-06-19,Pasar Sehat Soreang,0.1,22.4,30.1,14.6
2026-06-20,Pasar Sehat Soreang,0.0,23.2,29.6,16.6
2026-06-21,Pasar Sehat Soreang,0.1,23.1,30.0,17.2
2026-06-22,Pasar Sehat Soreang,2.1,23.4,29.4,18.7
2026-06-23,Pasar Sehat Soreang,4.5,22.7,27.4,20.6
2026-06-24,Pasar Sehat Soreang,0.0,23.0,29.4,17.6
2026-06-25,Pasar Sehat Soreang,2.9,21.7,26.6,17.7
2026-06-26,Pasar Sehat Soreang,0.0,22.5,29.5,16.0
2026-06-27,Pasar Sehat Soreang,0.1,23.3,30.1,17.0
2026-06-28,Pasar Sehat Soreang,0.0,23.7,30.1,17.8
2026-06-29,Pasar Sehat Soreang,0.0,22.8,30.4,14.9
2026-06-30,Pasar Sehat Soreang,0.0,22.6,29.8,15.6
2026-07-01,Pasar Sehat Soreang,0.0,22.4,29.3,14.4
2026-07-02,Pasar Sehat Soreang,0.0,22.8,29.0,17.7
2026-07-03,Pasar Sehat Soreang,0.2,22.7,30.1,15.7
2026-07-04,Pasar Sehat Soreang,0.0,22.8,29.3,17.0
2026-07-05,Pasar Sehat Soreang,0.0,23.3,30.2,17.6
2026-07-06,Pasar Sehat Soreang,0.0,23.6,30.2,18.8
2026-07-07,Pasar Sehat Soreang,0.0,23.0,29.4,16.6
2026-07-08,Pasar Sehat Soreang,0.0,21.9,28.6,14.9
2026-07-09,Pasar Sehat Soreang,0.0,22.9,28.5,17.4
2026-07-10,Pasar Sehat Soreang,0.0,21.7,28.4,14.5
2026-07-11,Pasar Sehat Soreang,0.0,22.4,28.0,15.4
2026-07-12,Pasar Sehat Soreang,0.0,21.7,27.6,14.7
2026-07-13,Pasar Sehat Soreang,0.0,22.0,28.2,14.0
2026-07-14,Pasar Sehat Soreang,0.0,22.8,29.5,14.6
2026-07-15,Pasar Sehat Soreang,0.0,22.8,29.7,16.1
2026-07-16,Pasar Sehat Soreang,0.1,23.1,29.2,16.6
2026-07-17,Pasar Sehat Soreang,0.3,23.1,30.6,16.3
2026-07-18,Pasar Sehat Soreang,0.3,23.3,29.7,17.5
2026-07-19,Pasar Sehat Soreang,0.0,22.8,29.5,15.8
2026-07-20,Pasar Sehat Soreang,0.2,23.2,29.7,16.3
2026-07-21,Pasar Sehat Soreang,1.6,23.7,29.8,18.7
2026-07-22,Pasar Sehat Soreang,0.0,23.1,30.3,16.3
2026-07-23,Pasar Sehat Soreang,1.0,22.7,29.0,16.4
2026-07-24,Pasar Sehat Soreang,0.0,22.1,29.4,15.2
2026-07-25,Pasar Sehat Soreang,0.0,21.5,28.1,15.9
2026-07-26,Pasar Sehat Soreang,0.0,21.7,29.7,13.6
2026-07-27,Pasar Sehat Soreang,0.0,22.1,29.4,14.5
2026-07-28,Pasar Sehat Soreang,0.0,22.4,30.0,14.7
2026-07-29,Pasar Sehat Soreang,0.2,23.3,30.4,16.4
2026-07-30,Pasar Sehat Soreang,2.2,23.6,31.2,17.6
2026-07-31,Pasar Sehat Soreang,0.9,23.8,30.3,17.8
2026-08-01,Pasar Sehat Soreang,0.1,24.2,30.5,18.7
2026-08-02,Pasar Sehat Soreang,1.0,24.0,29.9,17.9
2026-08-03,Pasar Sehat Soreang,0.1,23.2,30.0,16.5
2026-08-04,Pasar Sehat Soreang,0.0,24.0,31.0,16.5
2026-08-05,Pasar Sehat Soreang,0.1,23.8,31.2,17.3
2026-08-06,Pasar Sehat Soreang,0.0,23.2,29.9,15.2
2026-08-07,Pasar Sehat Soreang,0.0,23.7,30.1,17.5
2026-08-08,Pasar Sehat Soreang,0.0,23.8,31.8,16.8
2026-08-09,Pasar Sehat Soreang,0.0,22.4,31.2,14.3
2026-08-10,Pasar Sehat Soreang,0.0,22.8,29.5,14.6
2026-08-11,Pasar Sehat Soreang,0.0,23.1,30.3,15.1
2026-08-12,Pasar Sehat Soreang,0.0,23.8,30.5,16.2
2026-08-13,Pasar Sehat Soreang,0.0,23.3,31.9,14.8
2026-08-14,Pasar Sehat Soreang,0.0,24.3,31.0,15.9
2026-08-15,Pasar Sehat Soreang,0.4,24.0,30.7,17.0
2026-08-16,Pasar Sehat Soreang,0.1,23.9,31.0,17.4
2026-08-17,Pasar Sehat Soreang,0.0,24.8,31.2,18.9
2026-08-18,Pasar Sehat Soreang,0.0,24.6,31.1,17.8
2026-08-19,Pasar Sehat Soreang,0.2,24.5,30.3,20.3
2026-08-20,Pasar Sehat Soreang,0.9,24.5,31.1,19.0
2026-08-21,Pasar Sehat Soreang,0.0,23.7,31.3,16.3
2026-08-22,Pasar Sehat Soreang,0.0,23.8,31.6,16.0
