tanggal,pasar,komoditas,harga
2026-08-13,Pasar Margahayu,BAWANG BOMBAY,36000.0
2026-08-13,Pasar Margahayu,BAWANG DAUN,16000.0
2026-08-13,Pasar Margahayu,BAWANG MERAH,36000.0
2026-08-13,Pasar Margahayu,BAWANG MERAH BATU,
2026-08-13,Pasar Margahayu,BAWANG PUTIH BIASA,32000.0
2026-08-13,Pasar Margahayu,BAWANG PUTIH KATING,40000.0
2026-08-13,Pasar Margahayu,BAWANG SUMENEP,50000.0
2026-08-13,Pasar Margahayu,BAYAM,2500.0
2026-08-13,Pasar Margahayu,BERAS IR. 64,15000.0
2026-08-13,Pasar Margahayu,BERAS MEDIUM,14000.0
2026-08-13,Pasar Margahayu,BERAS PREMIUM,15500.0
2026-08-13,Pasar Margahayu,CABE HIJAU BIASA,40000.0
2026-08-13,Pasar Margahayu,CABE MERAH KERITING,50000.0
2026-08-13,Pasar Margahayu,CABE MERAH TANJUNG,90000.0
2026-08-13,Pasar Margahayu,CABE MERAH TW,50000.0
2026-08-13,Pasar Margahayu,CABE RAWIT HIJAU,60000.0
2026-08-13,Pasar Margahayu,CABE RAWIT MERAH,60000.0
2026-08-13,Pasar Margahayu,DAGING AYAM BROILER,44000.0
2026-08-13,Pasar Margahayu,DAGING AYAM KAMPUNG,
2026-08-13,Pasar Margahayu,DAGING SAPI IMPOR BEKU,
2026-08-13,Pasar Margahayu,DAGING SAPI LOKAL HAS DALAM,
2026-08-13,Pasar Margahayu,DAGING SAPI LOKAL HAS LUAR,140000.0
2026-08-13,Pasar Margahayu,DAGING SAPI LOKAL PAHA BELAKANG,140000.0
2026-08-13,Pasar Margahayu,DAGING SAPI LOKAL PAHA DEPAN,140000.0
2026-08-13,Pasar Margahayu,DAGING SAPI LOKAL SANDUNG LAMUR,130000.0
2026-08-13,Pasar Margahayu,DAGING SAPI LOKAL TETELAN,80000.0
2026-08-13,Pasar Margahayu,DAGING SAPI MURNI,140000.0
2026-08-13,Pasar Margahayu,GARAM BATA,35000.0
2026-08-13,Pasar Margahayu,GARAM HALUS YODIUM,2500.0
2026-08-13,Pasar Margahayu,GAS LPG 3 Kg,22000.0
2026-08-13,Pasar Margahayu,GULA MERAH,26000.0
2026-08-13,Pasar Margahayu,GULA PASIR GULA KU,19000.0
2026-08-13,Pasar Margahayu,GULA PASIR LOKAL,18000.0
2026-08-13,Pasar Margahayu,IKAN BANDENG,38000.0
2026-08-13,Pasar Margahayu,Ikan Bawal Air Tawar,30000.0
2026-08-13,Pasar Margahayu,Ikan Gurame,50000.0
2026-08-13,Pasar Margahayu,IKAN KEMBUNG,50000.0
2026-08-13,Pasar Margahayu,Ikan Lele,32000.0
2026-08-13,Pasar Margahayu,IKAN MAS,30000.0
2026-08-13,Pasar Margahayu,Ikan Nila,40000.0
2026-08-13,Pasar Margahayu,Ikan Patin,32000.0
2026-08-13,Pasar Margahayu,IKAN TONGKOL,46000.0
2026-08-13,Pasar Margahayu,JAGUNG MANIS,18000.0
2026-08-13,Pasar Margahayu,JAGUNG PIPILAN,20000.0
2026-08-13,Pasar Margahayu,JERUK,25000.0
2026-08-13,Pasar Margahayu,KACANG HIJAU,28000.0
2026-08-13,Pasar Margahayu,KACANG KEDELAI IMPOR,
2026-08-13,Pasar Margahayu,KACANG KEDELAI LOKAL,15000.0
2026-08-13,Pasar Margahayu,KACANG PANJANG,28000.0
2026-08-13,Pasar Margahayu,KACANG TANAH KUPAS,38000.0
2026-08-13,Pasar Margahayu,KANGKUNG,2000.0
2026-08-13,Pasar Margahayu,KENTANG DIENG,20000.0
2026-08-13,Pasar Margahayu,KETELA POHON,6000.0
2026-08-13,Pasar Margahayu,MELON,18000.0
2026-08-13,Pasar Margahayu,MIE INSTAN INDOMIE,3000.0
2026-08-13,Pasar Margahayu,MINYAK BIMOLI,
2026-08-13,Pasar Margahayu,MINYAK CURAH,21500.0
2026-08-13,Pasar Margahayu,MINYAKITA,20000.0
2026-08-13,Pasar Margahayu,MINYAK SANIA,
2026-08-13,Pasar Margahayu,PAKCOY,12000.0
2026-08-13,Pasar Margahayu,PEPAYA,16000.0
2026-08-13,Pasar Margahayu,PISANG,8000.0
2026-08-13,Pasar Margahayu,SAWI PUTIH,10000.0
2026-08-13,Pasar Margahayu,SAYURAN BUNCIS,30000.0
2026-08-13,Pasar Margahayu,SAYURAN KENTANG LOKAL,15000.0
2026-08-13,Pasar Margahayu,SAYURAN KOL/KUBIS,8000.0
2026-08-13,Pasar Margahayu,SAYURAN TOMAT,12000.0
2026-08-13,Pasar Margahayu,SAYURAN WORTEL,20000.0
2026-08-13,Pasar Margahayu,SKM BENDERA,13000.0
2026-08-13,Pasar Margahayu,SKM CAP ENAK,11500.0
2026-08-13,Pasar Margahayu,SKM INDOMILK,12000.0
2026-08-13,Pasar Margahayu,SUSU BALITA (SGM),42500.0
2026-08-13,Pasar Margahayu,SUSU BUBUK DANCOW VANILA,
2026-08-13,Pasar Margahayu,TAHU,10000.0
2026-08-13,Pasar Margahayu,TELUR AYAM BROILER,23500.0
2026-08-13,Pasar Margahayu,TELUR AYAM KAMPUNG,3000.0
2026-08-13,Pasar Margahayu,TEMPE,17000.0
2026-08-13,Pasar Margahayu,TERIGU CAKRA KEMBAR,15000.0
2026-08-13,Pasar Margahayu,TERIGU CURAH,10000.0
2026-08-13,Pasar Margahayu,TERIGU KUNCI BIRU,14000.0
2026-08-13,Pasar Margahayu,TERIGU SEGITIGA BIRU,13000.0
2026-08-13,Pasar Margahayu,TERI KERITING,70000.0
2026-08-13,Pasar Margahayu,TERI MEDAN,160000.0
2026-08-13,Pasar Margahayu,TIMUN,14000.0
2026-08-13,Pasar Margahayu,TOMAT HIJAU,8000.0
2026-08-13,Pasar Margahayu,UBI JALAR PUTIH,8000.0
2026-08-13,Pasar Margahayu,UDANG,68000.0
2026-08-13,Pasar Ciwidey,BAWANG BOMBAY,36000.0
2026-08-13,Pasar Ciwidey,BAWANG DAUN,12000.0
2026-08-13,Pasar Ciwidey,BAWANG MERAH,40000.0
2026-08-13,Pasar Ciwidey,BAWANG MERAH BATU,28000.0
2026-08-13,Pasar Ciwidey,BAWANG PUTIH BIASA,36000.0
2026-08-13,Pasar Ciwidey,BAWANG PUTIH KATING,
2026-08-13,Pasar Ciwidey,BAWANG SUMENEP,60000.0
2026-08-13,Pasar Ciwidey,BAYAM,2000.0
2026-08-13,Pasar Ciwidey,BERAS IR. 64,15000.0
2026-08-13,Pasar Ciwidey,BERAS MEDIUM,14500.0
2026-08-13,Pasar Ciwidey,BERAS PREMIUM,16000.0
2026-08-13,Pasar Ciwidey,CABE HIJAU BIASA,22000.0
2026-08-13,Pasar Ciwidey,CABE MERAH KERITING,45000.0
2026-08-13,Pasar Ciwidey,CABE MERAH TANJUNG,90000.0
2026-08-13,Pasar Ciwidey,CABE MERAH TW,80000.0
2026-08-13,Pasar Ciwidey,CABE RAWIT HIJAU,57000.0
2026-08-13,Pasar Ciwidey,CABE RAWIT MERAH,40000.0
2026-08-13,Pasar Ciwidey,DAGING AYAM BROILER,40000.0
2026-08-13,Pasar Ciwidey,DAGING AYAM KAMPUNG,70000.0
2026-08-13,Pasar Ciwidey,DAGING SAPI IMPOR BEKU,110000.0
2026-08-13,Pasar Ciwidey,DAGING SAPI LOKAL HAS DALAM,145000.0
2026-08-13,Pasar Ciwidey,DAGING SAPI LOKAL HAS LUAR,140000.0
2026-08-13,Pasar Ciwidey,DAGING SAPI LOKAL PAHA BELAKANG,145000.0
2026-08-13,Pasar Ciwidey,DAGING SAPI LOKAL PAHA DEPAN,140000.0
2026-08-13,Pasar Ciwidey,DAGING SAPI LOKAL SANDUNG LAMUR,125000.0
2026-08-13,Pasar Ciwidey,DAGING SAPI LOKAL TETELAN,70000.0
2026-08-13,Pasar Ciwidey,DAGING SAPI MURNI,145000.0
2026-08-13,Pasar Ciwidey,GARAM BATA,16000.0
2026-08-13,Pasar Ciwidey,GARAM HALUS YODIUM,3000.0
2026-08-13,Pasar Ciwidey,GAS LPG 3 Kg,23000.0
2026-08-13,Pasar Ciwidey,GULA MERAH,24000.0
2026-08-13,Pasar Ciwidey,GULA PASIR GULA KU,20000.0
2026-08-13,Pasar Ciwidey,GULA PASIR LOKAL,18000.0
2026-08-13,Pasar Ciwidey,IKAN BANDENG,45000.0
2026-08-13,Pasar Ciwidey,Ikan Bawal Air Tawar,32000.0
2026-08-13,Pasar Ciwidey,Ikan Gurame,60000.0
2026-08-13,Pasar Ciwidey,IKAN KEMBUNG,50000.0
2026-08-13,Pasar Ciwidey,Ikan Lele,35000.0
2026-08-13,Pasar Ciwidey,IKAN MAS,28000.0
2026-08-13,Pasar Ciwidey,Ikan Nila,32000.0
2026-08-13,Pasar Ciwidey,Ikan Patin,34000.0
2026-08-13,Pasar Ciwidey,IKAN TONGKOL,46000.0
2026-08-13,Pasar Ciwidey,JAGUNG MANIS,13000.0
2026-08-13,Pasar Ciwidey,JAGUNG PIPILAN,20000.0
2026-08-13,Pasar Ciwidey,JERUK,20000.0
2026-08-13,Pasar Ciwidey,KACANG HIJAU,36000.0
2026-08-13,Pasar Ciwidey,KACANG KEDELAI IMPOR,16000.0
2026-08-13,Pasar Ciwidey,KACANG KEDELAI LOKAL,
2026-08-13,Pasar Ciwidey,KACANG PANJANG,18000.0
2026-08-13,Pasar Ciwidey,KACANG TANAH KUPAS,38000.0
2026-08-13,Pasar Ciwidey,KANGKUNG,2000.0
2026-08-13,Pasar Ciwidey,KENTANG DIENG,22000.0
2026-08-13,Pasar Ciwidey,KETELA POHON,5000.0
2026-08-13,Pasar Ciwidey,MELON,13000.0
2026-08-13,Pasar Ciwidey,MIE INSTAN INDOMIE,3500.0
2026-08-13,Pasar Ciwidey,MINYAK BIMOLI,22500.0
2026-08-13,Pasar Ciwidey,MINYAK CURAH,21500.0
2026-08-13,Pasar Ciwidey,MINYAKITA,20000.0
2026-08-13,Pasar Ciwidey,MINYAK SANIA,22000.0
2026-08-13,Pasar Ciwidey,PAKCOY,7000.0
2026-08-13,Pasar Ciwidey,PEPAYA,15000.0
2026-08-13,Pasar Ciwidey,PISANG,8000.0
2026-08-13,Pasar Ciwidey,SAWI PUTIH,7000.0
2026-08-13,Pasar Ciwidey,SAYURAN BUNCIS,22000.0
2026-08-13,Pasar Ciwidey,SAYURAN KENTANG LOKAL,16000.0
2026-08-13,Pasar Ciwidey,SAYURAN KOL/KUBIS,8000.0
2026-08-13,Pasar Ciwidey,SAYURAN TOMAT,8000.0
2026-08-13,Pasar Ciwidey,SAYURAN WORTEL,20000.0
2026-08-13,Pasar Ciwidey,SKM BENDERA,13000.0
2026-08-13,Pasar Ciwidey,SKM CAP ENAK,12000.0
2026-08-13,Pasar Ciwidey,SKM INDOMILK,12500.0
2026-08-13,Pasar Ciwidey,SUSU BALITA (SGM),48000.0
2026-08-13,Pasar Ciwidey,SUSU BUBUK DANCOW VANILA,
2026-08-13,Pasar Ciwidey,TAHU,12000.0
2026-08-13,Pasar Ciwidey,TELUR AYAM BROILER,24500.0
2026-08-13,Pasar Ciwidey,TELUR AYAM KAMPUNG,3500.0
2026-08-13,Pasar Ciwidey,TEMPE,13000.0
2026-08-13,Pasar Ciwidey,TERIGU CAKRA KEMBAR,14000.0
2026-08-13,Pasar Ciwidey,TERIGU CURAH,10000.0
2026-08-13,Pasar Ciwidey,TERIGU KUNCI BIRU,
2026-08-13,Pasar Ciwidey,TERIGU SEGITIGA BIRU,13000.0
2026-08-13,Pasar Ciwidey,TERI KERITING,85000.0
2026-08-13,Pasar Ciwidey,TERI MEDAN,160000.0
2026-08-13,Pasar Ciwidey,TIMUN,12000.0
2026-08-13,Pasar Ciwidey,TOMAT HIJAU,6000.0
2026-08-13,Pasar Ciwidey,UBI JALAR PUTIH,9000.0
2026-08-13,Pasar Ciwidey,UDANG,95000.0
2026-08-13,Pasar Baleendah,BAWANG BOMBAY,35000.0
2026-08-13,Pasar Baleendah,BAWANG DAUN,15000.0
2026-08-13,Pasar Baleendah,BAWANG MERAH,32000.0
2026-08-13,Pasar Baleendah,BAWANG MERAH BATU,28000.0
2026-08-13,Pasar Baleendah,BAWANG PUTIH BIASA,35000.0
2026-08-13,Pasar Baleendah,BAWANG PUTIH KATING,
2026-08-13,Pasar Baleendah,BAWANG SUMENEP,40000.0
2026-08-13,Pasar Baleendah,BAYAM,2500.0
2026-08-13,Pasar Baleendah,BERAS IR. 64,15000.0
2026-08-13,Pasar Baleendah,BERAS MEDIUM,14000.0
2026-08-13,Pasar Baleendah,BERAS PREMIUM,16000.0
2026-08-13,Pasar Baleendah,CABE HIJAU BIASA,32000.0
2026-08-13,Pasar Baleendah,CABE MERAH KERITING,40000.0
2026-08-13,Pasar Baleendah,CABE MERAH TANJUNG,100000.0
2026-08-13,Pasar Baleendah,CABE MERAH TW,
2026-08-13,Pasar Baleendah,CABE RAWIT HIJAU,45000.0
2026-08-13,Pasar Baleendah,CABE RAWIT MERAH,45000.0
2026-08-13,Pasar Baleendah,DAGING AYAM BROILER,41000.0
2026-08-13,Pasar Baleendah,DAGING AYAM KAMPUNG,70000.0
2026-08-13,Pasar Baleendah,DAGING SAPI IMPOR BEKU,120000.0
2026-08-13,Pasar Baleendah,DAGING SAPI LOKAL HAS DALAM,150000.0
2026-08-13,Pasar Baleendah,DAGING SAPI LOKAL HAS LUAR,140000.0
2026-08-13,Pasar Baleendah,DAGING SAPI LOKAL PAHA BELAKANG,140000.0
2026-08-13,Pasar Baleendah,DAGING SAPI LOKAL PAHA DEPAN,135000.0
2026-08-13,Pasar Baleendah,DAGING SAPI LOKAL SANDUNG LAMUR,120000.0
2026-08-13,Pasar Baleendah,DAGING SAPI LOKAL TETELAN,70000.0
2026-08-13,Pasar Baleendah,DAGING SAPI MURNI,140000.0
2026-08-13,Pasar Baleendah,GARAM BATA,16000.0
2026-08-13,Pasar Baleendah,GARAM HALUS YODIUM,2500.0
2026-08-13,Pasar Baleendah,GAS LPG 3 Kg,23000.0
2026-08-13,Pasar Baleendah,GULA MERAH,23000.0
2026-08-13,Pasar Baleendah,GULA PASIR GULA KU,20000.0
2026-08-13,Pasar Baleendah,GULA PASIR LOKAL,19000.0
2026-08-13,Pasar Baleendah,IKAN BANDENG,45000.0
2026-08-13,Pasar Baleendah,Ikan Bawal Air Tawar,30000.0
2026-08-13,Pasar Baleendah,Ikan Gurame,55000.0
2026-08-13,Pasar Baleendah,IKAN KEMBUNG,55000.0
2026-08-13,Pasar Baleendah,Ikan Lele,31000.0
2026-08-13,Pasar Baleendah,IKAN MAS,27000.0
2026-08-13,Pasar Baleendah,Ikan Nila,35000.0
2026-08-13,Pasar Baleendah,Ikan Patin,30000.0
2026-08-13,Pasar Baleendah,IKAN TONGKOL,45000.0
2026-08-13,Pasar Baleendah,JAGUNG MANIS,14000.0
2026-08-13,Pasar Baleendah,JAGUNG PIPILAN,20000.0
2026-08-13,Pasar Baleendah,JERUK,20000.0
2026-08-13,Pasar Baleendah,KACANG HIJAU,32000.0
2026-08-13,Pasar Baleendah,KACANG KEDELAI IMPOR,20000.0
2026-08-13,Pasar Baleendah,KACANG KEDELAI LOKAL,14000.0
2026-08-13,Pasar Baleendah,KACANG PANJANG,20000.0
2026-08-13,Pasar Baleendah,KACANG TANAH KUPAS,38000.0
2026-08-13,Pasar Baleendah,KANGKUNG,1000.0
2026-08-13,Pasar Baleendah,KENTANG DIENG,18000.0
2026-08-13,Pasar Baleendah,KETELA POHON,5000.0
2026-08-13,Pasar Baleendah,MELON,18000.0
2026-08-13,Pasar Baleendah,MIE INSTAN INDOMIE,3000.0
2026-08-13,Pasar Baleendah,MINYAK BIMOLI,
2026-08-13,Pasar Baleendah,MINYAK CURAH,21500.0
2026-08-13,Pasar Baleendah,MINYAKITA,21000.0
2026-08-13,Pasar Baleendah,MINYAK SANIA,22000.0
2026-08-13,Pasar Baleendah,PAKCOY,10000.0
2026-08-13,Pasar Baleendah,PEPAYA,14000.0
2026-08-13,Pasar Baleendah,PISANG,6500.0
2026-08-13,Pasar Baleendah,SAWI PUTIH,7000.0
2026-08-13,Pasar Baleendah,SAYURAN BUNCIS,24000.0
2026-08-13,Pasar Baleendah,SAYURAN KENTANG LOKAL,15000.0
2026-08-13,Pasar Baleendah,SAYURAN KOL/KUBIS,7000.0
2026-08-13,Pasar Baleendah,SAYURAN TOMAT,8000.0
2026-08-13,Pasar Baleendah,SAYURAN WORTEL,16000.0
2026-08-13,Pasar Baleendah,SKM BENDERA,12500.0
2026-08-13,Pasar Baleendah,SKM CAP ENAK,10000.0
2026-08-13,Pasar Baleendah,SKM INDOMILK,11500.0
2026-08-13,Pasar Baleendah,SUSU BALITA (SGM),41600.0
2026-08-13,Pasar Baleendah,SUSU BUBUK DANCOW VANILA,50100.0
2026-08-13,Pasar Baleendah,TAHU,12000.0
2026-08-13,Pasar Baleendah,TELUR AYAM BROILER,25000.0
2026-08-13,Pasar Baleendah,TELUR AYAM KAMPUNG,3000.0
2026-08-13,Pasar Baleendah,TEMPE,12000.0
2026-08-13,Pasar Baleendah,TERIGU CAKRA KEMBAR,11500.0
2026-08-13,Pasar Baleendah,TERIGU CURAH,10000.0
2026-08-13,Pasar Baleendah,TERIGU KUNCI BIRU,11000.0
2026-08-13,Pasar Baleendah,TERIGU SEGITIGA BIRU,11000.0
2026-08-13,Pasar Baleendah,TERI KERITING,80000.0
2026-08-13,Pasar Baleendah,TERI MEDAN,140000.0
2026-08-13,Pasar Baleendah,TIMUN,12000.0
2026-08-13,Pasar Baleendah,TOMAT HIJAU,8000.0
2026-08-13,Pasar Baleendah,UBI JALAR PUTIH,8000.0
2026-08-13,Pasar Baleendah,UDANG,70000.0
2026-08-13,Pasar Stasiun Majalaya,BAWANG BOMBAY,38000.0
2026-08-13,Pasar Stasiun Majalaya,BAWANG DAUN,14000.0
2026-08-13,Pasar Stasiun Majalaya,BAWANG MERAH,36000.0
2026-08-13,Pasar Stasiun Majalaya,BAWANG MERAH BATU,32000.0
2026-08-13,Pasar Stasiun Majalaya,BAWANG PUTIH BIASA,36000.0
2026-08-13,Pasar Stasiun Majalaya,BAWANG PUTIH KATING,
2026-08-13,Pasar Stasiun Majalaya,BAWANG SUMENEP,50000.0
2026-08-13,Pasar Stasiun Majalaya,BAYAM,3000.0
2026-08-13,Pasar Stasiun Majalaya,BERAS IR. 64,
2026-08-13,Pasar Stasiun Majalaya,BERAS MEDIUM,15000.0
2026-08-13,Pasar Stasiun Majalaya,BERAS PREMIUM,16000.0
2026-08-13,Pasar Stasiun Majalaya,CABE HIJAU BIASA,24000.0
2026-08-13,Pasar Stasiun Majalaya,CABE MERAH KERITING,40000.0
2026-08-13,Pasar Stasiun Majalaya,CABE MERAH TANJUNG,100000.0
2026-08-13,Pasar Stasiun Majalaya,CABE MERAH TW,
2026-08-13,Pasar Stasiun Majalaya,CABE RAWIT HIJAU,50000.0
2026-08-13,Pasar Stasiun Majalaya,CABE RAWIT MERAH,45000.0
2026-08-13,Pasar Stasiun Majalaya,DAGING AYAM BROILER,44000.0
2026-08-13,Pasar Stasiun Majalaya,DAGING AYAM KAMPUNG,80000.0
2026-08-13,Pasar Stasiun Majalaya,DAGING SAPI IMPOR BEKU,130000.0
2026-08-13,Pasar Stasiun Majalaya,DAGING SAPI LOKAL HAS DALAM,150000.0
2026-08-13,Pasar Stasiun Majalaya,DAGING SAPI LOKAL HAS LUAR,140000.0
2026-08-13,Pasar Stasiun Majalaya,DAGING SAPI LOKAL PAHA BELAKANG,140000.0
2026-08-13,Pasar Stasiun Majalaya,DAGING SAPI LOKAL PAHA DEPAN,140000.0
2026-08-13,Pasar Stasiun Majalaya,DAGING SAPI LOKAL SANDUNG LAMUR,135000.0
2026-08-13,Pasar Stasiun Majalaya,DAGING SAPI LOKAL TETELAN,70000.0
2026-08-13,Pasar Stasiun Majalaya,DAGING SAPI MURNI,155000.0
2026-08-13,Pasar Stasiun Majalaya,GARAM BATA,18000.0
2026-08-13,Pasar Stasiun Majalaya,GARAM HALUS YODIUM,2500.0
2026-08-13,Pasar Stasiun Majalaya,GAS LPG 3 Kg,22000.0
2026-08-13,Pasar Stasiun Majalaya,GULA MERAH,24000.0
2026-08-13,Pasar Stasiun Majalaya,GULA PASIR GULA KU,
2026-08-13,Pasar Stasiun Majalaya,GULA PASIR LOKAL,19000.0
2026-08-13,Pasar Stasiun Majalaya,IKAN BANDENG,40000.0
2026-08-13,Pasar Stasiun Majalaya,Ikan Bawal Air Tawar,34000.0
2026-08-13,Pasar Stasiun Majalaya,Ikan Gurame,55000.0
2026-08-13,Pasar Stasiun Majalaya,IKAN KEMBUNG,50000.0
2026-08-13,Pasar Stasiun Majalaya,Ikan Lele,30000.0
2026-08-13,Pasar Stasiun Majalaya,IKAN MAS,32000.0
2026-08-13,Pasar Stasiun Majalaya,Ikan Nila,36000.0
2026-08-13,Pasar Stasiun Majalaya,Ikan Patin,34000.0
2026-08-13,Pasar Stasiun Majalaya,IKAN TONGKOL,44000.0
2026-08-13,Pasar Stasiun Majalaya,JAGUNG MANIS,10000.0
2026-08-13,Pasar Stasiun Majalaya,JAGUNG PIPILAN,
2026-08-13,Pasar Stasiun Majalaya,JERUK,30000.0
2026-08-13,Pasar Stasiun Majalaya,KACANG HIJAU,38000.0
2026-08-13,Pasar Stasiun Majalaya,KACANG KEDELAI IMPOR,16000.0
2026-08-13,Pasar Stasiun Majalaya,KACANG KEDELAI LOKAL,14000.0
2026-08-13,Pasar Stasiun Majalaya,KACANG PANJANG,16000.0
2026-08-13,Pasar Stasiun Majalaya,KACANG TANAH KUPAS,40000.0
2026-08-13,Pasar Stasiun Majalaya,KANGKUNG,3000.0
2026-08-13,Pasar Stasiun Majalaya,KENTANG DIENG,20000.0
2026-08-13,Pasar Stasiun Majalaya,KETELA POHON,6000.0
2026-08-13,Pasar Stasiun Majalaya,MELON,20000.0
2026-08-13,Pasar Stasiun Majalaya,MIE INSTAN INDOMIE,3000.0
2026-08-13,Pasar Stasiun Majalaya,MINYAK BIMOLI,
2026-08-13,Pasar Stasiun Majalaya,MINYAK CURAH,22000.0
2026-08-13,Pasar Stasiun Majalaya,MINYAKITA,21000.0
2026-08-13,Pasar Stasiun Majalaya,MINYAK SANIA,
2026-08-13,Pasar Stasiun Majalaya,PAKCOY,8000.0
2026-08-13,Pasar Stasiun Majalaya,PEPAYA,15000.0
2026-08-13,Pasar Stasiun Majalaya,PISANG,8000.0
2026-08-13,Pasar Stasiun Majalaya,SAWI PUTIH,8000.0
2026-08-13,Pasar Stasiun Majalaya,SAYURAN BUNCIS,24000.0
2026-08-13,Pasar Stasiun Majalaya,SAYURAN KENTANG LOKAL,15000.0
2026-08-13,Pasar Stasiun Majalaya,SAYURAN KOL/KUBIS,7000.0
2026-08-13,Pasar Stasiun Majalaya,SAYURAN TOMAT,8000.0
2026-08-13,Pasar Stasiun Majalaya,SAYURAN WORTEL,18000.0
2026-08-13,Pasar Stasiun Majalaya,SKM BENDERA,13000.0
2026-08-13,Pasar Stasiun Majalaya,SKM CAP ENAK,11500.0
2026-08-13,Pasar Stasiun Majalaya,SKM INDOMILK,12500.0
2026-08-13,Pasar Stasiun Majalaya,SUSU BALITA (SGM),
2026-08-13,Pasar Stasiun Majalaya,SUSU BUBUK DANCOW VANILA,
2026-08-13,Pasar Stasiun Majalaya,TAHU,12000.0
2026-08-13,Pasar Stasiun Majalaya,TELUR AYAM BROILER,26000.0
2026-08-13,Pasar Stasiun Majalaya,TELUR AYAM KAMPUNG,4000.0
2026-08-13,Pasar Stasiun Majalaya,TEMPE,14000.0
2026-08-13,Pasar Stasiun Majalaya,TERIGU CAKRA KEMBAR,14000.0
2026-08-13,Pasar Stasiun Majalaya,TERIGU CURAH,10000.0
2026-08-13,Pasar Stasiun Majalaya,TERIGU KUNCI BIRU,12000.0
2026-08-13,Pasar Stasiun Majalaya,TERIGU SEGITIGA BIRU,13000.0
2026-08-13,Pasar Stasiun Majalaya,TERI KERITING,100000.0
2026-08-13,Pasar Stasiun Majalaya,TERI MEDAN,160000.0
2026-08-13,Pasar Stasiun Majalaya,TIMUN,15000.0
2026-08-13,Pasar Stasiun Majalaya,TOMAT HIJAU,7000.0
2026-08-13,Pasar Stasiun Majalaya,UBI JALAR PUTIH,8000.0
2026-08-13,Pasar Stasiun Majalaya,UDANG,100000.0
2026-08-13,Pasar Baru Majalaya,BAWANG BOMBAY,36000.0
2026-08-13,Pasar Baru Majalaya,BAWANG DAUN,14000.0
2026-08-13,Pasar Baru Majalaya,BAWANG MERAH,36000.0
2026-08-13,Pasar Baru Majalaya,BAWANG MERAH BATU,28000.0
2026-08-13,Pasar Baru Majalaya,BAWANG PUTIH BIASA,32000.0
2026-08-13,Pasar Baru Majalaya,BAWANG PUTIH KATING,
2026-08-13,Pasar Baru Majalaya,BAWANG SUMENEP,48000.0
2026-08-13,Pasar Baru Majalaya,BAYAM,3000.0
2026-08-13,Pasar Baru Majalaya,BERAS IR. 64,15000.0
2026-08-13,Pasar Baru Majalaya,BERAS MEDIUM,14500.0
2026-08-13,Pasar Baru Majalaya,BERAS PREMIUM,16000.0
2026-08-13,Pasar Baru Majalaya,CABE HIJAU BIASA,34000.0
2026-08-13,Pasar Baru Majalaya,CABE MERAH KERITING,45000.0
2026-08-13,Pasar Baru Majalaya,CABE MERAH TANJUNG,95000.0
2026-08-13,Pasar Baru Majalaya,CABE MERAH TW,
2026-08-13,Pasar Baru Majalaya,CABE RAWIT HIJAU,50000.0
2026-08-13,Pasar Baru Majalaya,CABE RAWIT MERAH,48000.0
2026-08-13,Pasar Baru Majalaya,DAGING AYAM BROILER,43000.0
2026-08-13,Pasar Baru Majalaya,DAGING AYAM KAMPUNG,
2026-08-13,Pasar Baru Majalaya,DAGING SAPI IMPOR BEKU,130000.0
2026-08-13,Pasar Baru Majalaya,DAGING SAPI LOKAL HAS DALAM,140000.0
2026-08-13,Pasar Baru Majalaya,DAGING SAPI LOKAL HAS LUAR,130000.0
2026-08-13,Pasar Baru Majalaya,DAGING SAPI LOKAL PAHA BELAKANG,135000.0
2026-08-13,Pasar Baru Majalaya,DAGING SAPI LOKAL PAHA DEPAN,140000.0
2026-08-13,Pasar Baru Majalaya,DAGING SAPI LOKAL SANDUNG LAMUR,130000.0
2026-08-13,Pasar Baru Majalaya,DAGING SAPI LOKAL TETELAN,70000.0
2026-08-13,Pasar Baru Majalaya,DAGING SAPI MURNI,150000.0
2026-08-13,Pasar Baru Majalaya,GARAM BATA,16000.0
2026-08-13,Pasar Baru Majalaya,GARAM HALUS YODIUM,2000.0
2026-08-13,Pasar Baru Majalaya,GAS LPG 3 Kg,22000.0
2026-08-13,Pasar Baru Majalaya,GULA MERAH,24000.0
2026-08-13,Pasar Baru Majalaya,GULA PASIR GULA KU,20000.0
2026-08-13,Pasar Baru Majalaya,GULA PASIR LOKAL,19000.0
2026-08-13,Pasar Baru Majalaya,IKAN BANDENG,40000.0
2026-08-13,Pasar Baru Majalaya,Ikan Bawal Air Tawar,32000.0
2026-08-13,Pasar Baru Majalaya,Ikan Gurame,50000.0
2026-08-13,Pasar Baru Majalaya,IKAN KEMBUNG,48000.0
2026-08-13,Pasar Baru Majalaya,Ikan Lele,30000.0
2026-08-13,Pasar Baru Majalaya,IKAN MAS,30000.0
2026-08-13,Pasar Baru Majalaya,Ikan Nila,34000.0
2026-08-13,Pasar Baru Majalaya,Ikan Patin,33000.0
2026-08-13,Pasar Baru Majalaya,IKAN TONGKOL,42000.0
2026-08-13,Pasar Baru Majalaya,JAGUNG MANIS,10000.0
2026-08-13,Pasar Baru Majalaya,JAGUNG PIPILAN,
2026-08-13,Pasar Baru Majalaya,JERUK,35000.0
2026-08-13,Pasar Baru Majalaya,KACANG HIJAU,38000.0
2026-08-13,Pasar Baru Majalaya,KACANG KEDELAI IMPOR,23000.0
2026-08-13,Pasar Baru Majalaya,KACANG KEDELAI LOKAL,
2026-08-13,Pasar Baru Majalaya,KACANG PANJANG,15000.0
2026-08-13,Pasar Baru Majalaya,KACANG TANAH KUPAS,38000.0
2026-08-13,Pasar Baru Majalaya,KANGKUNG,3000.0
2026-08-13,Pasar Baru Majalaya,KENTANG DIENG,18000.0
2026-08-13,Pasar Baru Majalaya,KETELA POHON,6000.0
2026-08-13,Pasar Baru Majalaya,MELON,20000.0
2026-08-13,Pasar Baru Majalaya,MIE INSTAN INDOMIE,3000.0
2026-08-13,Pasar Baru Majalaya,MINYAK BIMOLI,
2026-08-13,Pasar Baru Majalaya,MINYAK CURAH,22000.0
2026-08-13,Pasar Baru Majalaya,MINYAKITA,21000.0
2026-08-13,Pasar Baru Majalaya,MINYAK SANIA,
2026-08-13,Pasar Baru Majalaya,PAKCOY,10000.0
2026-08-13,Pasar Baru Majalaya,PEPAYA,15000.0
2026-08-13,Pasar Baru Majalaya,PISANG,7000.0
2026-08-13,Pasar Baru Majalaya,SAWI PUTIH,8000.0
2026-08-13,Pasar Baru Majalaya,SAYURAN BUNCIS,28000.0
2026-08-13,Pasar Baru Majalaya,SAYURAN KENTANG LOKAL,15000.0
2026-08-13,Pasar Baru Majalaya,SAYURAN KOL/KUBIS,7000.0
2026-08-13,Pasar Baru Majalaya,SAYURAN TOMAT,10000.0
2026-08-13,Pasar Baru Majalaya,SAYURAN WORTEL,18000.0
2026-08-13,Pasar Baru Majalaya,SKM BENDERA,13000.0
2026-08-13,Pasar Baru Majalaya,SKM CAP ENAK,11500.0
2026-08-13,Pasar Baru Majalaya,SKM INDOMILK,12500.0
2026-08-13,Pasar Baru Majalaya,SUSU BALITA (SGM),
2026-08-13,Pasar Baru Majalaya,SUSU BUBUK DANCOW VANILA,
2026-08-13,Pasar Baru Majalaya,TAHU,12000.0
2026-08-13,Pasar Baru Majalaya,TELUR AYAM BROILER,25000.0
2026-08-13,Pasar Baru Majalaya,TELUR AYAM KAMPUNG,4000.0
2026-08-13,Pasar Baru Majalaya,TEMPE,14000.0
2026-08-13,Pasar Baru Majalaya,TERIGU CAKRA KEMBAR,12500.0
2026-08-13,Pasar Baru Majalaya,TERIGU CURAH,10000.0
2026-08-13,Pasar Baru Majalaya,TERIGU KUNCI BIRU,
2026-08-13,Pasar Baru Majalaya,TERIGU SEGITIGA BIRU,13500.0
2026-08-13,Pasar Baru Majalaya,TERI KERITING,100000.0
2026-08-13,Pasar Baru Majalaya,TERI MEDAN,160000.0
2026-08-13,Pasar Baru Majalaya,TIMUN,15000.0
2026-08-13,Pasar Baru Majalaya,TOMAT HIJAU,6000.0
2026-08-13,Pasar Baru Majalaya,UBI JALAR PUTIH,8000.0
2026-08-13,Pasar Baru Majalaya,UDANG,90000.0
2026-08-13,Pasar Sehat Cicalengka,BAWANG BOMBAY,35000.0
2026-08-13,Pasar Sehat Cicalengka,BAWANG DAUN,14000.0
2026-08-13,Pasar Sehat Cicalengka,BAWANG MERAH,30000.0
2026-08-13,Pasar Sehat Cicalengka,BAWANG MERAH BATU,30000.0
2026-08-13,Pasar Sehat Cicalengka,BAWANG PUTIH BIASA,38000.0
2026-08-13,Pasar Sehat Cicalengka,BAWANG PUTIH KATING,37000.0
2026-08-13,Pasar Sehat Cicalengka,BAWANG SUMENEP,50000.0
2026-08-13,Pasar Sehat Cicalengka,BAYAM,2000.0
2026-08-13,Pasar Sehat Cicalengka,BERAS IR. 64,13500.0
2026-08-13,Pasar Sehat Cicalengka,BERAS MEDIUM,13500.0
2026-08-13,Pasar Sehat Cicalengka,BERAS PREMIUM,13500.0
2026-08-13,Pasar Sehat Cicalengka,CABE HIJAU BIASA,25000.0
2026-08-13,Pasar Sehat Cicalengka,CABE MERAH KERITING,34000.0
2026-08-13,Pasar Sehat Cicalengka,CABE MERAH TANJUNG,90000.0
2026-08-13,Pasar Sehat Cicalengka,CABE MERAH TW,80000.0
2026-08-13,Pasar Sehat Cicalengka,CABE RAWIT HIJAU,50000.0
2026-08-13,Pasar Sehat Cicalengka,CABE RAWIT MERAH,45000.0
2026-08-13,Pasar Sehat Cicalengka,DAGING AYAM BROILER,43000.0
2026-08-13,Pasar Sehat Cicalengka,DAGING AYAM KAMPUNG,70000.0
2026-08-13,Pasar Sehat Cicalengka,DAGING SAPI IMPOR BEKU,120000.0
2026-08-13,Pasar Sehat Cicalengka,DAGING SAPI LOKAL HAS DALAM,150000.0
2026-08-13,Pasar Sehat Cicalengka,DAGING SAPI LOKAL HAS LUAR,140000.0
2026-08-13,Pasar Sehat Cicalengka,DAGING SAPI LOKAL PAHA BELAKANG,150000.0
2026-08-13,Pasar Sehat Cicalengka,DAGING SAPI LOKAL PAHA DEPAN,140000.0
2026-08-13,Pasar Sehat Cicalengka,DAGING SAPI LOKAL SANDUNG LAMUR,120000.0
2026-08-13,Pasar Sehat Cicalengka,DAGING SAPI LOKAL TETELAN,70000.0
2026-08-13,Pasar Sehat Cicalengka,DAGING SAPI MURNI,150000.0
2026-08-13,Pasar Sehat Cicalengka,GARAM BATA,30000.0
2026-08-13,Pasar Sehat Cicalengka,GARAM HALUS YODIUM,3000.0
2026-08-13,Pasar Sehat Cicalengka,GAS LPG 3 Kg,20000.0
2026-08-13,Pasar Sehat Cicalengka,GULA MERAH,24000.0
2026-08-13,Pasar Sehat Cicalengka,GULA PASIR GULA KU,20000.0
2026-08-13,Pasar Sehat Cicalengka,GULA PASIR LOKAL,17500.0
2026-08-13,Pasar Sehat Cicalengka,IKAN BANDENG,40000.0
2026-08-13,Pasar Sehat Cicalengka,Ikan Bawal Air Tawar,30000.0
2026-08-13,Pasar Sehat Cicalengka,Ikan Gurame,60000.0
2026-08-13,Pasar Sehat Cicalengka,IKAN KEMBUNG,50000.0
2026-08-13,Pasar Sehat Cicalengka,Ikan Lele,32000.0
2026-08-13,Pasar Sehat Cicalengka,IKAN MAS,29000.0
2026-08-13,Pasar Sehat Cicalengka,Ikan Nila,29000.0
2026-08-13,Pasar Sehat Cicalengka,Ikan Patin,30000.0
2026-08-13,Pasar Sehat Cicalengka,IKAN TONGKOL,43000.0
2026-08-13,Pasar Sehat Cicalengka,JAGUNG MANIS,14000.0
2026-08-13,Pasar Sehat Cicalengka,JAGUNG PIPILAN,20000.0
2026-08-13,Pasar Sehat Cicalengka,JERUK,22000.0
2026-08-13,Pasar Sehat Cicalengka,KACANG HIJAU,35000.0
2026-08-13,Pasar Sehat Cicalengka,KACANG KEDELAI IMPOR,13000.0
2026-08-13,Pasar Sehat Cicalengka,KACANG KEDELAI LOKAL,12000.0
2026-08-13,Pasar Sehat Cicalengka,KACANG PANJANG,18000.0
2026-08-13,Pasar Sehat Cicalengka,KACANG TANAH KUPAS,40000.0
2026-08-13,Pasar Sehat Cicalengka,KANGKUNG,2000.0
2026-08-13,Pasar Sehat Cicalengka,KENTANG DIENG,20000.0
2026-08-13,Pasar Sehat Cicalengka,KETELA POHON,6000.0
2026-08-13,Pasar Sehat Cicalengka,MELON,18000.0
2026-08-13,Pasar Sehat Cicalengka,MIE INSTAN INDOMIE,3000.0
2026-08-13,Pasar Sehat Cicalengka,MINYAK BIMOLI,22000.0
2026-08-13,Pasar Sehat Cicalengka,MINYAK CURAH,21000.0
2026-08-13,Pasar Sehat Cicalengka,MINYAKITA,2000.0
2026-08-13,Pasar Sehat Cicalengka,MINYAK SANIA,22000.0
2026-08-13,Pasar Sehat Cicalengka,PAKCOY,10000.0
2026-08-13,Pasar Sehat Cicalengka,PEPAYA,14000.0
2026-08-13,Pasar Sehat Cicalengka,PISANG,8000.0
2026-08-13,Pasar Sehat Cicalengka,SAWI PUTIH,8000.0
2026-08-13,Pasar Sehat Cicalengka,SAYURAN BUNCIS,20000.0
2026-08-13,Pasar Sehat Cicalengka,SAYURAN KENTANG LOKAL,15000.0
2026-08-13,Pasar Sehat Cicalengka,SAYURAN KOL/KUBIS,8000.0
2026-08-13,Pasar Sehat Cicalengka,SAYURAN TOMAT,7000.0
2026-08-13,Pasar Sehat Cicalengka,SAYURAN WORTEL,16000.0
2026-08-13,Pasar Sehat Cicalengka,SKM BENDERA,13000.0
2026-08-13,Pasar Sehat Cicalengka,SKM CAP ENAK,12000.0
2026-08-13,Pasar Sehat Cicalengka,SKM INDOMILK,12000.0
2026-08-13,Pasar Sehat Cicalengka,SUSU BALITA (SGM),55000.0
2026-08-13,Pasar Sehat Cicalengka,SUSU BUBUK DANCOW VANILA,43000.0
2026-08-13,Pasar Sehat Cicalengka,TAHU,10000.0
2026-08-13,Pasar Sehat Cicalengka,TELUR AYAM BROILER,24000.0
2026-08-13,Pasar Sehat Cicalengka,TELUR AYAM KAMPUNG,3000.0
2026-08-13,Pasar Sehat Cicalengka,TEMPE,12000.0
2026-08-13,Pasar Sehat Cicalengka,TERIGU CAKRA KEMBAR,14000.0
2026-08-13,Pasar Sehat Cicalengka,TERIGU CURAH,10000.0
2026-08-13,Pasar Sehat Cicalengka,TERIGU KUNCI BIRU,13000.0
2026-08-13,Pasar Sehat Cicalengka,TERIGU SEGITIGA BIRU,13000.0
2026-08-13,Pasar Sehat Cicalengka,TERI KERITING,80000.0
2026-08-13,Pasar Sehat Cicalengka,TERI MEDAN,170000.0
2026-08-13,Pasar Sehat Cicalengka,TIMUN,13000.0
2026-08-13,Pasar Sehat Cicalengka,TOMAT HIJAU,7000.0
2026-08-13,Pasar Sehat Cicalengka,UBI JALAR PUTIH,8000.0
2026-08-13,Pasar Sehat Cicalengka,UDANG,100000.0
2026-08-13,Pasar Cileunyi,BAWANG BOMBAY,28000.0
2026-08-13,Pasar Cileunyi,BAWANG DAUN,14000.0
2026-08-13,Pasar Cileunyi,BAWANG MERAH,30000.0
2026-08-13,Pasar Cileunyi,BAWANG MERAH BATU,28000.0
2026-08-13,Pasar Cileunyi,BAWANG PUTIH BIASA,30000.0
2026-08-13,Pasar Cileunyi,BAWANG PUTIH KATING,
2026-08-13,Pasar Cileunyi,BAWANG SUMENEP,40000.0
2026-08-13,Pasar Cileunyi,BAYAM,2500.0
2026-08-13,Pasar Cileunyi,BERAS IR. 64,14000.0
2026-08-13,Pasar Cileunyi,BERAS MEDIUM,13500.0
2026-08-13,Pasar Cileunyi,BERAS PREMIUM,15500.0
2026-08-13,Pasar Cileunyi,CABE HIJAU BIASA,28000.0
2026-08-13,Pasar Cileunyi,CABE MERAH KERITING,35000.0
2026-08-13,Pasar Cileunyi,CABE MERAH TANJUNG,90000.0
2026-08-13,Pasar Cileunyi,CABE MERAH TW,
2026-08-13,Pasar Cileunyi,CABE RAWIT HIJAU,50000.0
2026-08-13,Pasar Cileunyi,CABE RAWIT MERAH,45000.0
2026-08-13,Pasar Cileunyi,DAGING AYAM BROILER,44000.0
2026-08-13,Pasar Cileunyi,DAGING AYAM KAMPUNG,80000.0
2026-08-13,Pasar Cileunyi,DAGING SAPI IMPOR BEKU,125000.0
2026-08-13,Pasar Cileunyi,DAGING SAPI LOKAL HAS DALAM,150000.0
2026-08-13,Pasar Cileunyi,DAGING SAPI LOKAL HAS LUAR,150000.0
2026-08-13,Pasar Cileunyi,DAGING SAPI LOKAL PAHA BELAKANG,150000.0
2026-08-13,Pasar Cileunyi,DAGING SAPI LOKAL PAHA DEPAN,145000.0
2026-08-13,Pasar Cileunyi,DAGING SAPI LOKAL SANDUNG LAMUR,120000.0
2026-08-13,Pasar Cileunyi,DAGING SAPI LOKAL TETELAN,70000.0
2026-08-13,Pasar Cileunyi,DAGING SAPI MURNI,150000.0
2026-08-13,Pasar Cileunyi,GARAM BATA,18000.0
2026-08-13,Pasar Cileunyi,GARAM HALUS YODIUM,3000.0
2026-08-13,Pasar Cileunyi,GAS LPG 3 Kg,23000.0
2026-08-13,Pasar Cileunyi,GULA MERAH,18000.0
2026-08-13,Pasar Cileunyi,GULA PASIR GULA KU,19500.0
2026-08-13,Pasar Cileunyi,GULA PASIR LOKAL,19000.0
2026-08-13,Pasar Cileunyi,IKAN BANDENG,35000.0
2026-08-13,Pasar Cileunyi,Ikan Bawal Air Tawar,30000.0
2026-08-13,Pasar Cileunyi,Ikan Gurame,55000.0
2026-08-13,Pasar Cileunyi,IKAN KEMBUNG,50000.0
2026-08-13,Pasar Cileunyi,Ikan Lele,28000.0
2026-08-13,Pasar Cileunyi,IKAN MAS,28000.0
2026-08-13,Pasar Cileunyi,Ikan Nila,35000.0
2026-08-13,Pasar Cileunyi,Ikan Patin,32000.0
2026-08-13,Pasar Cileunyi,IKAN TONGKOL,40000.0
2026-08-13,Pasar Cileunyi,JAGUNG MANIS,14000.0
2026-08-13,Pasar Cileunyi,JAGUNG PIPILAN,24000.0
2026-08-13,Pasar Cileunyi,JERUK,25000.0
2026-08-13,Pasar Cileunyi,KACANG HIJAU,38000.0
2026-08-13,Pasar Cileunyi,KACANG KEDELAI IMPOR,18000.0
2026-08-13,Pasar Cileunyi,KACANG KEDELAI LOKAL,
2026-08-13,Pasar Cileunyi,KACANG PANJANG,18000.0
2026-08-13,Pasar Cileunyi,KACANG TANAH KUPAS,40000.0
2026-08-13,Pasar Cileunyi,KANGKUNG,2000.0
2026-08-13,Pasar Cileunyi,KENTANG DIENG,20000.0
2026-08-13,Pasar Cileunyi,KETELA POHON,5000.0
2026-08-13,Pasar Cileunyi,MELON,20000.0
2026-08-13,Pasar Cileunyi,MIE INSTAN INDOMIE,3500.0
2026-08-13,Pasar Cileunyi,MINYAK BIMOLI,
2026-08-13,Pasar Cileunyi,MINYAK CURAH,22000.0
2026-08-13,Pasar Cileunyi,MINYAKITA,20000.0
2026-08-13,Pasar Cileunyi,MINYAK SANIA,
2026-08-13,Pasar Cileunyi,PAKCOY,12000.0
2026-08-13,Pasar Cileunyi,PEPAYA,14000.0
2026-08-13,Pasar Cileunyi,PISANG,8000.0
2026-08-13,Pasar Cileunyi,SAWI PUTIH,6000.0
2026-08-13,Pasar Cileunyi,SAYURAN BUNCIS,30000.0
2026-08-13,Pasar Cileunyi,SAYURAN KENTANG LOKAL,17000.0
2026-08-13,Pasar Cileunyi,SAYURAN KOL/KUBIS,8000.0
2026-08-13,Pasar Cileunyi,SAYURAN TOMAT,6000.0
2026-08-13,Pasar Cileunyi,SAYURAN WORTEL,6000.0
2026-08-13,Pasar Cileunyi,SKM BENDERA,13000.0
2026-08-13,Pasar Cileunyi,SKM CAP ENAK,12000.0
2026-08-13,Pasar Cileunyi,SKM INDOMILK,12500.0
2026-08-13,Pasar Cileunyi,SUSU BALITA (SGM),
2026-08-13,Pasar Cileunyi,SUSU BUBUK DANCOW VANILA,
2026-08-13,Pasar Cileunyi,TAHU,12000.0
2026-08-13,Pasar Cileunyi,TELUR AYAM BROILER,25000.0
2026-08-13,Pasar Cileunyi,TELUR AYAM KAMPUNG,3000.0
2026-08-13,Pasar Cileunyi,TEMPE,13000.0
2026-08-13,Pasar Cileunyi,TERIGU CAKRA KEMBAR,13500.0
2026-08-13,Pasar Cileunyi,TERIGU CURAH,10000.0
2026-08-13,Pasar Cileunyi,TERIGU KUNCI BIRU,11500.0
2026-08-13,Pasar Cileunyi,TERIGU SEGITIGA BIRU,12500.0
2026-08-13,Pasar Cileunyi,TERI KERITING,90000.0
2026-08-13,Pasar Cileunyi,TERI MEDAN,150000.0
2026-08-13,Pasar Cileunyi,TIMUN,12000.0
2026-08-13,Pasar Cileunyi,TOMAT HIJAU,6000.0
2026-08-13,Pasar Cileunyi,UBI JALAR PUTIH,8000.0
2026-08-13,Pasar Cileunyi,UDANG,92000.0
2026-08-13,Pasar Banjaran,BAWANG BOMBAY,32000.0
2026-08-13,Pasar Banjaran,BAWANG DAUN,14000.0
2026-08-13,Pasar Banjaran,BAWANG MERAH,32000.0
2026-08-13,Pasar Banjaran,BAWANG MERAH BATU,28000.0
2026-08-13,Pasar Banjaran,BAWANG PUTIH BIASA,35000.0
2026-08-13,Pasar Banjaran,BAWANG PUTIH KATING,
2026-08-13,Pasar Banjaran,BAWANG SUMENEP,40000.0
2026-08-13,Pasar Banjaran,BAYAM,2000.0
2026-08-13,Pasar Banjaran,BERAS IR. 64,15000.0
2026-08-13,Pasar Banjaran,BERAS MEDIUM,14500.0
2026-08-13,Pasar Banjaran,BERAS PREMIUM,15500.0
2026-08-13,Pasar Banjaran,CABE HIJAU BIASA,28000.0
2026-08-13,Pasar Banjaran,CABE MERAH KERITING,36000.0
2026-08-13,Pasar Banjaran,CABE MERAH TANJUNG,95000.0
2026-08-13,Pasar Banjaran,CABE MERAH TW,
2026-08-13,Pasar Banjaran,CABE RAWIT HIJAU,44000.0
2026-08-13,Pasar Banjaran,CABE RAWIT MERAH,40000.0
2026-08-13,Pasar Banjaran,DAGING AYAM BROILER,42000.0
2026-08-13,Pasar Banjaran,DAGING AYAM KAMPUNG,70000.0
2026-08-13,Pasar Banjaran,DAGING SAPI IMPOR BEKU,120000.0
2026-08-13,Pasar Banjaran,DAGING SAPI LOKAL HAS DALAM,155000.0
2026-08-13,Pasar Banjaran,DAGING SAPI LOKAL HAS LUAR,145000.0
2026-08-13,Pasar Banjaran,DAGING SAPI LOKAL PAHA BELAKANG,145000.0
2026-08-13,Pasar Banjaran,DAGING SAPI LOKAL PAHA DEPAN,143000.0
2026-08-13,Pasar Banjaran,DAGING SAPI LOKAL SANDUNG LAMUR,130000.0
2026-08-13,Pasar Banjaran,DAGING SAPI LOKAL TETELAN,65000.0
2026-08-13,Pasar Banjaran,DAGING SAPI MURNI,145000.0
2026-08-13,Pasar Banjaran,GARAM BATA,20000.0
2026-08-13,Pasar Banjaran,GARAM HALUS YODIUM,3000.0
2026-08-13,Pasar Banjaran,GAS LPG 3 Kg,23000.0
2026-08-13,Pasar Banjaran,GULA MERAH,23000.0
2026-08-13,Pasar Banjaran,GULA PASIR GULA KU,
2026-08-13,Pasar Banjaran,GULA PASIR LOKAL,18500.0
2026-08-13,Pasar Banjaran,IKAN BANDENG,38000.0
2026-08-13,Pasar Banjaran,Ikan Bawal Air Tawar,32000.0
2026-08-13,Pasar Banjaran,Ikan Gurame,50000.0
2026-08-13,Pasar Banjaran,IKAN KEMBUNG,56000.0
2026-08-13,Pasar Banjaran,Ikan Lele,28000.0
2026-08-13,Pasar Banjaran,IKAN MAS,26000.0
2026-08-13,Pasar Banjaran,Ikan Nila,35000.0
2026-08-13,Pasar Banjaran,Ikan Patin,34000.0
2026-08-13,Pasar Banjaran,IKAN TONGKOL,42000.0
2026-08-13,Pasar Banjaran,JAGUNG MANIS,12000.0
2026-08-13,Pasar Banjaran,JAGUNG PIPILAN,20000.0
2026-08-13,Pasar Banjaran,JERUK,22000.0
2026-08-13,Pasar Banjaran,KACANG HIJAU,40000.0
2026-08-13,Pasar Banjaran,KACANG KEDELAI IMPOR,14000.0
2026-08-13,Pasar Banjaran,KACANG KEDELAI LOKAL,
2026-08-13,Pasar Banjaran,KACANG PANJANG,20000.0
2026-08-13,Pasar Banjaran,KACANG TANAH KUPAS,38000.0
2026-08-13,Pasar Banjaran,KANGKUNG,2000.0
2026-08-13,Pasar Banjaran,KENTANG DIENG,20000.0
2026-08-13,Pasar Banjaran,KETELA POHON,5000.0
2026-08-13,Pasar Banjaran,MELON,15000.0
2026-08-13,Pasar Banjaran,MIE INSTAN INDOMIE,3000.0
2026-08-13,Pasar Banjaran,MINYAK BIMOLI,23500.0
2026-08-13,Pasar Banjaran,MINYAK CURAH,22000.0
2026-08-13,Pasar Banjaran,MINYAKITA,21000.0
2026-08-13,Pasar Banjaran,MINYAK SANIA,23500.0
2026-08-13,Pasar Banjaran,PAKCOY,7000.0
2026-08-13,Pasar Banjaran,PEPAYA,14000.0
2026-08-13,Pasar Banjaran,PISANG,7000.0
2026-08-13,Pasar Banjaran,SAWI PUTIH,6000.0
2026-08-13,Pasar Banjaran,SAYURAN BUNCIS,20000.0
2026-08-13,Pasar Banjaran,SAYURAN KENTANG LOKAL,17000.0
2026-08-13,Pasar Banjaran,SAYURAN KOL/KUBIS,7000.0
2026-08-13,Pasar Banjaran,SAYURAN TOMAT,10000.0
2026-08-13,Pasar Banjaran,SAYURAN WORTEL,15000.0
2026-08-13,Pasar Banjaran,SKM BENDERA,12000.0
2026-08-13,Pasar Banjaran,SKM CAP ENAK,11500.0
2026-08-13,Pasar Banjaran,SKM INDOMILK,12500.0
2026-08-13,Pasar Banjaran,SUSU BALITA (SGM),42000.0
2026-08-13,Pasar Banjaran,SUSU BUBUK DANCOW VANILA,48250.0
2026-08-13,Pasar Banjaran,TAHU,7000.0
2026-08-13,Pasar Banjaran,TELUR AYAM BROILER,25000.0
2026-08-13,Pasar Banjaran,TELUR AYAM KAMPUNG,3000.0
2026-08-13,Pasar Banjaran,TEMPE,5000.0
2026-08-13,Pasar Banjaran,TERIGU CAKRA KEMBAR,13000.0
2026-08-13,Pasar Banjaran,TERIGU CURAH,8000.0
2026-08-13,Pasar Banjaran,TERIGU KUNCI BIRU,
2026-08-13,Pasar Banjaran,TERIGU SEGITIGA BIRU,12000.0
2026-08-13,Pasar Banjaran,TERI KERITING,100000.0
2026-08-13,Pasar Banjaran,TERI MEDAN,170000.0
2026-08-13,Pasar Banjaran,TIMUN,14000.0
2026-08-13,Pasar Banjaran,TOMAT HIJAU,6000.0
2026-08-13,Pasar Banjaran,UBI JALAR PUTIH,12000.0
2026-08-13,Pasar Banjaran,UDANG,94000.0
2026-08-13,Pasar Sehat Soreang,BAWANG BOMBAY,35000.0
2026-08-13,Pasar Sehat Soreang,BAWANG DAUN,14000.0
2026-08-13,Pasar Sehat Soreang,BAWANG MERAH,35000.0
2026-08-13,Pasar Sehat Soreang,BAWANG MERAH BATU,30000.0
2026-08-13,Pasar Sehat Soreang,BAWANG PUTIH BIASA,35000.0
2026-08-13,Pasar Sehat Soreang,BAWANG PUTIH KATING,
2026-08-13,Pasar Sehat Soreang,BAWANG SUMENEP,45000.0
2026-08-13,Pasar Sehat Soreang,BAYAM,2000.0
2026-08-13,Pasar Sehat Soreang,BERAS IR. 64,14000.0
2026-08-13,Pasar Sehat Soreang,BERAS MEDIUM,13500.0
2026-08-13,Pasar Sehat Soreang,BERAS PREMIUM,15000.0
2026-08-13,Pasar Sehat Soreang,CABE HIJAU BIASA,24000.0
2026-08-13,Pasar Sehat Soreang,CABE MERAH KERITING,35000.0
2026-08-13,Pasar Sehat Soreang,CABE MERAH TANJUNG,90000.0
2026-08-13,Pasar Sehat Soreang,CABE MERAH TW,80000.0
2026-08-13,Pasar Sehat Soreang,CABE RAWIT HIJAU,50000.0
2026-08-13,Pasar Sehat Soreang,CABE RAWIT MERAH,45000.0
2026-08-13,Pasar Sehat Soreang,DAGING AYAM BROILER,43000.0
2026-08-13,Pasar Sehat Soreang,DAGING AYAM KAMPUNG,70000.0
2026-08-13,Pasar Sehat Soreang,DAGING SAPI IMPOR BEKU,115000.0
2026-08-13,Pasar Sehat Soreang,DAGING SAPI LOKAL HAS DALAM,150000.0
2026-08-13,Pasar Sehat Soreang,DAGING SAPI LOKAL HAS LUAR,140000.0
2026-08-13,Pasar Sehat Soreang,DAGING SAPI LOKAL PAHA BELAKANG,150000.0
2026-08-13,Pasar Sehat Soreang,DAGING SAPI LOKAL PAHA DEPAN,140000.0
2026-08-13,Pasar Sehat Soreang,DAGING SAPI LOKAL SANDUNG LAMUR,120000.0
2026-08-13,Pasar Sehat Soreang,DAGING SAPI LOKAL TETELAN,70000.0
2026-08-13,Pasar Sehat Soreang,DAGING SAPI MURNI,150000.0
2026-08-13,Pasar Sehat Soreang,GARAM BATA,30000.0
2026-08-13,Pasar Sehat Soreang,GARAM HALUS YODIUM,3000.0
2026-08-13,Pasar Sehat Soreang,GAS LPG 3 Kg,21000.0
2026-08-13,Pasar Sehat Soreang,GULA MERAH,24000.0
2026-08-13,Pasar Sehat Soreang,GULA PASIR GULA KU,20000.0
2026-08-13,Pasar Sehat Soreang,GULA PASIR LOKAL,17500.0
2026-08-13,Pasar Sehat Soreang,IKAN BANDENG,40000.0
2026-08-13,Pasar Sehat Soreang,Ikan Bawal Air Tawar,30000.0
2026-08-13,Pasar Sehat Soreang,Ikan Gurame,55000.0
2026-08-13,Pasar Sehat Soreang,IKAN KEMBUNG,50000.0
2026-08-13,Pasar Sehat Soreang,Ikan Lele,32000.0
2026-08-13,Pasar Sehat Soreang,IKAN MAS,30000.0
2026-08-13,Pasar Sehat Soreang,Ikan Nila,35000.0
2026-08-13,Pasar Sehat Soreang,Ikan Patin,30000.0
2026-08-13,Pasar Sehat Soreang,IKAN TONGKOL,44000.0
2026-08-13,Pasar Sehat Soreang,JAGUNG MANIS,15000.0
2026-08-13,Pasar Sehat Soreang,JAGUNG PIPILAN,20000.0
2026-08-13,Pasar Sehat Soreang,JERUK,22000.0
2026-08-13,Pasar Sehat Soreang,KACANG HIJAU,35000.0
2026-08-13,Pasar Sehat Soreang,KACANG KEDELAI IMPOR,12500.0
2026-08-13,Pasar Sehat Soreang,KACANG KEDELAI LOKAL,
2026-08-13,Pasar Sehat Soreang,KACANG PANJANG,24000.0
2026-08-13,Pasar Sehat Soreang,KACANG TANAH KUPAS,40000.0
2026-08-13,Pasar Sehat Soreang,KANGKUNG,2000.0
2026-08-13,Pasar Sehat Soreang,KENTANG DIENG,20000.0
2026-08-13,Pasar Sehat Soreang,KETELA POHON,6000.0
2026-08-13,Pasar Sehat Soreang,MELON,18000.0
2026-08-13,Pasar Sehat Soreang,MIE INSTAN INDOMIE,3000.0
2026-08-13,Pasar Sehat Soreang,MINYAK BIMOLI,22000.0
2026-08-13,Pasar Sehat Soreang,MINYAK CURAH,22000.0
2026-08-13,Pasar Sehat Soreang,MINYAKITA,15700.0
2026-08-13,Pasar Sehat Soreang,MINYAK SANIA,20000.0
2026-08-13,Pasar Sehat Soreang,PAKCOY,10000.0
2026-08-13,Pasar Sehat Soreang,PEPAYA,14000.0
2026-08-13,Pasar Sehat Soreang,PISANG,8000.0
2026-08-13,Pasar Sehat Soreang,SAWI PUTIH,7000.0
2026-08-13,Pasar Sehat Soreang,SAYURAN BUNCIS,20000.0
2026-08-13,Pasar Sehat Soreang,SAYURAN KENTANG LOKAL,15000.0
2026-08-13,Pasar Sehat Soreang,SAYURAN KOL/KUBIS,8000.0
2026-08-13,Pasar Sehat Soreang,SAYURAN TOMAT,8000.0
2026-08-13,Pasar Sehat Soreang,SAYURAN WORTEL,16000.0
2026-08-13,Pasar Sehat Soreang,SKM BENDERA,13000.0
2026-08-13,Pasar Sehat Soreang,SKM CAP ENAK,12000.0
2026-08-13,Pasar Sehat Soreang,SKM INDOMILK,12000.0
2026-08-13,Pasar Sehat Soreang,SUSU BALITA (SGM),42500.0
2026-08-13,Pasar Sehat Soreang,SUSU BUBUK DANCOW VANILA,54600.0
2026-08-13,Pasar Sehat Soreang,TAHU,10000.0
2026-08-13,Pasar Sehat Soreang,TELUR AYAM BROILER,23000.0
2026-08-13,Pasar Sehat Soreang,TELUR AYAM KAMPUNG,3000.0
2026-08-13,Pasar Sehat Soreang,TEMPE,12000.0
2026-08-13,Pasar Sehat Soreang,TERIGU CAKRA KEMBAR,14000.0
2026-08-13,Pasar Sehat Soreang,TERIGU CURAH,10000.0
2026-08-13,Pasar Sehat Soreang,TERIGU KUNCI BIRU,12000.0
2026-08-13,Pasar Sehat Soreang,TERIGU SEGITIGA BIRU,13000.0
2026-08-13,Pasar Sehat Soreang,TERI KERITING,80000.0
2026-08-13,Pasar Sehat Soreang,TERI MEDAN,170000.0
2026-08-13,Pasar Sehat Soreang,TIMUN,10000.0
2026-08-13,Pasar Sehat Soreang,TOMAT HIJAU,6000.0
2026-08-13,Pasar Sehat Soreang,UBI JALAR PUTIH,7000.0
2026-08-13,Pasar Sehat Soreang,UDANG,100000.0
2026-08-14,Pasar Margahayu,BAWANG BOMBAY,36000.0
2026-08-14,Pasar Margahayu,BAWANG DAUN,16000.0
2026-08-14,Pasar Margahayu,BAWANG MERAH,36000.0
2026-08-14,Pasar Margahayu,BAWANG MERAH BATU,
2026-08-14,Pasar Margahayu,BAWANG PUTIH BIASA,32000.0
2026-08-14,Pasar Margahayu,BAWANG PUTIH KATING,40000.0
2026-08-14,Pasar Margahayu,BAWANG SUMENEP,50000.0
2026-08-14,Pasar Margahayu,BAYAM,2500.0
2026-08-14,Pasar Margahayu,BERAS IR. 64,15000.0
2026-08-14,Pasar Margahayu,BERAS MEDIUM,14000.0
2026-08-14,Pasar Margahayu,BERAS PREMIUM,15500.0
2026-08-14,Pasar Margahayu,CABE HIJAU BIASA,40000.0
2026-08-14,Pasar Margahayu,CABE MERAH KERITING,50000.0
2026-08-14,Pasar Margahayu,CABE MERAH TANJUNG,100000.0
2026-08-14,Pasar Margahayu,CABE MERAH TW,50000.0
2026-08-14,Pasar Margahayu,CABE RAWIT HIJAU,60000.0
2026-08-14,Pasar Margahayu,CABE RAWIT MERAH,60000.0
2026-08-14,Pasar Margahayu,DAGING AYAM BROILER,44000.0
2026-08-14,Pasar Margahayu,DAGING AYAM KAMPUNG,
2026-08-14,Pasar Margahayu,DAGING SAPI IMPOR BEKU,
2026-08-14,Pasar Margahayu,DAGING SAPI LOKAL HAS DALAM,
2026-08-14,Pasar Margahayu,DAGING SAPI LOKAL HAS LUAR,140000.0
2026-08-14,Pasar Margahayu,DAGING SAPI LOKAL PAHA BELAKANG,140000.0
2026-08-14,Pasar Margahayu,DAGING SAPI LOKAL PAHA DEPAN,140000.0
2026-08-14,Pasar Margahayu,DAGING SAPI LOKAL SANDUNG LAMUR,130000.0
2026-08-14,Pasar Margahayu,DAGING SAPI LOKAL TETELAN,80000.0
2026-08-14,Pasar Margahayu,DAGING SAPI MURNI,140000.0
2026-08-14,Pasar Margahayu,GARAM BATA,35000.0
2026-08-14,Pasar Margahayu,GARAM HALUS YODIUM,2500.0
2026-08-14,Pasar Margahayu,GAS LPG 3 Kg,22000.0
2026-08-14,Pasar Margahayu,GULA MERAH,26000.0
2026-08-14,Pasar Margahayu,GULA PASIR GULA KU,19000.0
2026-08-14,Pasar Margahayu,GULA PASIR LOKAL,18000.0
2026-08-14,Pasar Margahayu,IKAN BANDENG,38000.0
2026-08-14,Pasar Margahayu,Ikan Bawal Air Tawar,30000.0
2026-08-14,Pasar Margahayu,Ikan Gurame,50000.0
2026-08-14,Pasar Margahayu,IKAN KEMBUNG,50000.0
2026-08-14,Pasar Margahayu,Ikan Lele,32000.0
2026-08-14,Pasar Margahayu,IKAN MAS,30000.0
2026-08-14,Pasar Margahayu,Ikan Nila,40000.0
2026-08-14,Pasar Margahayu,Ikan Patin,32000.0
2026-08-14,Pasar Margahayu,IKAN TONGKOL,46000.0
2026-08-14,Pasar Margahayu,JAGUNG MANIS,18000.0
2026-08-14,Pasar Margahayu,JAGUNG PIPILAN,20000.0
2026-08-14,Pasar Margahayu,JERUK,25000.0
2026-08-14,Pasar Margahayu,KACANG HIJAU,28000.0
2026-08-14,Pasar Margahayu,KACANG KEDELAI IMPOR,
2026-08-14,Pasar Margahayu,KACANG KEDELAI LOKAL,15000.0
2026-08-14,Pasar Margahayu,KACANG PANJANG,26000.0
2026-08-14,Pasar Margahayu,KACANG TANAH KUPAS,38000.0
2026-08-14,Pasar Margahayu,KANGKUNG,2000.0
2026-08-14,Pasar Margahayu,KENTANG DIENG,20000.0
2026-08-14,Pasar Margahayu,KETELA POHON,6000.0
2026-08-14,Pasar Margahayu,MELON,18000.0
2026-08-14,Pasar Margahayu,MIE INSTAN INDOMIE,3000.0
2026-08-14,Pasar Margahayu,MINYAK BIMOLI,
2026-08-14,Pasar Margahayu,MINYAK CURAH,21500.0
2026-08-14,Pasar Margahayu,MINYAKITA,20000.0
2026-08-14,Pasar Margahayu,MINYAK SANIA,
2026-08-14,Pasar Margahayu,PAKCOY,12000.0
2026-08-14,Pasar Margahayu,PEPAYA,16000.0
2026-08-14,Pasar Margahayu,PISANG,8000.0
2026-08-14,Pasar Margahayu,SAWI PUTIH,10000.0
2026-08-14,Pasar Margahayu,SAYURAN BUNCIS,30000.0
2026-08-14,Pasar Margahayu,SAYURAN KENTANG LOKAL,15000.0
2026-08-14,Pasar Margahayu,SAYURAN KOL/KUBIS,8000.0
2026-08-14,Pasar Margahayu,SAYURAN TOMAT,12000.0
2026-08-14,Pasar Margahayu,SAYURAN WORTEL,20000.0
2026-08-14,Pasar Margahayu,SKM BENDERA,13000.0
2026-08-14,Pasar Margahayu,SKM CAP ENAK,11500.0
2026-08-14,Pasar Margahayu,SKM INDOMILK,12000.0
2026-08-14,Pasar Margahayu,SUSU BALITA (SGM),42500.0
2026-08-14,Pasar Margahayu,SUSU BUBUK DANCOW VANILA,
2026-08-14,Pasar Margahayu,TAHU,10000.0
2026-08-14,Pasar Margahayu,TELUR AYAM BROILER,23500.0
2026-08-14,Pasar Margahayu,TELUR AYAM KAMPUNG,3000.0
2026-08-14,Pasar Margahayu,TEMPE,17000.0
2026-08-14,Pasar Margahayu,TERIGU CAKRA KEMBAR,15000.0
2026-08-14,Pasar Margahayu,TERIGU CURAH,10000.0
2026-08-14,Pasar Margahayu,TERIGU KUNCI BIRU,14000.0
2026-08-14,Pasar Margahayu,TERIGU SEGITIGA BIRU,13000.0
2026-08-14,Pasar Margahayu,TERI KERITING,70000.0
2026-08-14,Pasar Margahayu,TERI MEDAN,160000.0
2026-08-14,Pasar Margahayu,TIMUN,14000.0
2026-08-14,Pasar Margahayu,TOMAT HIJAU,8000.0
2026-08-14,Pasar Margahayu,UBI JALAR PUTIH,8000.0
2026-08-14,Pasar Margahayu,UDANG,68000.0
2026-08-14,Pasar Ciwidey,BAWANG BOMBAY,36000.0
2026-08-14,Pasar Ciwidey,BAWANG DAUN,14000.0
2026-08-14,Pasar Ciwidey,BAWANG MERAH,40000.0
2026-08-14,Pasar Ciwidey,BAWANG MERAH BATU,30000.0
2026-08-14,Pasar Ciwidey,BAWANG PUTIH BIASA,36000.0
2026-08-14,Pasar Ciwidey,BAWANG PUTIH KATING,
2026-08-14,Pasar Ciwidey,BAWANG SUMENEP,60000.0
2026-08-14,Pasar Ciwidey,BAYAM,2000.0
2026-08-14,Pasar Ciwidey,BERAS IR. 64,15000.0
2026-08-14,Pasar Ciwidey,BERAS MEDIUM,14500.0
2026-08-14,Pasar Ciwidey,BERAS PREMIUM,16000.0
2026-08-14,Pasar Ciwidey,CABE HIJAU BIASA,20000.0
2026-08-14,Pasar Ciwidey,CABE MERAH KERITING,40000.0
2026-08-14,Pasar Ciwidey,CABE MERAH TANJUNG,95000.0
2026-08-14,Pasar Ciwidey,CABE MERAH TW,80000.0
2026-08-14,Pasar Ciwidey,CABE RAWIT HIJAU,55000.0
2026-08-14,Pasar Ciwidey,CABE RAWIT MERAH,40000.0
2026-08-14,Pasar Ciwidey,DAGING AYAM BROILER,42000.0
2026-08-14,Pasar Ciwidey,DAGING AYAM KAMPUNG,70000.0
2026-08-14,Pasar Ciwidey,DAGING SAPI IMPOR BEKU,110000.0
2026-08-14,Pasar Ciwidey,DAGING SAPI LOKAL HAS DALAM,145000.0
2026-08-14,Pasar Ciwidey,DAGING SAPI LOKAL HAS LUAR,140000.0
2026-08-14,Pasar Ciwidey,DAGING SAPI LOKAL PAHA BELAKANG,145000.0
2026-08-14,Pasar Ciwidey,DAGING SAPI LOKAL PAHA DEPAN,140000.0
2026-08-14,Pasar Ciwidey,DAGING SAPI LOKAL SANDUNG LAMUR,125000.0
2026-08-14,Pasar Ciwidey,DAGING SAPI LOKAL TETELAN,70000.0
2026-08-14,Pasar Ciwidey,DAGING SAPI MURNI,145000.0
2026-08-14,Pasar Ciwidey,GARAM BATA,16000.0
2026-08-14,Pasar Ciwidey,GARAM HALUS YODIUM,3000.0
2026-08-14,Pasar Ciwidey,GAS LPG 3 Kg,23000.0
2026-08-14,Pasar Ciwidey,GULA MERAH,24000.0
2026-08-14,Pasar Ciwidey,GULA PASIR GULA KU,20000.0
2026-08-14,Pasar Ciwidey,GULA PASIR LOKAL,18000.0
2026-08-14,Pasar Ciwidey,IKAN BANDENG,45000.0
2026-08-14,Pasar Ciwidey,Ikan Bawal Air Tawar,32000.0
2026-08-14,Pasar Ciwidey,Ikan Gurame,60000.0
2026-08-14,Pasar Ciwidey,IKAN KEMBUNG,50000.0
2026-08-14,Pasar Ciwidey,Ikan Lele,35000.0
2026-08-14,Pasar Ciwidey,IKAN MAS,30000.0
2026-08-14,Pasar Ciwidey,Ikan Nila,32000.0
2026-08-14,Pasar Ciwidey,Ikan Patin,32000.0
2026-08-14,Pasar Ciwidey,IKAN TONGKOL,48000.0
2026-08-14,Pasar Ciwidey,JAGUNG MANIS,13000.0
2026-08-14,Pasar Ciwidey,JAGUNG PIPILAN,20000.0
2026-08-14,Pasar Ciwidey,JERUK,20000.0
2026-08-14,Pasar Ciwidey,KACANG HIJAU,36000.0
2026-08-14,Pasar Ciwidey,KACANG KEDELAI IMPOR,16000.0
2026-08-14,Pasar Ciwidey,KACANG KEDELAI LOKAL,
2026-08-14,Pasar Ciwidey,KACANG PANJANG,20000.0
2026-08-14,Pasar Ciwidey,KACANG TANAH KUPAS,38000.0
2026-08-14,Pasar Ciwidey,KANGKUNG,2000.0
2026-08-14,Pasar Ciwidey,KENTANG DIENG,20000.0
2026-08-14,Pasar Ciwidey,KETELA POHON,5000.0
2026-08-14,Pasar Ciwidey,MELON,13000.0
2026-08-14,Pasar Ciwidey,MIE INSTAN INDOMIE,3500.0
2026-08-14,Pasar Ciwidey,MINYAK BIMOLI,22500.0
2026-08-14,Pasar Ciwidey,MINYAK CURAH,21500.0
2026-08-14,Pasar Ciwidey,MINYAKITA,20000.0
2026-08-14,Pasar Ciwidey,MINYAK SANIA,22000.0
2026-08-14,Pasar Ciwidey,PAKCOY,8000.0
2026-08-14,Pasar Ciwidey,PEPAYA,15000.0
2026-08-14,Pasar Ciwidey,PISANG,8000.0
2026-08-14,Pasar Ciwidey,SAWI PUTIH,8000.0
2026-08-14,Pasar Ciwidey,SAYURAN BUNCIS,23000.0
2026-08-14,Pasar Ciwidey,SAYURAN KENTANG LOKAL,18000.0
2026-08-14,Pasar Ciwidey,SAYURAN KOL/KUBIS,7000.0
2026-08-14,Pasar Ciwidey,SAYURAN TOMAT,8000.0
2026-08-14,Pasar Ciwidey,SAYURAN WORTEL,20000.0
2026-08-14,Pasar Ciwidey,SKM BENDERA,13000.0
2026-08-14,Pasar Ciwidey,SKM CAP ENAK,12000.0
2026-08-14,Pasar Ciwidey,SKM INDOMILK,12500.0
2026-08-14,Pasar Ciwidey,SUSU BALITA (SGM),48000.0
2026-08-14,Pasar Ciwidey,SUSU BUBUK DANCOW VANILA,
2026-08-14,Pasar Ciwidey,TAHU,12000.0
2026-08-14,Pasar Ciwidey,TELUR AYAM BROILER,24000.0
2026-08-14,Pasar Ciwidey,TELUR AYAM KAMPUNG,35000.0
2026-08-14,Pasar Ciwidey,TEMPE,13000.0
2026-08-14,Pasar Ciwidey,TERIGU CAKRA KEMBAR,14000.0
2026-08-14,Pasar Ciwidey,TERIGU CURAH,10000.0
2026-08-14,Pasar Ciwidey,TERIGU KUNCI BIRU,
2026-08-14,Pasar Ciwidey,TERIGU SEGITIGA BIRU,13000.0
2026-08-14,Pasar Ciwidey,TERI KERITING,85000.0
2026-08-14,Pasar Ciwidey,TERI MEDAN,160000.0
2026-08-14,Pasar Ciwidey,TIMUN,10000.0
2026-08-14,Pasar Ciwidey,TOMAT HIJAU,6000.0
2026-08-14,Pasar Ciwidey,UBI JALAR PUTIH,9000.0
2026-08-14,Pasar Ciwidey,UDANG,95000.0
2026-08-14,Pasar Baleendah,BAWANG BOMBAY,35000.0
2026-08-14,Pasar Baleendah,BAWANG DAUN,15000.0
2026-08-14,Pasar Baleendah,BAWANG MERAH,32000.0
2026-08-14,Pasar Baleendah,BAWANG MERAH BATU,28000.0
2026-08-14,Pasar Baleendah,BAWANG PUTIH BIASA,35000.0
2026-08-14,Pasar Baleendah,BAWANG PUTIH KATING,
2026-08-14,Pasar Baleendah,BAWANG SUMENEP,40000.0
2026-08-14,Pasar Baleendah,BAYAM,2500.0
2026-08-14,Pasar Baleendah,BERAS IR. 64,15000.0
2026-08-14,Pasar Baleendah,BERAS MEDIUM,14000.0
2026-08-14,Pasar Baleendah,BERAS PREMIUM,16000.0
2026-08-14,Pasar Baleendah,CABE HIJAU BIASA,32000.0
2026-08-14,Pasar Baleendah,CABE MERAH KERITING,40000.0
2026-08-14,Pasar Baleendah,CABE MERAH TANJUNG,100000.0
2026-08-14,Pasar Baleendah,CABE MERAH TW,
2026-08-14,Pasar Baleendah,CABE RAWIT HIJAU,45000.0
2026-08-14,Pasar Baleendah,CABE RAWIT MERAH,45000.0
2026-08-14,Pasar Baleendah,DAGING AYAM BROILER,41000.0
2026-08-14,Pasar Baleendah,DAGING AYAM KAMPUNG,70000.0
2026-08-14,Pasar Baleendah,DAGING SAPI IMPOR BEKU,120000.0
2026-08-14,Pasar Baleendah,DAGING SAPI LOKAL HAS DALAM,150000.0
2026-08-14,Pasar Baleendah,DAGING SAPI LOKAL HAS LUAR,140000.0
2026-08-14,Pasar Baleendah,DAGING SAPI LOKAL PAHA BELAKANG,140000.0
2026-08-14,Pasar Baleendah,DAGING SAPI LOKAL PAHA DEPAN,135000.0
2026-08-14,Pasar Baleendah,DAGING SAPI LOKAL SANDUNG LAMUR,120000.0
2026-08-14,Pasar Baleendah,DAGING SAPI LOKAL TETELAN,70000.0
2026-08-14,Pasar Baleendah,DAGING SAPI MURNI,140000.0
2026-08-14,Pasar Baleendah,GARAM BATA,16000.0
2026-08-14,Pasar Baleendah,GARAM HALUS YODIUM,2500.0
2026-08-14,Pasar Baleendah,GAS LPG 3 Kg,23000.0
2026-08-14,Pasar Baleendah,GULA MERAH,23000.0
2026-08-14,Pasar Baleendah,GULA PASIR GULA KU,20000.0
2026-08-14,Pasar Baleendah,GULA PASIR LOKAL,19000.0
2026-08-14,Pasar Baleendah,IKAN BANDENG,45000.0
2026-08-14,Pasar Baleendah,Ikan Bawal Air Tawar,30000.0
2026-08-14,Pasar Baleendah,Ikan Gurame,55000.0
2026-08-14,Pasar Baleendah,IKAN KEMBUNG,55000.0
2026-08-14,Pasar Baleendah,Ikan Lele,31000.0
2026-08-14,Pasar Baleendah,IKAN MAS,27000.0
2026-08-14,Pasar Baleendah,Ikan Nila,35000.0
2026-08-14,Pasar Baleendah,Ikan Patin,30000.0
2026-08-14,Pasar Baleendah,IKAN TONGKOL,45000.0
2026-08-14,Pasar Baleendah,JAGUNG MANIS,14000.0
2026-08-14,Pasar Baleendah,JAGUNG PIPILAN,20000.0
2026-08-14,Pasar Baleendah,JERUK,20000.0
2026-08-14,Pasar Baleendah,KACANG HIJAU,32000.0
2026-08-14,Pasar Baleendah,KACANG KEDELAI IMPOR,20000.0
2026-08-14,Pasar Baleendah,KACANG KEDELAI LOKAL,14000.0
2026-08-14,Pasar Baleendah,KACANG PANJANG,20000.0
2026-08-14,Pasar Baleendah,KACANG TANAH KUPAS,38000.0
2026-08-14,Pasar Baleendah,KANGKUNG,1000.0
2026-08-14,Pasar Baleendah,KENTANG DIENG,18000.0
2026-08-14,Pasar Baleendah,KETELA POHON,5000.0
2026-08-14,Pasar Baleendah,MELON,18000.0
2026-08-14,Pasar Baleendah,MIE INSTAN INDOMIE,3000.0
2026-08-14,Pasar Baleendah,MINYAK BIMOLI,
2026-08-14,Pasar Baleendah,MINYAK CURAH,21500.0
2026-08-14,Pasar Baleendah,MINYAKITA,21000.0
2026-08-14,Pasar Baleendah,MINYAK SANIA,22000.0
2026-08-14,Pasar Baleendah,PAKCOY,10000.0
2026-08-14,Pasar Baleendah,PEPAYA,14000.0
2026-08-14,Pasar Baleendah,PISANG,6500.0
2026-08-14,Pasar Baleendah,SAWI PUTIH,7000.0
2026-08-14,Pasar Baleendah,SAYURAN BUNCIS,24000.0
2026-08-14,Pasar Baleendah,SAYURAN KENTANG LOKAL,15000.0
2026-08-14,Pasar Baleendah,SAYURAN KOL/KUBIS,7000.0
2026-08-14,Pasar Baleendah,SAYURAN TOMAT,8000.0
2026-08-14,Pasar Baleendah,SAYURAN WORTEL,16000.0
2026-08-14,Pasar Baleendah,SKM BENDERA,12500.0
2026-08-14,Pasar Baleendah,SKM CAP ENAK,10000.0
2026-08-14,Pasar Baleendah,SKM INDOMILK,11500.0
2026-08-14,Pasar Baleendah,SUSU BALITA (SGM),41600.0
2026-08-14,Pasar Baleendah,SUSU BUBUK DANCOW VANILA,50100.0
2026-08-14,Pasar Baleendah,TAHU,12000.0
2026-08-14,Pasar Baleendah,TELUR AYAM BROILER,25000.0
2026-08-14,Pasar Baleendah,TELUR AYAM KAMPUNG,3000.0
2026-08-14,Pasar Baleendah,TEMPE,12000.0
2026-08-14,Pasar Baleendah,TERIGU CAKRA KEMBAR,11500.0
2026-08-14,Pasar Baleendah,TERIGU CURAH,10000.0
2026-08-14,Pasar Baleendah,TERIGU KUNCI BIRU,11000.0
2026-08-14,Pasar Baleendah,TERIGU SEGITIGA BIRU,11000.0
2026-08-14,Pasar Baleendah,TERI KERITING,80000.0
2026-08-14,Pasar Baleendah,TERI MEDAN,140000.0
2026-08-14,Pasar Baleendah,TIMUN,12000.0
2026-08-14,Pasar Baleendah,TOMAT HIJAU,8000.0
2026-08-14,Pasar Baleendah,UBI JALAR PUTIH,8000.0
2026-08-14,Pasar Baleendah,UDANG,70000.0
2026-08-14,Pasar Stasiun Majalaya,BAWANG BOMBAY,38000.0
2026-08-14,Pasar Stasiun Majalaya,BAWANG DAUN,14000.0
2026-08-14,Pasar Stasiun Majalaya,BAWANG MERAH,36000.0
2026-08-14,Pasar Stasiun Majalaya,BAWANG MERAH BATU,32000.0
2026-08-14,Pasar Stasiun Majalaya,BAWANG PUTIH BIASA,36000.0
2026-08-14,Pasar Stasiun Majalaya,BAWANG PUTIH KATING,36000.0
2026-08-14,Pasar Stasiun Majalaya,BAWANG SUMENEP,50000.0
2026-08-14,Pasar Stasiun Majalaya,BAYAM,3000.0
2026-08-14,Pasar Stasiun Majalaya,BERAS IR. 64,
2026-08-14,Pasar Stasiun Majalaya,BERAS MEDIUM,15000.0
2026-08-14,Pasar Stasiun Majalaya,BERAS PREMIUM,16000.0
2026-08-14,Pasar Stasiun Majalaya,CABE HIJAU BIASA,24000.0
2026-08-14,Pasar Stasiun Majalaya,CABE MERAH KERITING,40000.0
2026-08-14,Pasar Stasiun Majalaya,CABE MERAH TANJUNG,100000.0
2026-08-14,Pasar Stasiun Majalaya,CABE MERAH TW,
2026-08-14,Pasar Stasiun Majalaya,CABE RAWIT HIJAU,50000.0
2026-08-14,Pasar Stasiun Majalaya,CABE RAWIT MERAH,45000.0
2026-08-14,Pasar Stasiun Majalaya,DAGING AYAM BROILER,44000.0
2026-08-14,Pasar Stasiun Majalaya,DAGING AYAM KAMPUNG,80000.0
2026-08-14,Pasar Stasiun Majalaya,DAGING SAPI IMPOR BEKU,130000.0
2026-08-14,Pasar Stasiun Majalaya,DAGING SAPI LOKAL HAS DALAM,150000.0
2026-08-14,Pasar Stasiun Majalaya,DAGING SAPI LOKAL HAS LUAR,140000.0
2026-08-14,Pasar Stasiun Majalaya,DAGING SAPI LOKAL PAHA BELAKANG,140000.0
2026-08-14,Pasar Stasiun Majalaya,DAGING SAPI LOKAL PAHA DEPAN,140000.0
2026-08-14,Pasar Stasiun Majalaya,DAGING SAPI LOKAL SANDUNG LAMUR,135000.0
2026-08-14,Pasar Stasiun Majalaya,DAGING SAPI LOKAL TETELAN,70000.0
2026-08-14,Pasar Stasiun Majalaya,DAGING SAPI MURNI,155000.0
2026-08-14,Pasar Stasiun Majalaya,GARAM BATA,18000.0
2026-08-14,Pasar Stasiun Majalaya,GARAM HALUS YODIUM,2500.0
2026-08-14,Pasar Stasiun Majalaya,GAS LPG 3 Kg,22000.0
2026-08-14,Pasar Stasiun Majalaya,GULA MERAH,24000.0
2026-08-14,Pasar Stasiun Majalaya,GULA PASIR GULA KU,
2026-08-14,Pasar Stasiun Majalaya,GULA PASIR LOKAL,19000.0
2026-08-14,Pasar Stasiun Majalaya,IKAN BANDENG,40000.0
2026-08-14,Pasar Stasiun Majalaya,Ikan Bawal Air Tawar,34000.0
2026-08-14,Pasar Stasiun Majalaya,Ikan Gurame,55000.0
2026-08-14,Pasar Stasiun Majalaya,IKAN KEMBUNG,50000.0
2026-08-14,Pasar Stasiun Majalaya,Ikan Lele,30000.0
2026-08-14,Pasar Stasiun Majalaya,IKAN MAS,32000.0
2026-08-14,Pasar Stasiun Majalaya,Ikan Nila,36000.0
2026-08-14,Pasar Stasiun Majalaya,Ikan Patin,34000.0
2026-08-14,Pasar Stasiun Majalaya,IKAN TONGKOL,44000.0
2026-08-14,Pasar Stasiun Majalaya,JAGUNG MANIS,10000.0
2026-08-14,Pasar Stasiun Majalaya,JAGUNG PIPILAN,
2026-08-14,Pasar Stasiun Majalaya,JERUK,30000.0
2026-08-14,Pasar Stasiun Majalaya,KACANG HIJAU,38000.0
2026-08-14,Pasar Stasiun Majalaya,KACANG KEDELAI IMPOR,16000.0
2026-08-14,Pasar Stasiun Majalaya,KACANG KEDELAI LOKAL,14000.0
2026-08-14,Pasar Stasiun Majalaya,KACANG PANJANG,16000.0
2026-08-14,Pasar Stasiun Majalaya,KACANG TANAH KUPAS,40000.0
2026-08-14,Pasar Stasiun Majalaya,KANGKUNG,3000.0
2026-08-14,Pasar Stasiun Majalaya,KENTANG DIENG,20000.0
2026-08-14,Pasar Stasiun Majalaya,KETELA POHON,6000.0
2026-08-14,Pasar Stasiun Majalaya,MELON,20000.0
2026-08-14,Pasar Stasiun Majalaya,MIE INSTAN INDOMIE,3000.0
2026-08-14,Pasar Stasiun Majalaya,MINYAK BIMOLI,
2026-08-14,Pasar Stasiun Majalaya,MINYAK CURAH,22000.0
2026-08-14,Pasar Stasiun Majalaya,MINYAKITA,21000.0
2026-08-14,Pasar Stasiun Majalaya,MINYAK SANIA,
2026-08-14,Pasar Stasiun Majalaya,PAKCOY,8000.0
2026-08-14,Pasar Stasiun Majalaya,PEPAYA,15000.0
2026-08-14,Pasar Stasiun Majalaya,PISANG,8000.0
2026-08-14,Pasar Stasiun Majalaya,SAWI PUTIH,8000.0
2026-08-14,Pasar Stasiun Majalaya,SAYURAN BUNCIS,24000.0
2026-08-14,Pasar Stasiun Majalaya,SAYURAN KENTANG LOKAL,15000.0
2026-08-14,Pasar Stasiun Majalaya,SAYURAN KOL/KUBIS,7000.0
2026-08-14,Pasar Stasiun Majalaya,SAYURAN TOMAT,8000.0
2026-08-14,Pasar Stasiun Majalaya,SAYURAN WORTEL,18000.0
2026-08-14,Pasar Stasiun Majalaya,SKM BENDERA,13000.0
2026-08-14,Pasar Stasiun Majalaya,SKM CAP ENAK,11500.0
2026-08-14,Pasar Stasiun Majalaya,SKM INDOMILK,12500.0
2026-08-14,Pasar Stasiun Majalaya,SUSU BALITA (SGM),
2026-08-14,Pasar Stasiun Majalaya,SUSU BUBUK DANCOW VANILA,
2026-08-14,Pasar Stasiun Majalaya,TAHU,12000.0
2026-08-14,Pasar Stasiun Majalaya,TELUR AYAM BROILER,26000.0
2026-08-14,Pasar Stasiun Majalaya,TELUR AYAM KAMPUNG,4000.0
2026-08-14,Pasar Stasiun Majalaya,TEMPE,14000.0
2026-08-14,Pasar Stasiun Majalaya,TERIGU CAKRA KEMBAR,14000.0
2026-08-14,Pasar Stasiun Majalaya,TERIGU CURAH,10000.0
2026-08-14,Pasar Stasiun Majalaya,TERIGU KUNCI BIRU,12000.0
2026-08-14,Pasar Stasiun Majalaya,TERIGU SEGITIGA BIRU,13000.0
2026-08-14,Pasar Stasiun Majalaya,TERI KERITING,100000.0
2026-08-14,Pasar Stasiun Majalaya,TERI MEDAN,160000.0
2026-08-14,Pasar Stasiun Majalaya,TIMUN,15000.0
2026-08-14,Pasar Stasiun Majalaya,TOMAT HIJAU,7000.0
2026-08-14,Pasar Stasiun Majalaya,UBI JALAR PUTIH,8000.0
2026-08-14,Pasar Stasiun Majalaya,UDANG,100000.0
2026-08-14,Pasar Baru Majalaya,BAWANG BOMBAY,36000.0
2026-08-14,Pasar Baru Majalaya,BAWANG DAUN,14000.0
2026-08-14,Pasar Baru Majalaya,BAWANG MERAH,36000.0
2026-08-14,Pasar Baru Majalaya,BAWANG MERAH BATU,28000.0
2026-08-14,Pasar Baru Majalaya,BAWANG PUTIH BIASA,32000.0
2026-08-14,Pasar Baru Majalaya,BAWANG PUTIH KATING,
2026-08-14,Pasar Baru Majalaya,BAWANG SUMENEP,48000.0
2026-08-14,Pasar Baru Majalaya,BAYAM,3000.0
2026-08-14,Pasar Baru Majalaya,BERAS IR. 64,15000.0
2026-08-14,Pasar Baru Majalaya,BERAS MEDIUM,14500.0
2026-08-14,Pasar Baru Majalaya,BERAS PREMIUM,16000.0
2026-08-14,Pasar Baru Majalaya,CABE HIJAU BIASA,34000.0
2026-08-14,Pasar Baru Majalaya,CABE MERAH KERITING,45000.0
2026-08-14,Pasar Baru Majalaya,CABE MERAH TANJUNG,100000.0
2026-08-14,Pasar Baru Majalaya,CABE MERAH TW,
2026-08-14,Pasar Baru Majalaya,CABE RAWIT HIJAU,50000.0
2026-08-14,Pasar Baru Majalaya,CABE RAWIT MERAH,48000.0
2026-08-14,Pasar Baru Majalaya,DAGING AYAM BROILER,43000.0
2026-08-14,Pasar Baru Majalaya,DAGING AYAM KAMPUNG,
2026-08-14,Pasar Baru Majalaya,DAGING SAPI IMPOR BEKU,130000.0
2026-08-14,Pasar Baru Majalaya,DAGING SAPI LOKAL HAS DALAM,140000.0
2026-08-14,Pasar Baru Majalaya,DAGING SAPI LOKAL HAS LUAR,130000.0
2026-08-14,Pasar Baru Majalaya,DAGING SAPI LOKAL PAHA BELAKANG,135000.0
2026-08-14,Pasar Baru Majalaya,DAGING SAPI LOKAL PAHA DEPAN,140000.0
2026-08-14,Pasar Baru Majalaya,DAGING SAPI LOKAL SANDUNG LAMUR,130000.0
2026-08-14,Pasar Baru Majalaya,DAGING SAPI LOKAL TETELAN,70000.0
2026-08-14,Pasar Baru Majalaya,DAGING SAPI MURNI,150000.0
2026-08-14,Pasar Baru Majalaya,GARAM BATA,16000.0
2026-08-14,Pasar Baru Majalaya,GARAM HALUS YODIUM,2000.0
2026-08-14,Pasar Baru Majalaya,GAS LPG 3 Kg,22000.0
2026-08-14,Pasar Baru Majalaya,GULA MERAH,24000.0
2026-08-14,Pasar Baru Majalaya,GULA PASIR GULA KU,20000.0
2026-08-14,Pasar Baru Majalaya,GULA PASIR LOKAL,19000.0
2026-08-14,Pasar Baru Majalaya,IKAN BANDENG,40000.0
2026-08-14,Pasar Baru Majalaya,Ikan Bawal Air Tawar,32000.0
2026-08-14,Pasar Baru Majalaya,Ikan Gurame,50000.0
2026-08-14,Pasar Baru Majalaya,IKAN KEMBUNG,48000.0
2026-08-14,Pasar Baru Majalaya,Ikan Lele,30000.0
2026-08-14,Pasar Baru Majalaya,IKAN MAS,30000.0
2026-08-14,Pasar Baru Majalaya,Ikan Nila,34000.0
2026-08-14,Pasar Baru Majalaya,Ikan Patin,33000.0
2026-08-14,Pasar Baru Majalaya,IKAN TONGKOL,42000.0
2026-08-14,Pasar Baru Majalaya,JAGUNG MANIS,10000.0
2026-08-14,Pasar Baru Majalaya,JAGUNG PIPILAN,
2026-08-14,Pasar Baru Majalaya,JERUK,35000.0
2026-08-14,Pasar Baru Majalaya,KACANG HIJAU,38000.0
2026-08-14,Pasar Baru Majalaya,KACANG KEDELAI IMPOR,23000.0
2026-08-14,Pasar Baru Majalaya,KACANG KEDELAI LOKAL,
2026-08-14,Pasar Baru Majalaya,KACANG PANJANG,15000.0
2026-08-14,Pasar Baru Majalaya,KACANG TANAH KUPAS,38000.0
2026-08-14,Pasar Baru Majalaya,KANGKUNG,3000.0
2026-08-14,Pasar Baru Majalaya,KENTANG DIENG,18000.0
2026-08-14,Pasar Baru Majalaya,KETELA POHON,6000.0
2026-08-14,Pasar Baru Majalaya,MELON,20000.0
2026-08-14,Pasar Baru Majalaya,MIE INSTAN INDOMIE,3000.0
2026-08-14,Pasar Baru Majalaya,MINYAK BIMOLI,
2026-08-14,Pasar Baru Majalaya,MINYAK CURAH,22000.0
2026-08-14,Pasar Baru Majalaya,MINYAKITA,21000.0
2026-08-14,Pasar Baru Majalaya,MINYAK SANIA,
2026-08-14,Pasar Baru Majalaya,PAKCOY,10000.0
2026-08-14,Pasar Baru Majalaya,PEPAYA,15000.0
2026-08-14,Pasar Baru Majalaya,PISANG,7000.0
2026-08-14,Pasar Baru Majalaya,SAWI PUTIH,8000.0
2026-08-14,Pasar Baru Majalaya,SAYURAN BUNCIS,28000.0
2026-08-14,Pasar Baru Majalaya,SAYURAN KENTANG LOKAL,15000.0
2026-08-14,Pasar Baru Majalaya,SAYURAN KOL/KUBIS,7000.0
2026-08-14,Pasar Baru Majalaya,SAYURAN TOMAT,10000.0
2026-08-14,Pasar Baru Majalaya,SAYURAN WORTEL,18000.0
2026-08-14,Pasar Baru Majalaya,SKM BENDERA,13000.0
2026-08-14,Pasar Baru Majalaya,SKM CAP ENAK,11500.0
2026-08-14,Pasar Baru Majalaya,SKM INDOMILK,12500.0
2026-08-14,Pasar Baru Majalaya,SUSU BALITA (SGM),
2026-08-14,Pasar Baru Majalaya,SUSU BUBUK DANCOW VANILA,
2026-08-14,Pasar Baru Majalaya,TAHU,12000.0
2026-08-14,Pasar Baru Majalaya,TELUR AYAM BROILER,25000.0
2026-08-14,Pasar Baru Majalaya,TELUR AYAM KAMPUNG,4000.0
2026-08-14,Pasar Baru Majalaya,TEMPE,14000.0
2026-08-14,Pasar Baru Majalaya,TERIGU CAKRA KEMBAR,12500.0
2026-08-14,Pasar Baru Majalaya,TERIGU CURAH,10000.0
2026-08-14,Pasar Baru Majalaya,TERIGU KUNCI BIRU,
2026-08-14,Pasar Baru Majalaya,TERIGU SEGITIGA BIRU,13500.0
2026-08-14,Pasar Baru Majalaya,TERI KERITING,100000.0
2026-08-14,Pasar Baru Majalaya,TERI MEDAN,160000.0
2026-08-14,Pasar Baru Majalaya,TIMUN,12000.0
2026-08-14,Pasar Baru Majalaya,TOMAT HIJAU,6000.0
2026-08-14,Pasar Baru Majalaya,UBI JALAR PUTIH,8000.0
2026-08-14,Pasar Baru Majalaya,UDANG,90000.0
2026-08-14,Pasar Sehat Cicalengka,BAWANG BOMBAY,35000.0
2026-08-14,Pasar Sehat Cicalengka,BAWANG DAUN,14000.0
2026-08-14,Pasar Sehat Cicalengka,BAWANG MERAH,30000.0
2026-08-14,Pasar Sehat Cicalengka,BAWANG MERAH BATU,30000.0
2026-08-14,Pasar Sehat Cicalengka,BAWANG PUTIH BIASA,38000.0
2026-08-14,Pasar Sehat Cicalengka,BAWANG PUTIH KATING,37000.0
2026-08-14,Pasar Sehat Cicalengka,BAWANG SUMENEP,50000.0
2026-08-14,Pasar Sehat Cicalengka,BAYAM,2000.0
2026-08-14,Pasar Sehat Cicalengka,BERAS IR. 64,13500.0
2026-08-14,Pasar Sehat Cicalengka,BERAS MEDIUM,13500.0
2026-08-14,Pasar Sehat Cicalengka,BERAS PREMIUM,14900.0
2026-08-14,Pasar Sehat Cicalengka,CABE HIJAU BIASA,25000.0
2026-08-14,Pasar Sehat Cicalengka,CABE MERAH KERITING,34000.0
2026-08-14,Pasar Sehat Cicalengka,CABE MERAH TANJUNG,100000.0
2026-08-14,Pasar Sehat Cicalengka,CABE MERAH TW,90000.0
2026-08-14,Pasar Sehat Cicalengka,CABE RAWIT HIJAU,50000.0
2026-08-14,Pasar Sehat Cicalengka,CABE RAWIT MERAH,45000.0
2026-08-14,Pasar Sehat Cicalengka,DAGING AYAM BROILER,43000.0
2026-08-14,Pasar Sehat Cicalengka,DAGING AYAM KAMPUNG,70000.0
2026-08-14,Pasar Sehat Cicalengka,DAGING SAPI IMPOR BEKU,120000.0
2026-08-14,Pasar Sehat Cicalengka,DAGING SAPI LOKAL HAS DALAM,150000.0
2026-08-14,Pasar Sehat Cicalengka,DAGING SAPI LOKAL HAS LUAR,140000.0
2026-08-14,Pasar Sehat Cicalengka,DAGING SAPI LOKAL PAHA BELAKANG,150000.0
2026-08-14,Pasar Sehat Cicalengka,DAGING SAPI LOKAL PAHA DEPAN,140000.0
2026-08-14,Pasar Sehat Cicalengka,DAGING SAPI LOKAL SANDUNG LAMUR,120000.0
2026-08-14,Pasar Sehat Cicalengka,DAGING SAPI LOKAL TETELAN,70000.0
2026-08-14,Pasar Sehat Cicalengka,DAGING SAPI MURNI,150000.0
2026-08-14,Pasar Sehat Cicalengka,GARAM BATA,30000.0
2026-08-14,Pasar Sehat Cicalengka,GARAM HALUS YODIUM,3000.0
2026-08-14,Pasar Sehat Cicalengka,GAS LPG 3 Kg,20000.0
2026-08-14,Pasar Sehat Cicalengka,GULA MERAH,24000.0
2026-08-14,Pasar Sehat Cicalengka,GULA PASIR GULA KU,20000.0
2026-08-14,Pasar Sehat Cicalengka,GULA PASIR LOKAL,17500.0
2026-08-14,Pasar Sehat Cicalengka,IKAN BANDENG,40000.0
2026-08-14,Pasar Sehat Cicalengka,Ikan Bawal Air Tawar,30000.0
2026-08-14,Pasar Sehat Cicalengka,Ikan Gurame,60000.0
2026-08-14,Pasar Sehat Cicalengka,IKAN KEMBUNG,50000.0
2026-08-14,Pasar Sehat Cicalengka,Ikan Lele,32000.0
2026-08-14,Pasar Sehat Cicalengka,IKAN MAS,29000.0
2026-08-14,Pasar Sehat Cicalengka,Ikan Nila,32000.0
2026-08-14,Pasar Sehat Cicalengka,Ikan Patin,30000.0
2026-08-14,Pasar Sehat Cicalengka,IKAN TONGKOL,43000.0
2026-08-14,Pasar Sehat Cicalengka,JAGUNG MANIS,14000.0
2026-08-14,Pasar Sehat Cicalengka,JAGUNG PIPILAN,20000.0
2026-08-14,Pasar Sehat Cicalengka,JERUK,22000.0
2026-08-14,Pasar Sehat Cicalengka,KACANG HIJAU,35000.0
2026-08-14,Pasar Sehat Cicalengka,KACANG KEDELAI IMPOR,13000.0
2026-08-14,Pasar Sehat Cicalengka,KACANG KEDELAI LOKAL,12500.0
2026-08-14,Pasar Sehat Cicalengka,KACANG PANJANG,18000.0
2026-08-14,Pasar Sehat Cicalengka,KACANG TANAH KUPAS,40000.0
2026-08-14,Pasar Sehat Cicalengka,KANGKUNG,2000.0
2026-08-14,Pasar Sehat Cicalengka,KENTANG DIENG,20000.0
2026-08-14,Pasar Sehat Cicalengka,KETELA POHON,6000.0
2026-08-14,Pasar Sehat Cicalengka,MELON,18000.0
2026-08-14,Pasar Sehat Cicalengka,MIE INSTAN INDOMIE,3000.0
2026-08-14,Pasar Sehat Cicalengka,MINYAK BIMOLI,22000.0
2026-08-14,Pasar Sehat Cicalengka,MINYAK CURAH,21000.0
2026-08-14,Pasar Sehat Cicalengka,MINYAKITA,20000.0
2026-08-14,Pasar Sehat Cicalengka,MINYAK SANIA,22000.0
2026-08-14,Pasar Sehat Cicalengka,PAKCOY,10000.0
2026-08-14,Pasar Sehat Cicalengka,PEPAYA,14000.0
2026-08-14,Pasar Sehat Cicalengka,PISANG,8000.0
2026-08-14,Pasar Sehat Cicalengka,SAWI PUTIH,8000.0
2026-08-14,Pasar Sehat Cicalengka,SAYURAN BUNCIS,20000.0
2026-08-14,Pasar Sehat Cicalengka,SAYURAN KENTANG LOKAL,15000.0
2026-08-14,Pasar Sehat Cicalengka,SAYURAN KOL/KUBIS,8000.0
2026-08-14,Pasar Sehat Cicalengka,SAYURAN TOMAT,8000.0
2026-08-14,Pasar Sehat Cicalengka,SAYURAN WORTEL,16000.0
2026-08-14,Pasar Sehat Cicalengka,SKM BENDERA,13000.0
2026-08-14,Pasar Sehat Cicalengka,SKM CAP ENAK,12000.0
2026-08-14,Pasar Sehat Cicalengka,SKM INDOMILK,12000.0
2026-08-14,Pasar Sehat Cicalengka,SUSU BALITA (SGM),55000.0
2026-08-14,Pasar Sehat Cicalengka,SUSU BUBUK DANCOW VANILA,43000.0
2026-08-14,Pasar Sehat Cicalengka,TAHU,10000.0
2026-08-14,Pasar Sehat Cicalengka,TELUR AYAM BROILER,24000.0
2026-08-14,Pasar Sehat Cicalengka,TELUR AYAM KAMPUNG,3000.0
2026-08-14,Pasar Sehat Cicalengka,TEMPE,12000.0
2026-08-14,Pasar Sehat Cicalengka,TERIGU CAKRA KEMBAR,14000.0
2026-08-14,Pasar Sehat Cicalengka,TERIGU CURAH,10000.0
2026-08-14,Pasar Sehat Cicalengka,TERIGU KUNCI BIRU,12000.0
2026-08-14,Pasar Sehat Cicalengka,TERIGU SEGITIGA BIRU,13000.0
2026-08-14,Pasar Sehat Cicalengka,TERI KERITING,80000.0
2026-08-14,Pasar Sehat Cicalengka,TERI MEDAN,170000.0
2026-08-14,Pasar Sehat Cicalengka,TIMUN,13000.0
2026-08-14,Pasar Sehat Cicalengka,TOMAT HIJAU,7000.0
2026-08-14,Pasar Sehat Cicalengka,UBI JALAR PUTIH,8000.0
2026-08-14,Pasar Sehat Cicalengka,UDANG,100000.0
2026-08-14,Pasar Cileunyi,BAWANG BOMBAY,28000.0
2026-08-14,Pasar Cileunyi,BAWANG DAUN,15000.0
2026-08-14,Pasar Cileunyi,BAWANG MERAH,32000.0
2026-08-14,Pasar Cileunyi,BAWANG MERAH BATU,30000.0
2026-08-14,Pasar Cileunyi,BAWANG PUTIH BIASA,30000.0
2026-08-14,Pasar Cileunyi,BAWANG PUTIH KATING,
2026-08-14,Pasar Cileunyi,BAWANG SUMENEP,40000.0
2026-08-14,Pasar Cileunyi,BAYAM,2500.0
2026-08-14,Pasar Cileunyi,BERAS IR. 64,14000.0
2026-08-14,Pasar Cileunyi,BERAS MEDIUM,13500.0
2026-08-14,Pasar Cileunyi,BERAS PREMIUM,15500.0
2026-08-14,Pasar Cileunyi,CABE HIJAU BIASA,28000.0
2026-08-14,Pasar Cileunyi,CABE MERAH KERITING,28000.0
2026-08-14,Pasar Cileunyi,CABE MERAH TANJUNG,95000.0
2026-08-14,Pasar Cileunyi,CABE MERAH TW,
2026-08-14,Pasar Cileunyi,CABE RAWIT HIJAU,48000.0
2026-08-14,Pasar Cileunyi,CABE RAWIT MERAH,45000.0
2026-08-14,Pasar Cileunyi,DAGING AYAM BROILER,43000.0
2026-08-14,Pasar Cileunyi,DAGING AYAM KAMPUNG,80000.0
2026-08-14,Pasar Cileunyi,DAGING SAPI IMPOR BEKU,125000.0
2026-08-14,Pasar Cileunyi,DAGING SAPI LOKAL HAS DALAM,150000.0
2026-08-14,Pasar Cileunyi,DAGING SAPI LOKAL HAS LUAR,150000.0
2026-08-14,Pasar Cileunyi,DAGING SAPI LOKAL PAHA BELAKANG,150000.0
2026-08-14,Pasar Cileunyi,DAGING SAPI LOKAL PAHA DEPAN,145000.0
2026-08-14,Pasar Cileunyi,DAGING SAPI LOKAL SANDUNG LAMUR,120000.0
2026-08-14,Pasar Cileunyi,DAGING SAPI LOKAL TETELAN,70000.0
2026-08-14,Pasar Cileunyi,DAGING SAPI MURNI,150000.0
2026-08-14,Pasar Cileunyi,GARAM BATA,18000.0
2026-08-14,Pasar Cileunyi,GARAM HALUS YODIUM,3000.0
2026-08-14,Pasar Cileunyi,GAS LPG 3 Kg,23000.0
2026-08-14,Pasar Cileunyi,GULA MERAH,18000.0
2026-08-14,Pasar Cileunyi,GULA PASIR GULA KU,19500.0
2026-08-14,Pasar Cileunyi,GULA PASIR LOKAL,19000.0
2026-08-14,Pasar Cileunyi,IKAN BANDENG,35000.0
2026-08-14,Pasar Cileunyi,Ikan Bawal Air Tawar,30000.0
2026-08-14,Pasar Cileunyi,Ikan Gurame,55000.0
2026-08-14,Pasar Cileunyi,IKAN KEMBUNG,50000.0
2026-08-14,Pasar Cileunyi,Ikan Lele,28000.0
2026-08-14,Pasar Cileunyi,IKAN MAS,28000.0
2026-08-14,Pasar Cileunyi,Ikan Nila,35000.0
2026-08-14,Pasar Cileunyi,Ikan Patin,32000.0
2026-08-14,Pasar Cileunyi,IKAN TONGKOL,40000.0
2026-08-14,Pasar Cileunyi,JAGUNG MANIS,14000.0
2026-08-14,Pasar Cileunyi,JAGUNG PIPILAN,24000.0
2026-08-14,Pasar Cileunyi,JERUK,25000.0
2026-08-14,Pasar Cileunyi,KACANG HIJAU,38000.0
2026-08-14,Pasar Cileunyi,KACANG KEDELAI IMPOR,18000.0
2026-08-14,Pasar Cileunyi,KACANG KEDELAI LOKAL,
2026-08-14,Pasar Cileunyi,KACANG PANJANG,18000.0
2026-08-14,Pasar Cileunyi,KACANG TANAH KUPAS,40000.0
2026-08-14,Pasar Cileunyi,KANGKUNG,2000.0
2026-08-14,Pasar Cileunyi,KENTANG DIENG,20000.0
2026-08-14,Pasar Cileunyi,KETELA POHON,5000.0
2026-08-14,Pasar Cileunyi,MELON,5000.0
2026-08-14,Pasar Cileunyi,MIE INSTAN INDOMIE,3500.0
2026-08-14,Pasar Cileunyi,MINYAK BIMOLI,
2026-08-14,Pasar Cileunyi,MINYAK CURAH,22000.0
2026-08-14,Pasar Cileunyi,MINYAKITA,20000.0
2026-08-14,Pasar Cileunyi,MINYAK SANIA,
2026-08-14,Pasar Cileunyi,PAKCOY,12000.0
2026-08-14,Pasar Cileunyi,PEPAYA,14000.0
2026-08-14,Pasar Cileunyi,PISANG,8000.0
2026-08-14,Pasar Cileunyi,SAWI PUTIH,6000.0
2026-08-14,Pasar Cileunyi,SAYURAN BUNCIS,26000.0
2026-08-14,Pasar Cileunyi,SAYURAN KENTANG LOKAL,17000.0
2026-08-14,Pasar Cileunyi,SAYURAN KOL/KUBIS,8000.0
2026-08-14,Pasar Cileunyi,SAYURAN TOMAT,8000.0
2026-08-14,Pasar Cileunyi,SAYURAN WORTEL,18000.0
2026-08-14,Pasar Cileunyi,SKM BENDERA,13000.0
2026-08-14,Pasar Cileunyi,SKM CAP ENAK,12000.0
2026-08-14,Pasar Cileunyi,SKM INDOMILK,12500.0
2026-08-14,Pasar Cileunyi,SUSU BALITA (SGM),
2026-08-14,Pasar Cileunyi,SUSU BUBUK DANCOW VANILA,
2026-08-14,Pasar Cileunyi,TAHU,12000.0
2026-08-14,Pasar Cileunyi,TELUR AYAM BROILER,25000.0
2026-08-14,Pasar Cileunyi,TELUR AYAM KAMPUNG,3000.0
2026-08-14,Pasar Cileunyi,TEMPE,13000.0
2026-08-14,Pasar Cileunyi,TERIGU CAKRA KEMBAR,13500.0
2026-08-14,Pasar Cileunyi,TERIGU CURAH,10000.0
2026-08-14,Pasar Cileunyi,TERIGU KUNCI BIRU,11500.0
2026-08-14,Pasar Cileunyi,TERIGU SEGITIGA BIRU,12500.0
2026-08-14,Pasar Cileunyi,TERI KERITING,90000.0
2026-08-14,Pasar Cileunyi,TERI MEDAN,150000.0
2026-08-14,Pasar Cileunyi,TIMUN,12000.0
2026-08-14,Pasar Cileunyi,TOMAT HIJAU,6000.0
2026-08-14,Pasar Cileunyi,UBI JALAR PUTIH,8000.0
2026-08-14,Pasar Cileunyi,UDANG,92000.0
2026-08-14,Pasar Banjaran,BAWANG BOMBAY,32000.0
2026-08-14,Pasar Banjaran,BAWANG DAUN,14000.0
2026-08-14,Pasar Banjaran,BAWANG MERAH,32000.0
2026-08-14,Pasar Banjaran,BAWANG MERAH BATU,28000.0
2026-08-14,Pasar Banjaran,BAWANG PUTIH BIASA,35000.0
2026-08-14,Pasar Banjaran,BAWANG PUTIH KATING,
2026-08-14,Pasar Banjaran,BAWANG SUMENEP,40000.0
2026-08-14,Pasar Banjaran,BAYAM,2000.0
2026-08-14,Pasar Banjaran,BERAS IR. 64,15000.0
2026-08-14,Pasar Banjaran,BERAS MEDIUM,14500.0
2026-08-14,Pasar Banjaran,BERAS PREMIUM,15500.0
2026-08-14,Pasar Banjaran,CABE HIJAU BIASA,28000.0
2026-08-14,Pasar Banjaran,CABE MERAH KERITING,36000.0
2026-08-14,Pasar Banjaran,CABE MERAH TANJUNG,100000.0
2026-08-14,Pasar Banjaran,CABE MERAH TW,
2026-08-14,Pasar Banjaran,CABE RAWIT HIJAU,44000.0
2026-08-14,Pasar Banjaran,CABE RAWIT MERAH,40000.0
2026-08-14,Pasar Banjaran,DAGING AYAM BROILER,42000.0
2026-08-14,Pasar Banjaran,DAGING AYAM KAMPUNG,70000.0
2026-08-14,Pasar Banjaran,DAGING SAPI IMPOR BEKU,120000.0
2026-08-14,Pasar Banjaran,DAGING SAPI LOKAL HAS DALAM,155000.0
2026-08-14,Pasar Banjaran,DAGING SAPI LOKAL HAS LUAR,145000.0
2026-08-14,Pasar Banjaran,DAGING SAPI LOKAL PAHA BELAKANG,145000.0
2026-08-14,Pasar Banjaran,DAGING SAPI LOKAL PAHA DEPAN,143000.0
2026-08-14,Pasar Banjaran,DAGING SAPI LOKAL SANDUNG LAMUR,130000.0
2026-08-14,Pasar Banjaran,DAGING SAPI LOKAL TETELAN,65000.0
2026-08-14,Pasar Banjaran,DAGING SAPI MURNI,145000.0
2026-08-14,Pasar Banjaran,GARAM BATA,20000.0
2026-08-14,Pasar Banjaran,GARAM HALUS YODIUM,3000.0
2026-08-14,Pasar Banjaran,GAS LPG 3 Kg,23000.0
2026-08-14,Pasar Banjaran,GULA MERAH,23000.0
2026-08-14,Pasar Banjaran,GULA PASIR GULA KU,
2026-08-14,Pasar Banjaran,GULA PASIR LOKAL,18500.0
2026-08-14,Pasar Banjaran,IKAN BANDENG,38000.0
2026-08-14,Pasar Banjaran,Ikan Bawal Air Tawar,32000.0
2026-08-14,Pasar Banjaran,Ikan Gurame,50000.0
2026-08-14,Pasar Banjaran,IKAN KEMBUNG,56000.0
2026-08-14,Pasar Banjaran,Ikan Lele,28000.0
2026-08-14,Pasar Banjaran,IKAN MAS,26000.0
2026-08-14,Pasar Banjaran,Ikan Nila,35000.0
2026-08-14,Pasar Banjaran,Ikan Patin,34000.0
2026-08-14,Pasar Banjaran,IKAN TONGKOL,42000.0
2026-08-14,Pasar Banjaran,JAGUNG MANIS,12000.0
2026-08-14,Pasar Banjaran,JAGUNG PIPILAN,20000.0
2026-08-14,Pasar Banjaran,JERUK,22000.0
2026-08-14,Pasar Banjaran,KACANG HIJAU,40000.0
2026-08-14,Pasar Banjaran,KACANG KEDELAI IMPOR,14000.0
2026-08-14,Pasar Banjaran,KACANG KEDELAI LOKAL,
2026-08-14,Pasar Banjaran,KACANG PANJANG,20000.0
2026-08-14,Pasar Banjaran,KACANG TANAH KUPAS,38000.0
2026-08-14,Pasar Banjaran,KANGKUNG,2000.0
2026-08-14,Pasar Banjaran,KENTANG DIENG,20000.0
2026-08-14,Pasar Banjaran,KETELA POHON,5000.0
2026-08-14,Pasar Banjaran,MELON,15000.0
2026-08-14,Pasar Banjaran,MIE INSTAN INDOMIE,3000.0
2026-08-14,Pasar Banjaran,MINYAK BIMOLI,23500.0
2026-08-14,Pasar Banjaran,MINYAK CURAH,22000.0
2026-08-14,Pasar Banjaran,MINYAKITA,21000.0
2026-08-14,Pasar Banjaran,MINYAK SANIA,23500.0
2026-08-14,Pasar Banjaran,PAKCOY,7000.0
2026-08-14,Pasar Banjaran,PEPAYA,14000.0
2026-08-14,Pasar Banjaran,PISANG,7000.0
2026-08-14,Pasar Banjaran,SAWI PUTIH,6000.0
2026-08-14,Pasar Banjaran,SAYURAN BUNCIS,20000.0
2026-08-14,Pasar Banjaran,SAYURAN KENTANG LOKAL,17000.0
2026-08-14,Pasar Banjaran,SAYURAN KOL/KUBIS,7000.0
2026-08-14,Pasar Banjaran,SAYURAN TOMAT,10000.0
2026-08-14,Pasar Banjaran,SAYURAN WORTEL,15000.0
2026-08-14,Pasar Banjaran,SKM BENDERA,12000.0
2026-08-14,Pasar Banjaran,SKM CAP ENAK,11500.0
2026-08-14,Pasar Banjaran,SKM INDOMILK,12500.0
2026-08-14,Pasar Banjaran,SUSU BALITA (SGM),42000.0
2026-08-14,Pasar Banjaran,SUSU BUBUK DANCOW VANILA,48250.0
2026-08-14,Pasar Banjaran,TAHU,7000.0
2026-08-14,Pasar Banjaran,TELUR AYAM BROILER,25000.0
2026-08-14,Pasar Banjaran,TELUR AYAM KAMPUNG,3000.0
2026-08-14,Pasar Banjaran,TEMPE,5000.0
2026-08-14,Pasar Banjaran,TERIGU CAKRA KEMBAR,13000.0
2026-08-14,Pasar Banjaran,TERIGU CURAH,8000.0
2026-08-14,Pasar Banjaran,TERIGU KUNCI BIRU,
2026-08-14,Pasar Banjaran,TERIGU SEGITIGA BIRU,12000.0
2026-08-14,Pasar Banjaran,TERI KERITING,100000.0
2026-08-14,Pasar Banjaran,TERI MEDAN,170000.0
2026-08-14,Pasar Banjaran,TIMUN,14000.0
2026-08-14,Pasar Banjaran,TOMAT HIJAU,6000.0
2026-08-14,Pasar Banjaran,UBI JALAR PUTIH,12000.0
2026-08-14,Pasar Banjaran,UDANG,94000.0
2026-08-14,Pasar Sehat Soreang,BAWANG BOMBAY,35000.0
2026-08-14,Pasar Sehat Soreang,BAWANG DAUN,14000.0
2026-08-14,Pasar Sehat Soreang,BAWANG MERAH,30000.0
2026-08-14,Pasar Sehat Soreang,BAWANG MERAH BATU,30000.0
2026-08-14,Pasar Sehat Soreang,BAWANG PUTIH BIASA,35000.0
2026-08-14,Pasar Sehat Soreang,BAWANG PUTIH KATING,
2026-08-14,Pasar Sehat Soreang,BAWANG SUMENEP,45000.0
2026-08-14,Pasar Sehat Soreang,BAYAM,2000.0
2026-08-14,Pasar Sehat Soreang,BERAS IR. 64,14000.0
2026-08-14,Pasar Sehat Soreang,BERAS MEDIUM,13500.0
2026-08-14,Pasar Sehat Soreang,BERAS PREMIUM,15000.0
2026-08-14,Pasar Sehat Soreang,CABE HIJAU BIASA,24000.0
2026-08-14,Pasar Sehat Soreang,CABE MERAH KERITING,35000.0
2026-08-14,Pasar Sehat Soreang,CABE MERAH TANJUNG,100000.0
2026-08-14,Pasar Sehat Soreang,CABE MERAH TW,90000.0
2026-08-14,Pasar Sehat Soreang,CABE RAWIT HIJAU,50000.0
2026-08-14,Pasar Sehat Soreang,CABE RAWIT MERAH,45000.0
2026-08-14,Pasar Sehat Soreang,DAGING AYAM BROILER,43000.0
2026-08-14,Pasar Sehat Soreang,DAGING AYAM KAMPUNG,70000.0
2026-08-14,Pasar Sehat Soreang,DAGING SAPI IMPOR BEKU,115000.0
2026-08-14,Pasar Sehat Soreang,DAGING SAPI LOKAL HAS DALAM,150000.0
2026-08-14,Pasar Sehat Soreang,DAGING SAPI LOKAL HAS LUAR,140000.0
2026-08-14,Pasar Sehat Soreang,DAGING SAPI LOKAL PAHA BELAKANG,150000.0
2026-08-14,Pasar Sehat Soreang,DAGING SAPI LOKAL PAHA DEPAN,140000.0
2026-08-14,Pasar Sehat Soreang,DAGING SAPI LOKAL SANDUNG LAMUR,120000.0
2026-08-14,Pasar Sehat Soreang,DAGING SAPI LOKAL TETELAN,70000.0
2026-08-14,Pasar Sehat Soreang,DAGING SAPI MURNI,150000.0
2026-08-14,Pasar Sehat Soreang,GARAM BATA,30000.0
2026-08-14,Pasar Sehat Soreang,GARAM HALUS YODIUM,3000.0
2026-08-14,Pasar Sehat Soreang,GAS LPG 3 Kg,21000.0
2026-08-14,Pasar Sehat Soreang,GULA MERAH,24000.0
2026-08-14,Pasar Sehat Soreang,GULA PASIR GULA KU,20000.0
2026-08-14,Pasar Sehat Soreang,GULA PASIR LOKAL,17500.0
2026-08-14,Pasar Sehat Soreang,IKAN BANDENG,40000.0
2026-08-14,Pasar Sehat Soreang,Ikan Bawal Air Tawar,30000.0
2026-08-14,Pasar Sehat Soreang,Ikan Gurame,55000.0
2026-08-14,Pasar Sehat Soreang,IKAN KEMBUNG,50000.0
2026-08-14,Pasar Sehat Soreang,Ikan Lele,32000.0
2026-08-14,Pasar Sehat Soreang,IKAN MAS,30000.0
2026-08-14,Pasar Sehat Soreang,Ikan Nila,35000.0
2026-08-14,Pasar Sehat Soreang,Ikan Patin,30000.0
2026-08-14,Pasar Sehat Soreang,IKAN TONGKOL,44000.0
2026-08-14,Pasar Sehat Soreang,JAGUNG MANIS,15000.0
2026-08-14,Pasar Sehat Soreang,JAGUNG PIPILAN,20000.0
2026-08-14,Pasar Sehat Soreang,JERUK,22000.0
2026-08-14,Pasar Sehat Soreang,KACANG HIJAU,35000.0
2026-08-14,Pasar Sehat Soreang,KACANG KEDELAI IMPOR,12500.0
2026-08-14,Pasar Sehat Soreang,KACANG KEDELAI LOKAL,
2026-08-14,Pasar Sehat Soreang,KACANG PANJANG,24000.0
2026-08-14,Pasar Sehat Soreang,KACANG TANAH KUPAS,40000.0
2026-08-14,Pasar Sehat Soreang,KANGKUNG,2000.0
2026-08-14,Pasar Sehat Soreang,KENTANG DIENG,20000.0
2026-08-14,Pasar Sehat Soreang,KETELA POHON,6000.0
2026-08-14,Pasar Sehat Soreang,MELON,18000.0
2026-08-14,Pasar Sehat Soreang,MIE INSTAN INDOMIE,3000.0
2026-08-14,Pasar Sehat Soreang,MINYAK BIMOLI,22000.0
2026-08-14,Pasar Sehat Soreang,MINYAK CURAH,22000.0
2026-08-14,Pasar Sehat Soreang,MINYAKITA,15700.0
2026-08-14,Pasar Sehat Soreang,MINYAK SANIA,20000.0
2026-08-14,Pasar Sehat Soreang,PAKCOY,10000.0
2026-08-14,Pasar Sehat Soreang,PEPAYA,14000.0
2026-08-14,Pasar Sehat Soreang,PISANG,8000.0
2026-08-14,Pasar Sehat Soreang,SAWI PUTIH,7000.0
2026-08-14,Pasar Sehat Soreang,SAYURAN BUNCIS,20000.0
2026-08-14,Pasar Sehat Soreang,SAYURAN KENTANG LOKAL,15000.0
2026-08-14,Pasar Sehat Soreang,SAYURAN KOL/KUBIS,8000.0
2026-08-14,Pasar Sehat Soreang,SAYURAN TOMAT,8000.0
2026-08-14,Pasar Sehat Soreang,SAYURAN WORTEL,16000.0
2026-08-14,Pasar Sehat Soreang,SKM BENDERA,13000.0
2026-08-14,Pasar Sehat Soreang,SKM CAP ENAK,12000.0
2026-08-14,Pasar Sehat Soreang,SKM INDOMILK,12000.0
2026-08-14,Pasar Sehat Soreang,SUSU BALITA (SGM),42500.0
2026-08-14,Pasar Sehat Soreang,SUSU BUBUK DANCOW VANILA,54600.0
2026-08-14,Pasar Sehat Soreang,TAHU,10000.0
2026-08-14,Pasar Sehat Soreang,TELUR AYAM BROILER,23000.0
2026-08-14,Pasar Sehat Soreang,TELUR AYAM KAMPUNG,3000.0
2026-08-14,Pasar Sehat Soreang,TEMPE,12000.0
2026-08-14,Pasar Sehat Soreang,TERIGU CAKRA KEMBAR,14000.0
2026-08-14,Pasar Sehat Soreang,TERIGU CURAH,10000.0
2026-08-14,Pasar Sehat Soreang,TERIGU KUNCI BIRU,12000.0
2026-08-14,Pasar Sehat Soreang,TERIGU SEGITIGA BIRU,13000.0
2026-08-14,Pasar Sehat Soreang,TERI KERITING,80000.0
2026-08-14,Pasar Sehat Soreang,TERI MEDAN,170000.0
2026-08-14,Pasar Sehat Soreang,TIMUN,10000.0
2026-08-14,Pasar Sehat Soreang,TOMAT HIJAU,6000.0
2026-08-14,Pasar Sehat Soreang,UBI JALAR PUTIH,7000.0
2026-08-14,Pasar Sehat Soreang,UDANG,100000.0
2026-08-15,Pasar Margahayu,BAWANG BOMBAY,36000.0
2026-08-15,Pasar Margahayu,BAWANG DAUN,16000.0
2026-08-15,Pasar Margahayu,BAWANG MERAH,36000.0
2026-08-15,Pasar Margahayu,BAWANG MERAH BATU,
2026-08-15,Pasar Margahayu,BAWANG PUTIH BIASA,32000.0
2026-08-15,Pasar Margahayu,BAWANG PUTIH KATING,40000.0
2026-08-15,Pasar Margahayu,BAWANG SUMENEP,50000.0
2026-08-15,Pasar Margahayu,BAYAM,2500.0
2026-08-15,Pasar Margahayu,BERAS IR. 64,15000.0
2026-08-15,Pasar Margahayu,BERAS MEDIUM,14000.0
2026-08-15,Pasar Margahayu,BERAS PREMIUM,15500.0
2026-08-15,Pasar Margahayu,CABE HIJAU BIASA,40000.0
2026-08-15,Pasar Margahayu,CABE MERAH KERITING,50000.0
2026-08-15,Pasar Margahayu,CABE MERAH TANJUNG,100000.0
2026-08-15,Pasar Margahayu,CABE MERAH TW,50000.0
2026-08-15,Pasar Margahayu,CABE RAWIT HIJAU,60000.0
2026-08-15,Pasar Margahayu,CABE RAWIT MERAH,60000.0
2026-08-15,Pasar Margahayu,DAGING AYAM BROILER,44000.0
2026-08-15,Pasar Margahayu,DAGING AYAM KAMPUNG,
2026-08-15,Pasar Margahayu,DAGING SAPI IMPOR BEKU,
2026-08-15,Pasar Margahayu,DAGING SAPI LOKAL HAS DALAM,
2026-08-15,Pasar Margahayu,DAGING SAPI LOKAL HAS LUAR,140000.0
2026-08-15,Pasar Margahayu,DAGING SAPI LOKAL PAHA BELAKANG,140000.0
2026-08-15,Pasar Margahayu,DAGING SAPI LOKAL PAHA DEPAN,140000.0
2026-08-15,Pasar Margahayu,DAGING SAPI LOKAL SANDUNG LAMUR,130000.0
2026-08-15,Pasar Margahayu,DAGING SAPI LOKAL TETELAN,80000.0
2026-08-15,Pasar Margahayu,DAGING SAPI MURNI,140000.0
2026-08-15,Pasar Margahayu,GARAM BATA,35000.0
2026-08-15,Pasar Margahayu,GARAM HALUS YODIUM,2500.0
2026-08-15,Pasar Margahayu,GAS LPG 3 Kg,22000.0
2026-08-15,Pasar Margahayu,GULA MERAH,26000.0
2026-08-15,Pasar Margahayu,GULA PASIR GULA KU,19000.0
2026-08-15,Pasar Margahayu,GULA PASIR LOKAL,18000.0
2026-08-15,Pasar Margahayu,IKAN BANDENG,38000.0
2026-08-15,Pasar Margahayu,Ikan Bawal Air Tawar,30000.0
2026-08-15,Pasar Margahayu,Ikan Gurame,50000.0
2026-08-15,Pasar Margahayu,IKAN KEMBUNG,50000.0
2026-08-15,Pasar Margahayu,Ikan Lele,32000.0
2026-08-15,Pasar Margahayu,IKAN MAS,30000.0
2026-08-15,Pasar Margahayu,Ikan Nila,40000.0
2026-08-15,Pasar Margahayu,Ikan Patin,32000.0
2026-08-15,Pasar Margahayu,IKAN TONGKOL,46000.0
2026-08-15,Pasar Margahayu,JAGUNG MANIS,18000.0
2026-08-15,Pasar Margahayu,JAGUNG PIPILAN,20000.0
2026-08-15,Pasar Margahayu,JERUK,25000.0
2026-08-15,Pasar Margahayu,KACANG HIJAU,28000.0
2026-08-15,Pasar Margahayu,KACANG KEDELAI IMPOR,
2026-08-15,Pasar Margahayu,KACANG KEDELAI LOKAL,15000.0
2026-08-15,Pasar Margahayu,KACANG PANJANG,26000.0
2026-08-15,Pasar Margahayu,KACANG TANAH KUPAS,38000.0
2026-08-15,Pasar Margahayu,KANGKUNG,2000.0
2026-08-15,Pasar Margahayu,KENTANG DIENG,20000.0
2026-08-15,Pasar Margahayu,KETELA POHON,6000.0
2026-08-15,Pasar Margahayu,MELON,18000.0
2026-08-15,Pasar Margahayu,MIE INSTAN INDOMIE,3000.0
2026-08-15,Pasar Margahayu,MINYAK BIMOLI,
2026-08-15,Pasar Margahayu,MINYAK CURAH,21500.0
2026-08-15,Pasar Margahayu,MINYAKITA,20000.0
2026-08-15,Pasar Margahayu,MINYAK SANIA,
2026-08-15,Pasar Margahayu,PAKCOY,12000.0
2026-08-15,Pasar Margahayu,PEPAYA,16000.0
2026-08-15,Pasar Margahayu,PISANG,8000.0
2026-08-15,Pasar Margahayu,SAWI PUTIH,10000.0
2026-08-15,Pasar Margahayu,SAYURAN BUNCIS,30000.0
2026-08-15,Pasar Margahayu,SAYURAN KENTANG LOKAL,15000.0
2026-08-15,Pasar Margahayu,SAYURAN KOL/KUBIS,8000.0
2026-08-15,Pasar Margahayu,SAYURAN TOMAT,12000.0
2026-08-15,Pasar Margahayu,SAYURAN WORTEL,20000.0
2026-08-15,Pasar Margahayu,SKM BENDERA,13000.0
2026-08-15,Pasar Margahayu,SKM CAP ENAK,11500.0
2026-08-15,Pasar Margahayu,SKM INDOMILK,12000.0
2026-08-15,Pasar Margahayu,SUSU BALITA (SGM),42500.0
2026-08-15,Pasar Margahayu,SUSU BUBUK DANCOW VANILA,
2026-08-15,Pasar Margahayu,TAHU,10000.0
2026-08-15,Pasar Margahayu,TELUR AYAM BROILER,23000.0
2026-08-15,Pasar Margahayu,TELUR AYAM KAMPUNG,3000.0
2026-08-15,Pasar Margahayu,TEMPE,17000.0
2026-08-15,Pasar Margahayu,TERIGU CAKRA KEMBAR,15000.0
2026-08-15,Pasar Margahayu,TERIGU CURAH,10000.0
2026-08-15,Pasar Margahayu,TERIGU KUNCI BIRU,14000.0
2026-08-15,Pasar Margahayu,TERIGU SEGITIGA BIRU,13000.0
2026-08-15,Pasar Margahayu,TERI KERITING,70000.0
2026-08-15,Pasar Margahayu,TERI MEDAN,160000.0
2026-08-15,Pasar Margahayu,TIMUN,14000.0
2026-08-15,Pasar Margahayu,TOMAT HIJAU,8000.0
2026-08-15,Pasar Margahayu,UBI JALAR PUTIH,8000.0
2026-08-15,Pasar Margahayu,UDANG,68000.0
2026-08-15,Pasar Ciwidey,BAWANG BOMBAY,36000.0
2026-08-15,Pasar Ciwidey,BAWANG DAUN,14000.0
2026-08-15,Pasar Ciwidey,BAWANG MERAH,40000.0
2026-08-15,Pasar Ciwidey,BAWANG MERAH BATU,30000.0
2026-08-15,Pasar Ciwidey,BAWANG PUTIH BIASA,36000.0
2026-08-15,Pasar Ciwidey,BAWANG PUTIH KATING,
2026-08-15,Pasar Ciwidey,BAWANG SUMENEP,60000.0
2026-08-15,Pasar Ciwidey,BAYAM,2000.0
2026-08-15,Pasar Ciwidey,BERAS IR. 64,15000.0
2026-08-15,Pasar Ciwidey,BERAS MEDIUM,14500.0
2026-08-15,Pasar Ciwidey,BERAS PREMIUM,16000.0
2026-08-15,Pasar Ciwidey,CABE HIJAU BIASA,20000.0
2026-08-15,Pasar Ciwidey,CABE MERAH KERITING,40000.0
2026-08-15,Pasar Ciwidey,CABE MERAH TANJUNG,95000.0
2026-08-15,Pasar Ciwidey,CABE MERAH TW,80000.0
2026-08-15,Pasar Ciwidey,CABE RAWIT HIJAU,55000.0
2026-08-15,Pasar Ciwidey,CABE RAWIT MERAH,40000.0
2026-08-15,Pasar Ciwidey,DAGING AYAM BROILER,42000.0
2026-08-15,Pasar Ciwidey,DAGING AYAM KAMPUNG,70000.0
2026-08-15,Pasar Ciwidey,DAGING SAPI IMPOR BEKU,110000.0
2026-08-15,Pasar Ciwidey,DAGING SAPI LOKAL HAS DALAM,145000.0
2026-08-15,Pasar Ciwidey,DAGING SAPI LOKAL HAS LUAR,140000.0
2026-08-15,Pasar Ciwidey,DAGING SAPI LOKAL PAHA BELAKANG,145000.0
2026-08-15,Pasar Ciwidey,DAGING SAPI LOKAL PAHA DEPAN,140000.0
2026-08-15,Pasar Ciwidey,DAGING SAPI LOKAL SANDUNG LAMUR,125000.0
2026-08-15,Pasar Ciwidey,DAGING SAPI LOKAL TETELAN,70000.0
2026-08-15,Pasar Ciwidey,DAGING SAPI MURNI,145000.0
2026-08-15,Pasar Ciwidey,GARAM BATA,16000.0
2026-08-15,Pasar Ciwidey,GARAM HALUS YODIUM,3000.0
2026-08-15,Pasar Ciwidey,GAS LPG 3 Kg,23000.0
2026-08-15,Pasar Ciwidey,GULA MERAH,24000.0
2026-08-15,Pasar Ciwidey,GULA PASIR GULA KU,20000.0
2026-08-15,Pasar Ciwidey,GULA PASIR LOKAL,18000.0
2026-08-15,Pasar Ciwidey,IKAN BANDENG,45000.0
2026-08-15,Pasar Ciwidey,Ikan Bawal Air Tawar,32000.0
2026-08-15,Pasar Ciwidey,Ikan Gurame,60000.0
2026-08-15,Pasar Ciwidey,IKAN KEMBUNG,50000.0
2026-08-15,Pasar Ciwidey,Ikan Lele,35000.0
2026-08-15,Pasar Ciwidey,IKAN MAS,30000.0
2026-08-15,Pasar Ciwidey,Ikan Nila,32000.0
2026-08-15,Pasar Ciwidey,Ikan Patin,32000.0
2026-08-15,Pasar Ciwidey,IKAN TONGKOL,48000.0
2026-08-15,Pasar Ciwidey,JAGUNG MANIS,13000.0
2026-08-15,Pasar Ciwidey,JAGUNG PIPILAN,20000.0
2026-08-15,Pasar Ciwidey,JERUK,20000.0
2026-08-15,Pasar Ciwidey,KACANG HIJAU,36000.0
2026-08-15,Pasar Ciwidey,KACANG KEDELAI IMPOR,16000.0
2026-08-15,Pasar Ciwidey,KACANG KEDELAI LOKAL,
2026-08-15,Pasar Ciwidey,KACANG PANJANG,20000.0
2026-08-15,Pasar Ciwidey,KACANG TANAH KUPAS,38000.0
2026-08-15,Pasar Ciwidey,KANGKUNG,2000.0
2026-08-15,Pasar Ciwidey,KENTANG DIENG,20000.0
2026-08-15,Pasar Ciwidey,KETELA POHON,5000.0
2026-08-15,Pasar Ciwidey,MELON,13000.0
2026-08-15,Pasar Ciwidey,MIE INSTAN INDOMIE,3500.0
2026-08-15,Pasar Ciwidey,MINYAK BIMOLI,22500.0
2026-08-15,Pasar Ciwidey,MINYAK CURAH,21500.0
2026-08-15,Pasar Ciwidey,MINYAKITA,20000.0
2026-08-15,Pasar Ciwidey,MINYAK SANIA,22000.0
2026-08-15,Pasar Ciwidey,PAKCOY,8000.0
2026-08-15,Pasar Ciwidey,PEPAYA,15000.0
2026-08-15,Pasar Ciwidey,PISANG,8000.0
2026-08-15,Pasar Ciwidey,SAWI PUTIH,8000.0
2026-08-15,Pasar Ciwidey,SAYURAN BUNCIS,23000.0
2026-08-15,Pasar Ciwidey,SAYURAN KENTANG LOKAL,18000.0
2026-08-15,Pasar Ciwidey,SAYURAN KOL/KUBIS,7000.0
2026-08-15,Pasar Ciwidey,SAYURAN TOMAT,8000.0
2026-08-15,Pasar Ciwidey,SAYURAN WORTEL,20000.0
2026-08-15,Pasar Ciwidey,SKM BENDERA,13000.0
2026-08-15,Pasar Ciwidey,SKM CAP ENAK,12000.0
2026-08-15,Pasar Ciwidey,SKM INDOMILK,12500.0
2026-08-15,Pasar Ciwidey,SUSU BALITA (SGM),48000.0
2026-08-15,Pasar Ciwidey,SUSU BUBUK DANCOW VANILA,
2026-08-15,Pasar Ciwidey,TAHU,12000.0
2026-08-15,Pasar Ciwidey,TELUR AYAM BROILER,24000.0
2026-08-15,Pasar Ciwidey,TELUR AYAM KAMPUNG,3500.0
2026-08-15,Pasar Ciwidey,TEMPE,13000.0
2026-08-15,Pasar Ciwidey,TERIGU CAKRA KEMBAR,14000.0
2026-08-15,Pasar Ciwidey,TERIGU CURAH,10000.0
2026-08-15,Pasar Ciwidey,TERIGU KUNCI BIRU,
2026-08-15,Pasar Ciwidey,TERIGU SEGITIGA BIRU,13000.0
2026-08-15,Pasar Ciwidey,TERI KERITING,85000.0
2026-08-15,Pasar Ciwidey,TERI MEDAN,160000.0
2026-08-15,Pasar Ciwidey,TIMUN,10000.0
2026-08-15,Pasar Ciwidey,TOMAT HIJAU,6000.0
2026-08-15,Pasar Ciwidey,UBI JALAR PUTIH,9000.0
2026-08-15,Pasar Ciwidey,UDANG,95000.0
2026-08-15,Pasar Baleendah,BAWANG BOMBAY,35000.0
2026-08-15,Pasar Baleendah,BAWANG DAUN,15000.0
2026-08-15,Pasar Baleendah,BAWANG MERAH,32000.0
2026-08-15,Pasar Baleendah,BAWANG MERAH BATU,28000.0
2026-08-15,Pasar Baleendah,BAWANG PUTIH BIASA,35000.0
2026-08-15,Pasar Baleendah,BAWANG PUTIH KATING,
2026-08-15,Pasar Baleendah,BAWANG SUMENEP,40000.0
2026-08-15,Pasar Baleendah,BAYAM,2500.0
2026-08-15,Pasar Baleendah,BERAS IR. 64,15000.0
2026-08-15,Pasar Baleendah,BERAS MEDIUM,14000.0
2026-08-15,Pasar Baleendah,BERAS PREMIUM,16000.0
2026-08-15,Pasar Baleendah,CABE HIJAU BIASA,32000.0
2026-08-15,Pasar Baleendah,CABE MERAH KERITING,40000.0
2026-08-15,Pasar Baleendah,CABE MERAH TANJUNG,100000.0
2026-08-15,Pasar Baleendah,CABE MERAH TW,
2026-08-15,Pasar Baleendah,CABE RAWIT HIJAU,45000.0
2026-08-15,Pasar Baleendah,CABE RAWIT MERAH,45000.0
2026-08-15,Pasar Baleendah,DAGING AYAM BROILER,41000.0
2026-08-15,Pasar Baleendah,DAGING AYAM KAMPUNG,70000.0
2026-08-15,Pasar Baleendah,DAGING SAPI IMPOR BEKU,120000.0
2026-08-15,Pasar Baleendah,DAGING SAPI LOKAL HAS DALAM,150000.0
2026-08-15,Pasar Baleendah,DAGING SAPI LOKAL HAS LUAR,140000.0
2026-08-15,Pasar Baleendah,DAGING SAPI LOKAL PAHA BELAKANG,140000.0
2026-08-15,Pasar Baleendah,DAGING SAPI LOKAL PAHA DEPAN,140000.0
2026-08-15,Pasar Baleendah,DAGING SAPI LOKAL SANDUNG LAMUR,120000.0
2026-08-15,Pasar Baleendah,DAGING SAPI LOKAL TETELAN,70000.0
2026-08-15,Pasar Baleendah,DAGING SAPI MURNI,140000.0
2026-08-15,Pasar Baleendah,GARAM BATA,16000.0
2026-08-15,Pasar Baleendah,GARAM HALUS YODIUM,2500.0
2026-08-15,Pasar Baleendah,GAS LPG 3 Kg,23000.0
2026-08-15,Pasar Baleendah,GULA MERAH,23000.0
2026-08-15,Pasar Baleendah,GULA PASIR GULA KU,20000.0
2026-08-15,Pasar Baleendah,GULA PASIR LOKAL,19000.0
2026-08-15,Pasar Baleendah,IKAN BANDENG,45000.0
2026-08-15,Pasar Baleendah,Ikan Bawal Air Tawar,30000.0
2026-08-15,Pasar Baleendah,Ikan Gurame,55000.0
2026-08-15,Pasar Baleendah,IKAN KEMBUNG,55000.0
2026-08-15,Pasar Baleendah,Ikan Lele,31000.0
2026-08-15,Pasar Baleendah,IKAN MAS,27000.0
2026-08-15,Pasar Baleendah,Ikan Nila,35000.0
2026-08-15,Pasar Baleendah,Ikan Patin,30000.0
2026-08-15,Pasar Baleendah,IKAN TONGKOL,45000.0
2026-08-15,Pasar Baleendah,JAGUNG MANIS,14000.0
2026-08-15,Pasar Baleendah,JAGUNG PIPILAN,20000.0
2026-08-15,Pasar Baleendah,JERUK,20000.0
2026-08-15,Pasar Baleendah,KACANG HIJAU,32000.0
2026-08-15,Pasar Baleendah,KACANG KEDELAI IMPOR,15000.0
2026-08-15,Pasar Baleendah,KACANG KEDELAI LOKAL,14000.0
2026-08-15,Pasar Baleendah,KACANG PANJANG,20000.0
2026-08-15,Pasar Baleendah,KACANG TANAH KUPAS,38000.0
2026-08-15,Pasar Baleendah,KANGKUNG,1000.0
2026-08-15,Pasar Baleendah,KENTANG DIENG,18000.0
2026-08-15,Pasar Baleendah,KETELA POHON,5000.0
2026-08-15,Pasar Baleendah,MELON,18000.0
2026-08-15,Pasar Baleendah,MIE INSTAN INDOMIE,3000.0
2026-08-15,Pasar Baleendah,MINYAK BIMOLI,
2026-08-15,Pasar Baleendah,MINYAK CURAH,21500.0
2026-08-15,Pasar Baleendah,MINYAKITA,21000.0
2026-08-15,Pasar Baleendah,MINYAK SANIA,22000.0
2026-08-15,Pasar Baleendah,PAKCOY,10000.0
2026-08-15,Pasar Baleendah,PEPAYA,14000.0
2026-08-15,Pasar Baleendah,PISANG,6500.0
2026-08-15,Pasar Baleendah,SAWI PUTIH,7000.0
2026-08-15,Pasar Baleendah,SAYURAN BUNCIS,24000.0
2026-08-15,Pasar Baleendah,SAYURAN KENTANG LOKAL,15000.0
2026-08-15,Pasar Baleendah,SAYURAN KOL/KUBIS,7000.0
2026-08-15,Pasar Baleendah,SAYURAN TOMAT,8000.0
2026-08-15,Pasar Baleendah,SAYURAN WORTEL,16000.0
2026-08-15,Pasar Baleendah,SKM BENDERA,12500.0
2026-08-15,Pasar Baleendah,SKM CAP ENAK,10000.0
2026-08-15,Pasar Baleendah,SKM INDOMILK,11500.0
2026-08-15,Pasar Baleendah,SUSU BALITA (SGM),41600.0
2026-08-15,Pasar Baleendah,SUSU BUBUK DANCOW VANILA,50100.0
2026-08-15,Pasar Baleendah,TAHU,12000.0
2026-08-15,Pasar Baleendah,TELUR AYAM BROILER,25000.0
2026-08-15,Pasar Baleendah,TELUR AYAM KAMPUNG,3000.0
2026-08-15,Pasar Baleendah,TEMPE,12000.0
2026-08-15,Pasar Baleendah,TERIGU CAKRA KEMBAR,11500.0
2026-08-15,Pasar Baleendah,TERIGU CURAH,10000.0
2026-08-15,Pasar Baleendah,TERIGU KUNCI BIRU,11000.0
2026-08-15,Pasar Baleendah,TERIGU SEGITIGA BIRU,11000.0
2026-08-15,Pasar Baleendah,TERI KERITING,80000.0
2026-08-15,Pasar Baleendah,TERI MEDAN,140000.0
2026-08-15,Pasar Baleendah,TIMUN,12000.0
2026-08-15,Pasar Baleendah,TOMAT HIJAU,8000.0
2026-08-15,Pasar Baleendah,UBI JALAR PUTIH,8000.0
2026-08-15,Pasar Baleendah,UDANG,70000.0
2026-08-15,Pasar Stasiun Majalaya,BAWANG BOMBAY,38000.0
2026-08-15,Pasar Stasiun Majalaya,BAWANG DAUN,14000.0
2026-08-15,Pasar Stasiun Majalaya,BAWANG MERAH,36000.0
2026-08-15,Pasar Stasiun Majalaya,BAWANG MERAH BATU,32000.0
2026-08-15,Pasar Stasiun Majalaya,BAWANG PUTIH BIASA,36000.0
2026-08-15,Pasar Stasiun Majalaya,BAWANG PUTIH KATING,
2026-08-15,Pasar Stasiun Majalaya,BAWANG SUMENEP,50000.0
2026-08-15,Pasar Stasiun Majalaya,BAYAM,3000.0
2026-08-15,Pasar Stasiun Majalaya,BERAS IR. 64,
2026-08-15,Pasar Stasiun Majalaya,BERAS MEDIUM,15000.0
2026-08-15,Pasar Stasiun Majalaya,BERAS PREMIUM,16000.0
2026-08-15,Pasar Stasiun Majalaya,CABE HIJAU BIASA,24000.0
2026-08-15,Pasar Stasiun Majalaya,CABE MERAH KERITING,40000.0
2026-08-15,Pasar Stasiun Majalaya,CABE MERAH TANJUNG,100000.0
2026-08-15,Pasar Stasiun Majalaya,CABE MERAH TW,
2026-08-15,Pasar Stasiun Majalaya,CABE RAWIT HIJAU,50000.0
2026-08-15,Pasar Stasiun Majalaya,CABE RAWIT MERAH,45000.0
2026-08-15,Pasar Stasiun Majalaya,DAGING AYAM BROILER,44000.0
2026-08-15,Pasar Stasiun Majalaya,DAGING AYAM KAMPUNG,80000.0
2026-08-15,Pasar Stasiun Majalaya,DAGING SAPI IMPOR BEKU,130000.0
2026-08-15,Pasar Stasiun Majalaya,DAGING SAPI LOKAL HAS DALAM,150000.0
2026-08-15,Pasar Stasiun Majalaya,DAGING SAPI LOKAL HAS LUAR,140000.0
2026-08-15,Pasar Stasiun Majalaya,DAGING SAPI LOKAL PAHA BELAKANG,140000.0
2026-08-15,Pasar Stasiun Majalaya,DAGING SAPI LOKAL PAHA DEPAN,140000.0
2026-08-15,Pasar Stasiun Majalaya,DAGING SAPI LOKAL SANDUNG LAMUR,135000.0
2026-08-15,Pasar Stasiun Majalaya,DAGING SAPI LOKAL TETELAN,70000.0
2026-08-15,Pasar Stasiun Majalaya,DAGING SAPI MURNI,155000.0
2026-08-15,Pasar Stasiun Majalaya,GARAM BATA,18000.0
2026-08-15,Pasar Stasiun Majalaya,GARAM HALUS YODIUM,2500.0
2026-08-15,Pasar Stasiun Majalaya,GAS LPG 3 Kg,22000.0
2026-08-15,Pasar Stasiun Majalaya,GULA MERAH,24000.0
2026-08-15,Pasar Stasiun Majalaya,GULA PASIR GULA KU,
2026-08-15,Pasar Stasiun Majalaya,GULA PASIR LOKAL,19000.0
2026-08-15,Pasar Stasiun Majalaya,IKAN BANDENG,40000.0
2026-08-15,Pasar Stasiun Majalaya,Ikan Bawal Air Tawar,34000.0
2026-08-15,Pasar Stasiun Majalaya,Ikan Gurame,55000.0
2026-08-15,Pasar Stasiun Majalaya,IKAN KEMBUNG,50000.0
2026-08-15,Pasar Stasiun Majalaya,Ikan Lele,30000.0
2026-08-15,Pasar Stasiun Majalaya,IKAN MAS,32000.0
2026-08-15,Pasar Stasiun Majalaya,Ikan Nila,36000.0
2026-08-15,Pasar Stasiun Majalaya,Ikan Patin,32000.0
2026-08-15,Pasar Stasiun Majalaya,IKAN TONGKOL,44000.0
2026-08-15,Pasar Stasiun Majalaya,JAGUNG MANIS,10000.0
2026-08-15,Pasar Stasiun Majalaya,JAGUNG PIPILAN,
2026-08-15,Pasar Stasiun Majalaya,JERUK,30000.0
2026-08-15,Pasar Stasiun Majalaya,KACANG HIJAU,38000.0
2026-08-15,Pasar Stasiun Majalaya,KACANG KEDELAI IMPOR,16000.0
2026-08-15,Pasar Stasiun Majalaya,KACANG KEDELAI LOKAL,14000.0
2026-08-15,Pasar Stasiun Majalaya,KACANG PANJANG,16000.0
2026-08-15,Pasar Stasiun Majalaya,KACANG TANAH KUPAS,40000.0
2026-08-15,Pasar Stasiun Majalaya,KANGKUNG,3000.0
2026-08-15,Pasar Stasiun Majalaya,KENTANG DIENG,20000.0
2026-08-15,Pasar Stasiun Majalaya,KETELA POHON,4000.0
2026-08-15,Pasar Stasiun Majalaya,MELON,20000.0
2026-08-15,Pasar Stasiun Majalaya,MIE INSTAN INDOMIE,3000.0
2026-08-15,Pasar Stasiun Majalaya,MINYAK BIMOLI,
2026-08-15,Pasar Stasiun Majalaya,MINYAK CURAH,22000.0
2026-08-15,Pasar Stasiun Majalaya,MINYAKITA,21000.0
2026-08-15,Pasar Stasiun Majalaya,MINYAK SANIA,
2026-08-15,Pasar Stasiun Majalaya,PAKCOY,10000.0
2026-08-15,Pasar Stasiun Majalaya,PEPAYA,15000.0
2026-08-15,Pasar Stasiun Majalaya,PISANG,8000.0
2026-08-15,Pasar Stasiun Majalaya,SAWI PUTIH,8000.0
2026-08-15,Pasar Stasiun Majalaya,SAYURAN BUNCIS,24000.0
2026-08-15,Pasar Stasiun Majalaya,SAYURAN KENTANG LOKAL,15000.0
2026-08-15,Pasar Stasiun Majalaya,SAYURAN KOL/KUBIS,7000.0
2026-08-15,Pasar Stasiun Majalaya,SAYURAN TOMAT,8000.0
2026-08-15,Pasar Stasiun Majalaya,SAYURAN WORTEL,16000.0
2026-08-15,Pasar Stasiun Majalaya,SKM BENDERA,13000.0
2026-08-15,Pasar Stasiun Majalaya,SKM CAP ENAK,11500.0
2026-08-15,Pasar Stasiun Majalaya,SKM INDOMILK,12500.0
2026-08-15,Pasar Stasiun Majalaya,SUSU BALITA (SGM),
2026-08-15,Pasar Stasiun Majalaya,SUSU BUBUK DANCOW VANILA,
2026-08-15,Pasar Stasiun Majalaya,TAHU,12000.0
2026-08-15,Pasar Stasiun Majalaya,TELUR AYAM BROILER,26000.0
2026-08-15,Pasar Stasiun Majalaya,TELUR AYAM KAMPUNG,4000.0
2026-08-15,Pasar Stasiun Majalaya,TEMPE,14000.0
2026-08-15,Pasar Stasiun Majalaya,TERIGU CAKRA KEMBAR,14000.0
2026-08-15,Pasar Stasiun Majalaya,TERIGU CURAH,10000.0
2026-08-15,Pasar Stasiun Majalaya,TERIGU KUNCI BIRU,12000.0
2026-08-15,Pasar Stasiun Majalaya,TERIGU SEGITIGA BIRU,13000.0
2026-08-15,Pasar Stasiun Majalaya,TERI KERITING,100000.0
2026-08-15,Pasar Stasiun Majalaya,TERI MEDAN,160000.0
2026-08-15,Pasar Stasiun Majalaya,TIMUN,15000.0
2026-08-15,Pasar Stasiun Majalaya,TOMAT HIJAU,7000.0
2026-08-15,Pasar Stasiun Majalaya,UBI JALAR PUTIH,8000.0
2026-08-15,Pasar Stasiun Majalaya,UDANG,100000.0
2026-08-15,Pasar Baru Majalaya,BAWANG BOMBAY,38000.0
2026-08-15,Pasar Baru Majalaya,BAWANG DAUN,14000.0
2026-08-15,Pasar Baru Majalaya,BAWANG MERAH,36000.0
2026-08-15,Pasar Baru Majalaya,BAWANG MERAH BATU,28000.0
2026-08-15,Pasar Baru Majalaya,BAWANG PUTIH BIASA,32000.0
2026-08-15,Pasar Baru Majalaya,BAWANG PUTIH KATING,
2026-08-15,Pasar Baru Majalaya,BAWANG SUMENEP,48000.0
2026-08-15,Pasar Baru Majalaya,BAYAM,3000.0
2026-08-15,Pasar Baru Majalaya,BERAS IR. 64,15000.0
2026-08-15,Pasar Baru Majalaya,BERAS MEDIUM,14500.0
2026-08-15,Pasar Baru Majalaya,BERAS PREMIUM,16000.0
2026-08-15,Pasar Baru Majalaya,CABE HIJAU BIASA,34000.0
2026-08-15,Pasar Baru Majalaya,CABE MERAH KERITING,45000.0
2026-08-15,Pasar Baru Majalaya,CABE MERAH TANJUNG,100000.0
2026-08-15,Pasar Baru Majalaya,CABE MERAH TW,
2026-08-15,Pasar Baru Majalaya,CABE RAWIT HIJAU,50000.0
2026-08-15,Pasar Baru Majalaya,CABE RAWIT MERAH,50000.0
2026-08-15,Pasar Baru Majalaya,DAGING AYAM BROILER,43000.0
2026-08-15,Pasar Baru Majalaya,DAGING AYAM KAMPUNG,
2026-08-15,Pasar Baru Majalaya,DAGING SAPI IMPOR BEKU,130000.0
2026-08-15,Pasar Baru Majalaya,DAGING SAPI LOKAL HAS DALAM,140000.0
2026-08-15,Pasar Baru Majalaya,DAGING SAPI LOKAL HAS LUAR,130000.0
2026-08-15,Pasar Baru Majalaya,DAGING SAPI LOKAL PAHA BELAKANG,135000.0
2026-08-15,Pasar Baru Majalaya,DAGING SAPI LOKAL PAHA DEPAN,140000.0
2026-08-15,Pasar Baru Majalaya,DAGING SAPI LOKAL SANDUNG LAMUR,130000.0
2026-08-15,Pasar Baru Majalaya,DAGING SAPI LOKAL TETELAN,70000.0
2026-08-15,Pasar Baru Majalaya,DAGING SAPI MURNI,150000.0
2026-08-15,Pasar Baru Majalaya,GARAM BATA,16000.0
2026-08-15,Pasar Baru Majalaya,GARAM HALUS YODIUM,2000.0
2026-08-15,Pasar Baru Majalaya,GAS LPG 3 Kg,22000.0
2026-08-15,Pasar Baru Majalaya,GULA MERAH,24000.0
2026-08-15,Pasar Baru Majalaya,GULA PASIR GULA KU,20000.0
2026-08-15,Pasar Baru Majalaya,GULA PASIR LOKAL,19000.0
2026-08-15,Pasar Baru Majalaya,IKAN BANDENG,40000.0
2026-08-15,Pasar Baru Majalaya,Ikan Bawal Air Tawar,32000.0
2026-08-15,Pasar Baru Majalaya,Ikan Gurame,50000.0
2026-08-15,Pasar Baru Majalaya,IKAN KEMBUNG,48000.0
2026-08-15,Pasar Baru Majalaya,Ikan Lele,30000.0
2026-08-15,Pasar Baru Majalaya,IKAN MAS,30000.0
2026-08-15,Pasar Baru Majalaya,Ikan Nila,34000.0
2026-08-15,Pasar Baru Majalaya,Ikan Patin,33000.0
2026-08-15,Pasar Baru Majalaya,IKAN TONGKOL,42000.0
2026-08-15,Pasar Baru Majalaya,JAGUNG MANIS,10000.0
2026-08-15,Pasar Baru Majalaya,JAGUNG PIPILAN,
2026-08-15,Pasar Baru Majalaya,JERUK,35000.0
2026-08-15,Pasar Baru Majalaya,KACANG HIJAU,38000.0
2026-08-15,Pasar Baru Majalaya,KACANG KEDELAI IMPOR,25000.0
2026-08-15,Pasar Baru Majalaya,KACANG KEDELAI LOKAL,
2026-08-15,Pasar Baru Majalaya,KACANG PANJANG,14000.0
2026-08-15,Pasar Baru Majalaya,KACANG TANAH KUPAS,38000.0
2026-08-15,Pasar Baru Majalaya,KANGKUNG,3000.0
2026-08-15,Pasar Baru Majalaya,KENTANG DIENG,18000.0
2026-08-15,Pasar Baru Majalaya,KETELA POHON,6000.0
2026-08-15,Pasar Baru Majalaya,MELON,20000.0
2026-08-15,Pasar Baru Majalaya,MIE INSTAN INDOMIE,3000.0
2026-08-15,Pasar Baru Majalaya,MINYAK BIMOLI,
2026-08-15,Pasar Baru Majalaya,MINYAK CURAH,22000.0
2026-08-15,Pasar Baru Majalaya,MINYAKITA,21000.0
2026-08-15,Pasar Baru Majalaya,MINYAK SANIA,
2026-08-15,Pasar Baru Majalaya,PAKCOY,10000.0
2026-08-15,Pasar Baru Majalaya,PEPAYA,15000.0
2026-08-15,Pasar Baru Majalaya,PISANG,7000.0
2026-08-15,Pasar Baru Majalaya,SAWI PUTIH,8000.0
2026-08-15,Pasar Baru Majalaya,SAYURAN BUNCIS,28000.0
2026-08-15,Pasar Baru Majalaya,SAYURAN KENTANG LOKAL,14000.0
2026-08-15,Pasar Baru Majalaya,SAYURAN KOL/KUBIS,7000.0
2026-08-15,Pasar Baru Majalaya,SAYURAN TOMAT,8000.0
2026-08-15,Pasar Baru Majalaya,SAYURAN WORTEL,18000.0
2026-08-15,Pasar Baru Majalaya,SKM BENDERA,13000.0
2026-08-15,Pasar Baru Majalaya,SKM CAP ENAK,11500.0
2026-08-15,Pasar Baru Majalaya,SKM INDOMILK,12500.0
2026-08-15,Pasar Baru Majalaya,SUSU BALITA (SGM),
2026-08-15,Pasar Baru Majalaya,SUSU BUBUK DANCOW VANILA,
2026-08-15,Pasar Baru Majalaya,TAHU,12000.0
2026-08-15,Pasar Baru Majalaya,TELUR AYAM BROILER,25000.0
2026-08-15,Pasar Baru Majalaya,TELUR AYAM KAMPUNG,4000.0
2026-08-15,Pasar Baru Majalaya,TEMPE,14000.0
2026-08-15,Pasar Baru Majalaya,TERIGU CAKRA KEMBAR,12500.0
2026-08-15,Pasar Baru Majalaya,TERIGU CURAH,11000.0
2026-08-15,Pasar Baru Majalaya,TERIGU KUNCI BIRU,
2026-08-15,Pasar Baru Majalaya,TERIGU SEGITIGA BIRU,13000.0
2026-08-15,Pasar Baru Majalaya,TERI KERITING,100000.0
2026-08-15,Pasar Baru Majalaya,TERI MEDAN,160000.0
2026-08-15,Pasar Baru Majalaya,TIMUN,12000.0
2026-08-15,Pasar Baru Majalaya,TOMAT HIJAU,6000.0
2026-08-15,Pasar Baru Majalaya,UBI JALAR PUTIH,7000.0
2026-08-15,Pasar Baru Majalaya,UDANG,90000.0
2026-08-15,Pasar Sehat Cicalengka,BAWANG BOMBAY,
2026-08-15,Pasar Sehat Cicalengka,BAWANG DAUN,
2026-08-15,Pasar Sehat Cicalengka,BAWANG MERAH,
2026-08-15,Pasar Sehat Cicalengka,BAWANG MERAH BATU,
2026-08-15,Pasar Sehat Cicalengka,BAWANG PUTIH BIASA,
2026-08-15,Pasar Sehat Cicalengka,BAWANG PUTIH KATING,
2026-08-15,Pasar Sehat Cicalengka,BAWANG SUMENEP,
2026-08-15,Pasar Sehat Cicalengka,BAYAM,
2026-08-15,Pasar Sehat Cicalengka,BERAS IR. 64,
2026-08-15,Pasar Sehat Cicalengka,BERAS MEDIUM,
2026-08-15,Pasar Sehat Cicalengka,BERAS PREMIUM,
2026-08-15,Pasar Sehat Cicalengka,CABE HIJAU BIASA,
2026-08-15,Pasar Sehat Cicalengka,CABE MERAH KERITING,
2026-08-15,Pasar Sehat Cicalengka,CABE MERAH TANJUNG,
2026-08-15,Pasar Sehat Cicalengka,CABE MERAH TW,
2026-08-15,Pasar Sehat Cicalengka,CABE RAWIT HIJAU,
2026-08-15,Pasar Sehat Cicalengka,CABE RAWIT MERAH,
2026-08-15,Pasar Sehat Cicalengka,DAGING AYAM BROILER,
2026-08-15,Pasar Sehat Cicalengka,DAGING AYAM KAMPUNG,
2026-08-15,Pasar Sehat Cicalengka,DAGING SAPI IMPOR BEKU,
2026-08-15,Pasar Sehat Cicalengka,DAGING SAPI LOKAL HAS DALAM,
2026-08-15,Pasar Sehat Cicalengka,DAGING SAPI LOKAL HAS LUAR,
2026-08-15,Pasar Sehat Cicalengka,DAGING SAPI LOKAL PAHA BELAKANG,
2026-08-15,Pasar Sehat Cicalengka,DAGING SAPI LOKAL PAHA DEPAN,
2026-08-15,Pasar Sehat Cicalengka,DAGING SAPI LOKAL SANDUNG LAMUR,
2026-08-15,Pasar Sehat Cicalengka,DAGING SAPI LOKAL TETELAN,
2026-08-15,Pasar Sehat Cicalengka,DAGING SAPI MURNI,
2026-08-15,Pasar Sehat Cicalengka,GARAM BATA,
2026-08-15,Pasar Sehat Cicalengka,GARAM HALUS YODIUM,
2026-08-15,Pasar Sehat Cicalengka,GAS LPG 3 Kg,
2026-08-15,Pasar Sehat Cicalengka,GULA MERAH,
2026-08-15,Pasar Sehat Cicalengka,GULA PASIR GULA KU,
2026-08-15,Pasar Sehat Cicalengka,GULA PASIR LOKAL,
2026-08-15,Pasar Sehat Cicalengka,IKAN BANDENG,
2026-08-15,Pasar Sehat Cicalengka,Ikan Bawal Air Tawar,
2026-08-15,Pasar Sehat Cicalengka,Ikan Gurame,
2026-08-15,Pasar Sehat Cicalengka,IKAN KEMBUNG,
2026-08-15,Pasar Sehat Cicalengka,Ikan Lele,
2026-08-15,Pasar Sehat Cicalengka,IKAN MAS,
2026-08-15,Pasar Sehat Cicalengka,Ikan Nila,
2026-08-15,Pasar Sehat Cicalengka,Ikan Patin,
2026-08-15,Pasar Sehat Cicalengka,IKAN TONGKOL,
2026-08-15,Pasar Sehat Cicalengka,JAGUNG MANIS,
2026-08-15,Pasar Sehat Cicalengka,JAGUNG PIPILAN,
2026-08-15,Pasar Sehat Cicalengka,JERUK,
2026-08-15,Pasar Sehat Cicalengka,KACANG HIJAU,
2026-08-15,Pasar Sehat Cicalengka,KACANG KEDELAI IMPOR,
2026-08-15,Pasar Sehat Cicalengka,KACANG KEDELAI LOKAL,
2026-08-15,Pasar Sehat Cicalengka,KACANG PANJANG,
2026-08-15,Pasar Sehat Cicalengka,KACANG TANAH KUPAS,
2026-08-15,Pasar Sehat Cicalengka,KANGKUNG,
2026-08-15,Pasar Sehat Cicalengka,KENTANG DIENG,
2026-08-15,Pasar Sehat Cicalengka,KETELA POHON,
2026-08-15,Pasar Sehat Cicalengka,MELON,
2026-08-15,Pasar Sehat Cicalengka,MIE INSTAN INDOMIE,
2026-08-15,Pasar Sehat Cicalengka,MINYAK BIMOLI,
2026-08-15,Pasar Sehat Cicalengka,MINYAK CURAH,
2026-08-15,Pasar Sehat Cicalengka,MINYAKITA,
2026-08-15,Pasar Sehat Cicalengka,MINYAK SANIA,
2026-08-15,Pasar Sehat Cicalengka,PAKCOY,
2026-08-15,Pasar Sehat Cicalengka,PEPAYA,
2026-08-15,Pasar Sehat Cicalengka,PISANG,
2026-08-15,Pasar Sehat Cicalengka,SAWI PUTIH,
2026-08-15,Pasar Sehat Cicalengka,SAYURAN BUNCIS,
2026-08-15,Pasar Sehat Cicalengka,SAYURAN KENTANG LOKAL,
2026-08-15,Pasar Sehat Cicalengka,SAYURAN KOL/KUBIS,
2026-08-15,Pasar Sehat Cicalengka,SAYURAN TOMAT,
2026-08-15,Pasar Sehat Cicalengka,SAYURAN WORTEL,
2026-08-15,Pasar Sehat Cicalengka,SKM BENDERA,
2026-08-15,Pasar Sehat Cicalengka,SKM CAP ENAK,
2026-08-15,Pasar Sehat Cicalengka,SKM INDOMILK,
2026-08-15,Pasar Sehat Cicalengka,SUSU BALITA (SGM),
2026-08-15,Pasar Sehat Cicalengka,SUSU BUBUK DANCOW VANILA,
2026-08-15,Pasar Sehat Cicalengka,TAHU,
2026-08-15,Pasar Sehat Cicalengka,TELUR AYAM BROILER,
2026-08-15,Pasar Sehat Cicalengka,TELUR AYAM KAMPUNG,
2026-08-15,Pasar Sehat Cicalengka,TEMPE,
2026-08-15,Pasar Sehat Cicalengka,TERIGU CAKRA KEMBAR,
2026-08-15,Pasar Sehat Cicalengka,TERIGU CURAH,
2026-08-15,Pasar Sehat Cicalengka,TERIGU KUNCI BIRU,
2026-08-15,Pasar Sehat Cicalengka,TERIGU SEGITIGA BIRU,
2026-08-15,Pasar Sehat Cicalengka,TERI KERITING,
2026-08-15,Pasar Sehat Cicalengka,TERI MEDAN,
2026-08-15,Pasar Sehat Cicalengka,TIMUN,
2026-08-15,Pasar Sehat Cicalengka,TOMAT HIJAU,
2026-08-15,Pasar Sehat Cicalengka,UBI JALAR PUTIH,
2026-08-15,Pasar Sehat Cicalengka,UDANG,
2026-08-15,Pasar Cileunyi,BAWANG BOMBAY,
2026-08-15,Pasar Cileunyi,BAWANG DAUN,
2026-08-15,Pasar Cileunyi,BAWANG MERAH,
2026-08-15,Pasar Cileunyi,BAWANG MERAH BATU,
2026-08-15,Pasar Cileunyi,BAWANG PUTIH BIASA,
2026-08-15,Pasar Cileunyi,BAWANG PUTIH KATING,
2026-08-15,Pasar Cileunyi,BAWANG SUMENEP,
2026-08-15,Pasar Cileunyi,BAYAM,
2026-08-15,Pasar Cileunyi,BERAS IR. 64,
2026-08-15,Pasar Cileunyi,BERAS MEDIUM,
2026-08-15,Pasar Cileunyi,BERAS PREMIUM,
2026-08-15,Pasar Cileunyi,CABE HIJAU BIASA,
2026-08-15,Pasar Cileunyi,CABE MERAH KERITING,
2026-08-15,Pasar Cileunyi,CABE MERAH TANJUNG,
2026-08-15,Pasar Cileunyi,CABE MERAH TW,
2026-08-15,Pasar Cileunyi,CABE RAWIT HIJAU,
2026-08-15,Pasar Cileunyi,CABE RAWIT MERAH,
2026-08-15,Pasar Cileunyi,DAGING AYAM BROILER,
2026-08-15,Pasar Cileunyi,DAGING AYAM KAMPUNG,
2026-08-15,Pasar Cileunyi,DAGING SAPI IMPOR BEKU,
2026-08-15,Pasar Cileunyi,DAGING SAPI LOKAL HAS DALAM,
2026-08-15,Pasar Cileunyi,DAGING SAPI LOKAL HAS LUAR,
2026-08-15,Pasar Cileunyi,DAGING SAPI LOKAL PAHA BELAKANG,
2026-08-15,Pasar Cileunyi,DAGING SAPI LOKAL PAHA DEPAN,
2026-08-15,Pasar Cileunyi,DAGING SAPI LOKAL SANDUNG LAMUR,
2026-08-15,Pasar Cileunyi,DAGING SAPI LOKAL TETELAN,
2026-08-15,Pasar Cileunyi,DAGING SAPI MURNI,
2026-08-15,Pasar Cileunyi,GARAM BATA,
2026-08-15,Pasar Cileunyi,GARAM HALUS YODIUM,
2026-08-15,Pasar Cileunyi,GAS LPG 3 Kg,
2026-08-15,Pasar Cileunyi,GULA MERAH,
2026-08-15,Pasar Cileunyi,GULA PASIR GULA KU,
2026-08-15,Pasar Cileunyi,GULA PASIR LOKAL,
2026-08-15,Pasar Cileunyi,IKAN BANDENG,
2026-08-15,Pasar Cileunyi,Ikan Bawal Air Tawar,
2026-08-15,Pasar Cileunyi,Ikan Gurame,
2026-08-15,Pasar Cileunyi,IKAN KEMBUNG,
2026-08-15,Pasar Cileunyi,Ikan Lele,
2026-08-15,Pasar Cileunyi,IKAN MAS,
2026-08-15,Pasar Cileunyi,Ikan Nila,
2026-08-15,Pasar Cileunyi,Ikan Patin,
2026-08-15,Pasar Cileunyi,IKAN TONGKOL,
2026-08-15,Pasar Cileunyi,JAGUNG MANIS,
2026-08-15,Pasar Cileunyi,JAGUNG PIPILAN,
2026-08-15,Pasar Cileunyi,JERUK,
2026-08-15,Pasar Cileunyi,KACANG HIJAU,
2026-08-15,Pasar Cileunyi,KACANG KEDELAI IMPOR,
2026-08-15,Pasar Cileunyi,KACANG KEDELAI LOKAL,
2026-08-15,Pasar Cileunyi,KACANG PANJANG,
2026-08-15,Pasar Cileunyi,KACANG TANAH KUPAS,
2026-08-15,Pasar Cileunyi,KANGKUNG,
2026-08-15,Pasar Cileunyi,KENTANG DIENG,
2026-08-15,Pasar Cileunyi,KETELA POHON,
2026-08-15,Pasar Cileunyi,MELON,
2026-08-15,Pasar Cileunyi,MIE INSTAN INDOMIE,
2026-08-15,Pasar Cileunyi,MINYAK BIMOLI,
2026-08-15,Pasar Cileunyi,MINYAK CURAH,
2026-08-15,Pasar Cileunyi,MINYAKITA,
2026-08-15,Pasar Cileunyi,MINYAK SANIA,
2026-08-15,Pasar Cileunyi,PAKCOY,
2026-08-15,Pasar Cileunyi,PEPAYA,
2026-08-15,Pasar Cileunyi,PISANG,
2026-08-15,Pasar Cileunyi,SAWI PUTIH,
2026-08-15,Pasar Cileunyi,SAYURAN BUNCIS,
2026-08-15,Pasar Cileunyi,SAYURAN KENTANG LOKAL,
2026-08-15,Pasar Cileunyi,SAYURAN KOL/KUBIS,
2026-08-15,Pasar Cileunyi,SAYURAN TOMAT,
2026-08-15,Pasar Cileunyi,SAYURAN WORTEL,
2026-08-15,Pasar Cileunyi,SKM BENDERA,
2026-08-15,Pasar Cileunyi,SKM CAP ENAK,
2026-08-15,Pasar Cileunyi,SKM INDOMILK,
2026-08-15,Pasar Cileunyi,SUSU BALITA (SGM),
2026-08-15,Pasar Cileunyi,SUSU BUBUK DANCOW VANILA,
2026-08-15,Pasar Cileunyi,TAHU,
2026-08-15,Pasar Cileunyi,TELUR AYAM BROILER,
2026-08-15,Pasar Cileunyi,TELUR AYAM KAMPUNG,
2026-08-15,Pasar Cileunyi,TEMPE,
2026-08-15,Pasar Cileunyi,TERIGU CAKRA KEMBAR,
2026-08-15,Pasar Cileunyi,TERIGU CURAH,
2026-08-15,Pasar Cileunyi,TERIGU KUNCI BIRU,
2026-08-15,Pasar Cileunyi,TERIGU SEGITIGA BIRU,
2026-08-15,Pasar Cileunyi,TERI KERITING,
2026-08-15,Pasar Cileunyi,TERI MEDAN,
2026-08-15,Pasar Cileunyi,TIMUN,
2026-08-15,Pasar Cileunyi,TOMAT HIJAU,
2026-08-15,Pasar Cileunyi,UBI JALAR PUTIH,
2026-08-15,Pasar Cileunyi,UDANG,
2026-08-15,Pasar Banjaran,BAWANG BOMBAY,32000.0
2026-08-15,Pasar Banjaran,BAWANG DAUN,14000.0
2026-08-15,Pasar Banjaran,BAWANG MERAH,32000.0
2026-08-15,Pasar Banjaran,BAWANG MERAH BATU,28000.0
2026-08-15,Pasar Banjaran,BAWANG PUTIH BIASA,35000.0
2026-08-15,Pasar Banjaran,BAWANG PUTIH KATING,
2026-08-15,Pasar Banjaran,BAWANG SUMENEP,40000.0
2026-08-15,Pasar Banjaran,BAYAM,2000.0
2026-08-15,Pasar Banjaran,BERAS IR. 64,15000.0
2026-08-15,Pasar Banjaran,BERAS MEDIUM,14500.0
2026-08-15,Pasar Banjaran,BERAS PREMIUM,15500.0
2026-08-15,Pasar Banjaran,CABE HIJAU BIASA,28000.0
2026-08-15,Pasar Banjaran,CABE MERAH KERITING,36000.0
2026-08-15,Pasar Banjaran,CABE MERAH TANJUNG,100000.0
2026-08-15,Pasar Banjaran,CABE MERAH TW,
2026-08-15,Pasar Banjaran,CABE RAWIT HIJAU,44000.0
2026-08-15,Pasar Banjaran,CABE RAWIT MERAH,40000.0
2026-08-15,Pasar Banjaran,DAGING AYAM BROILER,42000.0
2026-08-15,Pasar Banjaran,DAGING AYAM KAMPUNG,70000.0
2026-08-15,Pasar Banjaran,DAGING SAPI IMPOR BEKU,120000.0
2026-08-15,Pasar Banjaran,DAGING SAPI LOKAL HAS DALAM,155000.0
2026-08-15,Pasar Banjaran,DAGING SAPI LOKAL HAS LUAR,145000.0
2026-08-15,Pasar Banjaran,DAGING SAPI LOKAL PAHA BELAKANG,145000.0
2026-08-15,Pasar Banjaran,DAGING SAPI LOKAL PAHA DEPAN,143000.0
2026-08-15,Pasar Banjaran,DAGING SAPI LOKAL SANDUNG LAMUR,130000.0
2026-08-15,Pasar Banjaran,DAGING SAPI LOKAL TETELAN,65000.0
2026-08-15,Pasar Banjaran,DAGING SAPI MURNI,145000.0
2026-08-15,Pasar Banjaran,GARAM BATA,20000.0
2026-08-15,Pasar Banjaran,GARAM HALUS YODIUM,3000.0
2026-08-15,Pasar Banjaran,GAS LPG 3 Kg,23000.0
2026-08-15,Pasar Banjaran,GULA MERAH,23000.0
2026-08-15,Pasar Banjaran,GULA PASIR GULA KU,
2026-08-15,Pasar Banjaran,GULA PASIR LOKAL,18500.0
2026-08-15,Pasar Banjaran,IKAN BANDENG,38000.0
2026-08-15,Pasar Banjaran,Ikan Bawal Air Tawar,32000.0
2026-08-15,Pasar Banjaran,Ikan Gurame,50000.0
2026-08-15,Pasar Banjaran,IKAN KEMBUNG,56000.0
2026-08-15,Pasar Banjaran,Ikan Lele,28000.0
2026-08-15,Pasar Banjaran,IKAN MAS,26000.0
2026-08-15,Pasar Banjaran,Ikan Nila,35000.0
2026-08-15,Pasar Banjaran,Ikan Patin,34000.0
2026-08-15,Pasar Banjaran,IKAN TONGKOL,42000.0
2026-08-15,Pasar Banjaran,JAGUNG MANIS,12000.0
2026-08-15,Pasar Banjaran,JAGUNG PIPILAN,20000.0
2026-08-15,Pasar Banjaran,JERUK,22000.0
2026-08-15,Pasar Banjaran,KACANG HIJAU,40000.0
2026-08-15,Pasar Banjaran,KACANG KEDELAI IMPOR,14000.0
2026-08-15,Pasar Banjaran,KACANG KEDELAI LOKAL,
2026-08-15,Pasar Banjaran,KACANG PANJANG,20000.0
2026-08-15,Pasar Banjaran,KACANG TANAH KUPAS,38000.0
2026-08-15,Pasar Banjaran,KANGKUNG,2000.0
2026-08-15,Pasar Banjaran,KENTANG DIENG,20000.0
2026-08-15,Pasar Banjaran,KETELA POHON,5000.0
2026-08-15,Pasar Banjaran,MELON,15000.0
2026-08-15,Pasar Banjaran,MIE INSTAN INDOMIE,3000.0
2026-08-15,Pasar Banjaran,MINYAK BIMOLI,23500.0
2026-08-15,Pasar Banjaran,MINYAK CURAH,22000.0
2026-08-15,Pasar Banjaran,MINYAKITA,21000.0
2026-08-15,Pasar Banjaran,MINYAK SANIA,23500.0
2026-08-15,Pasar Banjaran,PAKCOY,7000.0
2026-08-15,Pasar Banjaran,PEPAYA,14000.0
2026-08-15,Pasar Banjaran,PISANG,7000.0
2026-08-15,Pasar Banjaran,SAWI PUTIH,6000.0
2026-08-15,Pasar Banjaran,SAYURAN BUNCIS,20000.0
2026-08-15,Pasar Banjaran,SAYURAN KENTANG LOKAL,17000.0
2026-08-15,Pasar Banjaran,SAYURAN KOL/KUBIS,7000.0
2026-08-15,Pasar Banjaran,SAYURAN TOMAT,10000.0
2026-08-15,Pasar Banjaran,SAYURAN WORTEL,15000.0
2026-08-15,Pasar Banjaran,SKM BENDERA,12000.0
2026-08-15,Pasar Banjaran,SKM CAP ENAK,11500.0
2026-08-15,Pasar Banjaran,SKM INDOMILK,12500.0
2026-08-15,Pasar Banjaran,SUSU BALITA (SGM),42000.0
2026-08-15,Pasar Banjaran,SUSU BUBUK DANCOW VANILA,48250.0
2026-08-15,Pasar Banjaran,TAHU,7000.0
2026-08-15,Pasar Banjaran,TELUR AYAM BROILER,25000.0
2026-08-15,Pasar Banjaran,TELUR AYAM KAMPUNG,3000.0
2026-08-15,Pasar Banjaran,TEMPE,5000.0
2026-08-15,Pasar Banjaran,TERIGU CAKRA KEMBAR,13000.0
2026-08-15,Pasar Banjaran,TERIGU CURAH,8000.0
2026-08-15,Pasar Banjaran,TERIGU KUNCI BIRU,
2026-08-15,Pasar Banjaran,TERIGU SEGITIGA BIRU,12000.0
2026-08-15,Pasar Banjaran,TERI KERITING,100000.0
2026-08-15,Pasar Banjaran,TERI MEDAN,170000.0
2026-08-15,Pasar Banjaran,TIMUN,14000.0
2026-08-15,Pasar Banjaran,TOMAT HIJAU,6000.0
2026-08-15,Pasar Banjaran,UBI JALAR PUTIH,12000.0
2026-08-15,Pasar Banjaran,UDANG,94000.0
2026-08-15,Pasar Sehat Soreang,BAWANG BOMBAY,35000.0
2026-08-15,Pasar Sehat Soreang,BAWANG DAUN,14000.0
2026-08-15,Pasar Sehat Soreang,BAWANG MERAH,30000.0
2026-08-15,Pasar Sehat Soreang,BAWANG MERAH BATU,30000.0
2026-08-15,Pasar Sehat Soreang,BAWANG PUTIH BIASA,35000.0
2026-08-15,Pasar Sehat Soreang,BAWANG PUTIH KATING,
2026-08-15,Pasar Sehat Soreang,BAWANG SUMENEP,45000.0
2026-08-15,Pasar Sehat Soreang,BAYAM,2000.0
2026-08-15,Pasar Sehat Soreang,BERAS IR. 64,14000.0
2026-08-15,Pasar Sehat Soreang,BERAS MEDIUM,13500.0
2026-08-15,Pasar Sehat Soreang,BERAS PREMIUM,15000.0
2026-08-15,Pasar Sehat Soreang,CABE HIJAU BIASA,24000.0
2026-08-15,Pasar Sehat Soreang,CABE MERAH KERITING,35000.0
2026-08-15,Pasar Sehat Soreang,CABE MERAH TANJUNG,100000.0
2026-08-15,Pasar Sehat Soreang,CABE MERAH TW,90000.0
2026-08-15,Pasar Sehat Soreang,CABE RAWIT HIJAU,50000.0
2026-08-15,Pasar Sehat Soreang,CABE RAWIT MERAH,45000.0
2026-08-15,Pasar Sehat Soreang,DAGING AYAM BROILER,43000.0
2026-08-15,Pasar Sehat Soreang,DAGING AYAM KAMPUNG,70000.0
2026-08-15,Pasar Sehat Soreang,DAGING SAPI IMPOR BEKU,115000.0
2026-08-15,Pasar Sehat Soreang,DAGING SAPI LOKAL HAS DALAM,150000.0
2026-08-15,Pasar Sehat Soreang,DAGING SAPI LOKAL HAS LUAR,140000.0
2026-08-15,Pasar Sehat Soreang,DAGING SAPI LOKAL PAHA BELAKANG,150000.0
2026-08-15,Pasar Sehat Soreang,DAGING SAPI LOKAL PAHA DEPAN,140000.0
2026-08-15,Pasar Sehat Soreang,DAGING SAPI LOKAL SANDUNG LAMUR,120000.0
2026-08-15,Pasar Sehat Soreang,DAGING SAPI LOKAL TETELAN,70000.0
2026-08-15,Pasar Sehat Soreang,DAGING SAPI MURNI,150000.0
2026-08-15,Pasar Sehat Soreang,GARAM BATA,30000.0
2026-08-15,Pasar Sehat Soreang,GARAM HALUS YODIUM,3000.0
2026-08-15,Pasar Sehat Soreang,GAS LPG 3 Kg,21000.0
2026-08-15,Pasar Sehat Soreang,GULA MERAH,24000.0
2026-08-15,Pasar Sehat Soreang,GULA PASIR GULA KU,20000.0
2026-08-15,Pasar Sehat Soreang,GULA PASIR LOKAL,17500.0
2026-08-15,Pasar Sehat Soreang,IKAN BANDENG,40000.0
2026-08-15,Pasar Sehat Soreang,Ikan Bawal Air Tawar,30000.0
2026-08-15,Pasar Sehat Soreang,Ikan Gurame,55000.0
2026-08-15,Pasar Sehat Soreang,IKAN KEMBUNG,50000.0
2026-08-15,Pasar Sehat Soreang,Ikan Lele,32000.0
2026-08-15,Pasar Sehat Soreang,IKAN MAS,30000.0
2026-08-15,Pasar Sehat Soreang,Ikan Nila,35000.0
2026-08-15,Pasar Sehat Soreang,Ikan Patin,30000.0
2026-08-15,Pasar Sehat Soreang,IKAN TONGKOL,44000.0
2026-08-15,Pasar Sehat Soreang,JAGUNG MANIS,15000.0
2026-08-15,Pasar Sehat Soreang,JAGUNG PIPILAN,20000.0
2026-08-15,Pasar Sehat Soreang,JERUK,22000.0
2026-08-15,Pasar Sehat Soreang,KACANG HIJAU,35000.0
2026-08-15,Pasar Sehat Soreang,KACANG KEDELAI IMPOR,12500.0
2026-08-15,Pasar Sehat Soreang,KACANG KEDELAI LOKAL,
2026-08-15,Pasar Sehat Soreang,KACANG PANJANG,24000.0
2026-08-15,Pasar Sehat Soreang,KACANG TANAH KUPAS,40000.0
2026-08-15,Pasar Sehat Soreang,KANGKUNG,2000.0
2026-08-15,Pasar Sehat Soreang,KENTANG DIENG,20000.0
2026-08-15,Pasar Sehat Soreang,KETELA POHON,6000.0
2026-08-15,Pasar Sehat Soreang,MELON,18000.0
2026-08-15,Pasar Sehat Soreang,MIE INSTAN INDOMIE,3000.0
2026-08-15,Pasar Sehat Soreang,MINYAK BIMOLI,22000.0
2026-08-15,Pasar Sehat Soreang,MINYAK CURAH,22000.0
2026-08-15,Pasar Sehat Soreang,MINYAKITA,15700.0
2026-08-15,Pasar Sehat Soreang,MINYAK SANIA,20000.0
2026-08-15,Pasar Sehat Soreang,PAKCOY,10000.0
2026-08-15,Pasar Sehat Soreang,PEPAYA,14000.0
2026-08-15,Pasar Sehat Soreang,PISANG,8000.0
2026-08-15,Pasar Sehat Soreang,SAWI PUTIH,7000.0
2026-08-15,Pasar Sehat Soreang,SAYURAN BUNCIS,20000.0
2026-08-15,Pasar Sehat Soreang,SAYURAN KENTANG LOKAL,15000.0
2026-08-15,Pasar Sehat Soreang,SAYURAN KOL/KUBIS,8000.0
2026-08-15,Pasar Sehat Soreang,SAYURAN TOMAT,8000.0
2026-08-15,Pasar Sehat Soreang,SAYURAN WORTEL,16000.0
2026-08-15,Pasar Sehat Soreang,SKM BENDERA,13000.0
2026-08-15,Pasar Sehat Soreang,SKM CAP ENAK,12000.0
2026-08-15,Pasar Sehat Soreang,SKM INDOMILK,12000.0
2026-08-15,Pasar Sehat Soreang,SUSU BALITA (SGM),42500.0
2026-08-15,Pasar Sehat Soreang,SUSU BUBUK DANCOW VANILA,54600.0
2026-08-15,Pasar Sehat Soreang,TAHU,10000.0
2026-08-15,Pasar Sehat Soreang,TELUR AYAM BROILER,23000.0
2026-08-15,Pasar Sehat Soreang,TELUR AYAM KAMPUNG,3000.0
2026-08-15,Pasar Sehat Soreang,TEMPE,12000.0
2026-08-15,Pasar Sehat Soreang,TERIGU CAKRA KEMBAR,14000.0
2026-08-15,Pasar Sehat Soreang,TERIGU CURAH,10000.0
2026-08-15,Pasar Sehat Soreang,TERIGU KUNCI BIRU,12000.0
2026-08-15,Pasar Sehat Soreang,TERIGU SEGITIGA BIRU,13000.0
2026-08-15,Pasar Sehat Soreang,TERI KERITING,80000.0
2026-08-15,Pasar Sehat Soreang,TERI MEDAN,170000.0
2026-08-15,Pasar Sehat Soreang,TIMUN,10000.0
2026-08-15,Pasar Sehat Soreang,TOMAT HIJAU,6000.0
2026-08-15,Pasar Sehat Soreang,UBI JALAR PUTIH,7000.0
2026-08-15,Pasar Sehat Soreang,UDANG,100000.0
2026-08-16,Pasar Margahayu,BAWANG BOMBAY,36000.0
2026-08-16,Pasar Margahayu,BAWANG DAUN,16000.0
2026-08-16,Pasar Margahayu,BAWANG MERAH,36000.0
2026-08-16,Pasar Margahayu,BAWANG MERAH BATU,
2026-08-16,Pasar Margahayu,BAWANG PUTIH BIASA,32000.0
2026-08-16,Pasar Margahayu,BAWANG PUTIH KATING,40000.0
2026-08-16,Pasar Margahayu,BAWANG SUMENEP,50000.0
2026-08-16,Pasar Margahayu,BAYAM,2500.0
2026-08-16,Pasar Margahayu,BERAS IR. 64,15000.0
2026-08-16,Pasar Margahayu,BERAS MEDIUM,14000.0
2026-08-16,Pasar Margahayu,BERAS PREMIUM,15500.0
2026-08-16,Pasar Margahayu,CABE HIJAU BIASA,40000.0
2026-08-16,Pasar Margahayu,CABE MERAH KERITING,50000.0
2026-08-16,Pasar Margahayu,CABE MERAH TANJUNG,100000.0
2026-08-16,Pasar Margahayu,CABE MERAH TW,50000.0
2026-08-16,Pasar Margahayu,CABE RAWIT HIJAU,60000.0
2026-08-16,Pasar Margahayu,CABE RAWIT MERAH,60000.0
2026-08-16,Pasar Margahayu,DAGING AYAM BROILER,44000.0
2026-08-16,Pasar Margahayu,DAGING AYAM KAMPUNG,
2026-08-16,Pasar Margahayu,DAGING SAPI IMPOR BEKU,
2026-08-16,Pasar Margahayu,DAGING SAPI LOKAL HAS DALAM,
2026-08-16,Pasar Margahayu,DAGING SAPI LOKAL HAS LUAR,140000.0
2026-08-16,Pasar Margahayu,DAGING SAPI LOKAL PAHA BELAKANG,140000.0
2026-08-16,Pasar Margahayu,DAGING SAPI LOKAL PAHA DEPAN,140000.0
2026-08-16,Pasar Margahayu,DAGING SAPI LOKAL SANDUNG LAMUR,130000.0
2026-08-16,Pasar Margahayu,DAGING SAPI LOKAL TETELAN,80000.0
2026-08-16,Pasar Margahayu,DAGING SAPI MURNI,140000.0
2026-08-16,Pasar Margahayu,GARAM BATA,35000.0
2026-08-16,Pasar Margahayu,GARAM HALUS YODIUM,2500.0
2026-08-16,Pasar Margahayu,GAS LPG 3 Kg,22000.0
2026-08-16,Pasar Margahayu,GULA MERAH,26000.0
2026-08-16,Pasar Margahayu,GULA PASIR GULA KU,19000.0
2026-08-16,Pasar Margahayu,GULA PASIR LOKAL,18000.0
2026-08-16,Pasar Margahayu,IKAN BANDENG,38000.0
2026-08-16,Pasar Margahayu,Ikan Bawal Air Tawar,30000.0
2026-08-16,Pasar Margahayu,Ikan Gurame,50000.0
2026-08-16,Pasar Margahayu,IKAN KEMBUNG,50000.0
2026-08-16,Pasar Margahayu,Ikan Lele,32000.0
2026-08-16,Pasar Margahayu,IKAN MAS,30000.0
2026-08-16,Pasar Margahayu,Ikan Nila,40000.0
2026-08-16,Pasar Margahayu,Ikan Patin,32000.0
2026-08-16,Pasar Margahayu,IKAN TONGKOL,46000.0
2026-08-16,Pasar Margahayu,JAGUNG MANIS,18000.0
2026-08-16,Pasar Margahayu,JAGUNG PIPILAN,20000.0
2026-08-16,Pasar Margahayu,JERUK,25000.0
2026-08-16,Pasar Margahayu,KACANG HIJAU,28000.0
2026-08-16,Pasar Margahayu,KACANG KEDELAI IMPOR,
2026-08-16,Pasar Margahayu,KACANG KEDELAI LOKAL,15000.0
2026-08-16,Pasar Margahayu,KACANG PANJANG,26000.0
2026-08-16,Pasar Margahayu,KACANG TANAH KUPAS,38000.0
2026-08-16,Pasar Margahayu,KANGKUNG,2000.0
2026-08-16,Pasar Margahayu,KENTANG DIENG,20000.0
2026-08-16,Pasar Margahayu,KETELA POHON,6000.0
2026-08-16,Pasar Margahayu,MELON,18000.0
2026-08-16,Pasar Margahayu,MIE INSTAN INDOMIE,3000.0
2026-08-16,Pasar Margahayu,MINYAK BIMOLI,
2026-08-16,Pasar Margahayu,MINYAK CURAH,21500.0
2026-08-16,Pasar Margahayu,MINYAKITA,20000.0
2026-08-16,Pasar Margahayu,MINYAK SANIA,
2026-08-16,Pasar Margahayu,PAKCOY,12000.0
2026-08-16,Pasar Margahayu,PEPAYA,16000.0
2026-08-16,Pasar Margahayu,PISANG,8000.0
2026-08-16,Pasar Margahayu,SAWI PUTIH,10000.0
2026-08-16,Pasar Margahayu,SAYURAN BUNCIS,30000.0
2026-08-16,Pasar Margahayu,SAYURAN KENTANG LOKAL,15000.0
2026-08-16,Pasar Margahayu,SAYURAN KOL/KUBIS,8000.0
2026-08-16,Pasar Margahayu,SAYURAN TOMAT,12000.0
2026-08-16,Pasar Margahayu,SAYURAN WORTEL,20000.0
2026-08-16,Pasar Margahayu,SKM BENDERA,13000.0
2026-08-16,Pasar Margahayu,SKM CAP ENAK,11500.0
2026-08-16,Pasar Margahayu,SKM INDOMILK,12000.0
2026-08-16,Pasar Margahayu,SUSU BALITA (SGM),42500.0
2026-08-16,Pasar Margahayu,SUSU BUBUK DANCOW VANILA,
2026-08-16,Pasar Margahayu,TAHU,10000.0
2026-08-16,Pasar Margahayu,TELUR AYAM BROILER,23000.0
2026-08-16,Pasar Margahayu,TELUR AYAM KAMPUNG,3000.0
2026-08-16,Pasar Margahayu,TEMPE,17000.0
2026-08-16,Pasar Margahayu,TERIGU CAKRA KEMBAR,15000.0
2026-08-16,Pasar Margahayu,TERIGU CURAH,10000.0
2026-08-16,Pasar Margahayu,TERIGU KUNCI BIRU,14000.0
2026-08-16,Pasar Margahayu,TERIGU SEGITIGA BIRU,13000.0
2026-08-16,Pasar Margahayu,TERI KERITING,70000.0
2026-08-16,Pasar Margahayu,TERI MEDAN,160000.0
2026-08-16,Pasar Margahayu,TIMUN,14000.0
2026-08-16,Pasar Margahayu,TOMAT HIJAU,8000.0
2026-08-16,Pasar Margahayu,UBI JALAR PUTIH,8000.0
2026-08-16,Pasar Margahayu,UDANG,68000.0
2026-08-16,Pasar Ciwidey,BAWANG BOMBAY,36000.0
2026-08-16,Pasar Ciwidey,BAWANG DAUN,14000.0
2026-08-16,Pasar Ciwidey,BAWANG MERAH,40000.0
2026-08-16,Pasar Ciwidey,BAWANG MERAH BATU,30000.0
2026-08-16,Pasar Ciwidey,BAWANG PUTIH BIASA,36000.0
2026-08-16,Pasar Ciwidey,BAWANG PUTIH KATING,
2026-08-16,Pasar Ciwidey,BAWANG SUMENEP,60000.0
2026-08-16,Pasar Ciwidey,BAYAM,2000.0
2026-08-16,Pasar Ciwidey,BERAS IR. 64,15000.0
2026-08-16,Pasar Ciwidey,BERAS MEDIUM,14500.0
2026-08-16,Pasar Ciwidey,BERAS PREMIUM,16000.0
2026-08-16,Pasar Ciwidey,CABE HIJAU BIASA,20000.0
2026-08-16,Pasar Ciwidey,CABE MERAH KERITING,40000.0
2026-08-16,Pasar Ciwidey,CABE MERAH TANJUNG,95000.0
2026-08-16,Pasar Ciwidey,CABE MERAH TW,80000.0
2026-08-16,Pasar Ciwidey,CABE RAWIT HIJAU,55000.0
2026-08-16,Pasar Ciwidey,CABE RAWIT MERAH,40000.0
2026-08-16,Pasar Ciwidey,DAGING AYAM BROILER,42000.0
2026-08-16,Pasar Ciwidey,DAGING AYAM KAMPUNG,70000.0
2026-08-16,Pasar Ciwidey,DAGING SAPI IMPOR BEKU,110000.0
2026-08-16,Pasar Ciwidey,DAGING SAPI LOKAL HAS DALAM,145000.0
2026-08-16,Pasar Ciwidey,DAGING SAPI LOKAL HAS LUAR,140000.0
2026-08-16,Pasar Ciwidey,DAGING SAPI LOKAL PAHA BELAKANG,145000.0
2026-08-16,Pasar Ciwidey,DAGING SAPI LOKAL PAHA DEPAN,140000.0
2026-08-16,Pasar Ciwidey,DAGING SAPI LOKAL SANDUNG LAMUR,125000.0
2026-08-16,Pasar Ciwidey,DAGING SAPI LOKAL TETELAN,70000.0
2026-08-16,Pasar Ciwidey,DAGING SAPI MURNI,145000.0
2026-08-16,Pasar Ciwidey,GARAM BATA,16000.0
2026-08-16,Pasar Ciwidey,GARAM HALUS YODIUM,3000.0
2026-08-16,Pasar Ciwidey,GAS LPG 3 Kg,23000.0
2026-08-16,Pasar Ciwidey,GULA MERAH,24000.0
2026-08-16,Pasar Ciwidey,GULA PASIR GULA KU,20000.0
2026-08-16,Pasar Ciwidey,GULA PASIR LOKAL,18000.0
2026-08-16,Pasar Ciwidey,IKAN BANDENG,45000.0
2026-08-16,Pasar Ciwidey,Ikan Bawal Air Tawar,32000.0
2026-08-16,Pasar Ciwidey,Ikan Gurame,60000.0
2026-08-16,Pasar Ciwidey,IKAN KEMBUNG,50000.0
2026-08-16,Pasar Ciwidey,Ikan Lele,35000.0
2026-08-16,Pasar Ciwidey,IKAN MAS,30000.0
2026-08-16,Pasar Ciwidey,Ikan Nila,32000.0
2026-08-16,Pasar Ciwidey,Ikan Patin,32000.0
2026-08-16,Pasar Ciwidey,IKAN TONGKOL,48000.0
2026-08-16,Pasar Ciwidey,JAGUNG MANIS,13000.0
2026-08-16,Pasar Ciwidey,JAGUNG PIPILAN,20000.0
2026-08-16,Pasar Ciwidey,JERUK,20000.0
2026-08-16,Pasar Ciwidey,KACANG HIJAU,36000.0
2026-08-16,Pasar Ciwidey,KACANG KEDELAI IMPOR,16000.0
2026-08-16,Pasar Ciwidey,KACANG KEDELAI LOKAL,
2026-08-16,Pasar Ciwidey,KACANG PANJANG,20000.0
2026-08-16,Pasar Ciwidey,KACANG TANAH KUPAS,38000.0
2026-08-16,Pasar Ciwidey,KANGKUNG,2000.0
2026-08-16,Pasar Ciwidey,KENTANG DIENG,20000.0
2026-08-16,Pasar Ciwidey,KETELA POHON,5000.0
2026-08-16,Pasar Ciwidey,MELON,13000.0
2026-08-16,Pasar Ciwidey,MIE INSTAN INDOMIE,3500.0
2026-08-16,Pasar Ciwidey,MINYAK BIMOLI,22500.0
2026-08-16,Pasar Ciwidey,MINYAK CURAH,21500.0
2026-08-16,Pasar Ciwidey,MINYAKITA,20000.0
2026-08-16,Pasar Ciwidey,MINYAK SANIA,22000.0
2026-08-16,Pasar Ciwidey,PAKCOY,8000.0
2026-08-16,Pasar Ciwidey,PEPAYA,15000.0
2026-08-16,Pasar Ciwidey,PISANG,8000.0
2026-08-16,Pasar Ciwidey,SAWI PUTIH,8000.0
2026-08-16,Pasar Ciwidey,SAYURAN BUNCIS,23000.0
2026-08-16,Pasar Ciwidey,SAYURAN KENTANG LOKAL,18000.0
2026-08-16,Pasar Ciwidey,SAYURAN KOL/KUBIS,7000.0
2026-08-16,Pasar Ciwidey,SAYURAN TOMAT,8000.0
2026-08-16,Pasar Ciwidey,SAYURAN WORTEL,20000.0
2026-08-16,Pasar Ciwidey,SKM BENDERA,13000.0
2026-08-16,Pasar Ciwidey,SKM CAP ENAK,12000.0
2026-08-16,Pasar Ciwidey,SKM INDOMILK,12500.0
2026-08-16,Pasar Ciwidey,SUSU BALITA (SGM),48000.0
2026-08-16,Pasar Ciwidey,SUSU BUBUK DANCOW VANILA,
2026-08-16,Pasar Ciwidey,TAHU,12000.0
2026-08-16,Pasar Ciwidey,TELUR AYAM BROILER,24000.0
2026-08-16,Pasar Ciwidey,TELUR AYAM KAMPUNG,3500.0
2026-08-16,Pasar Ciwidey,TEMPE,13000.0
2026-08-16,Pasar Ciwidey,TERIGU CAKRA KEMBAR,14000.0
2026-08-16,Pasar Ciwidey,TERIGU CURAH,10000.0
2026-08-16,Pasar Ciwidey,TERIGU KUNCI BIRU,
2026-08-16,Pasar Ciwidey,TERIGU SEGITIGA BIRU,13000.0
2026-08-16,Pasar Ciwidey,TERI KERITING,85000.0
2026-08-16,Pasar Ciwidey,TERI MEDAN,160000.0
2026-08-16,Pasar Ciwidey,TIMUN,10000.0
2026-08-16,Pasar Ciwidey,TOMAT HIJAU,6000.0
2026-08-16,Pasar Ciwidey,UBI JALAR PUTIH,9000.0
2026-08-16,Pasar Ciwidey,UDANG,95000.0
2026-08-16,Pasar Baleendah,BAWANG BOMBAY,35000.0
2026-08-16,Pasar Baleendah,BAWANG DAUN,15000.0
2026-08-16,Pasar Baleendah,BAWANG MERAH,32000.0
2026-08-16,Pasar Baleendah,BAWANG MERAH BATU,28000.0
2026-08-16,Pasar Baleendah,BAWANG PUTIH BIASA,35000.0
2026-08-16,Pasar Baleendah,BAWANG PUTIH KATING,
2026-08-16,Pasar Baleendah,BAWANG SUMENEP,40000.0
2026-08-16,Pasar Baleendah,BAYAM,2500.0
2026-08-16,Pasar Baleendah,BERAS IR. 64,15000.0
2026-08-16,Pasar Baleendah,BERAS MEDIUM,14000.0
2026-08-16,Pasar Baleendah,BERAS PREMIUM,16000.0
2026-08-16,Pasar Baleendah,CABE HIJAU BIASA,32000.0
2026-08-16,Pasar Baleendah,CABE MERAH KERITING,40000.0
2026-08-16,Pasar Baleendah,CABE MERAH TANJUNG,100000.0
2026-08-16,Pasar Baleendah,CABE MERAH TW,
2026-08-16,Pasar Baleendah,CABE RAWIT HIJAU,45000.0
2026-08-16,Pasar Baleendah,CABE RAWIT MERAH,45000.0
2026-08-16,Pasar Baleendah,DAGING AYAM BROILER,41000.0
2026-08-16,Pasar Baleendah,DAGING AYAM KAMPUNG,70000.0
2026-08-16,Pasar Baleendah,DAGING SAPI IMPOR BEKU,120000.0
2026-08-16,Pasar Baleendah,DAGING SAPI LOKAL HAS DALAM,150000.0
2026-08-16,Pasar Baleendah,DAGING SAPI LOKAL HAS LUAR,140000.0
2026-08-16,Pasar Baleendah,DAGING SAPI LOKAL PAHA BELAKANG,140000.0
2026-08-16,Pasar Baleendah,DAGING SAPI LOKAL PAHA DEPAN,140000.0
2026-08-16,Pasar Baleendah,DAGING SAPI LOKAL SANDUNG LAMUR,120000.0
2026-08-16,Pasar Baleendah,DAGING SAPI LOKAL TETELAN,70000.0
2026-08-16,Pasar Baleendah,DAGING SAPI MURNI,140000.0
2026-08-16,Pasar Baleendah,GARAM BATA,16000.0
2026-08-16,Pasar Baleendah,GARAM HALUS YODIUM,2500.0
2026-08-16,Pasar Baleendah,GAS LPG 3 Kg,23000.0
2026-08-16,Pasar Baleendah,GULA MERAH,23000.0
2026-08-16,Pasar Baleendah,GULA PASIR GULA KU,20000.0
2026-08-16,Pasar Baleendah,GULA PASIR LOKAL,19000.0
2026-08-16,Pasar Baleendah,IKAN BANDENG,45000.0
2026-08-16,Pasar Baleendah,Ikan Bawal Air Tawar,30000.0
2026-08-16,Pasar Baleendah,Ikan Gurame,55000.0
2026-08-16,Pasar Baleendah,IKAN KEMBUNG,55000.0
2026-08-16,Pasar Baleendah,Ikan Lele,31000.0
2026-08-16,Pasar Baleendah,IKAN MAS,27000.0
2026-08-16,Pasar Baleendah,Ikan Nila,35000.0
2026-08-16,Pasar Baleendah,Ikan Patin,30000.0
2026-08-16,Pasar Baleendah,IKAN TONGKOL,45000.0
2026-08-16,Pasar Baleendah,JAGUNG MANIS,14000.0
2026-08-16,Pasar Baleendah,JAGUNG PIPILAN,20000.0
2026-08-16,Pasar Baleendah,JERUK,20000.0
2026-08-16,Pasar Baleendah,KACANG HIJAU,32000.0
2026-08-16,Pasar Baleendah,KACANG KEDELAI IMPOR,15000.0
2026-08-16,Pasar Baleendah,KACANG KEDELAI LOKAL,14000.0
2026-08-16,Pasar Baleendah,KACANG PANJANG,20000.0
2026-08-16,Pasar Baleendah,KACANG TANAH KUPAS,38000.0
2026-08-16,Pasar Baleendah,KANGKUNG,1000.0
2026-08-16,Pasar Baleendah,KENTANG DIENG,18000.0
2026-08-16,Pasar Baleendah,KETELA POHON,5000.0
2026-08-16,Pasar Baleendah,MELON,18000.0
2026-08-16,Pasar Baleendah,MIE INSTAN INDOMIE,3000.0
2026-08-16,Pasar Baleendah,MINYAK BIMOLI,
2026-08-16,Pasar Baleendah,MINYAK CURAH,21500.0
2026-08-16,Pasar Baleendah,MINYAKITA,21000.0
2026-08-16,Pasar Baleendah,MINYAK SANIA,22000.0
2026-08-16,Pasar Baleendah,PAKCOY,10000.0
2026-08-16,Pasar Baleendah,PEPAYA,14000.0
2026-08-16,Pasar Baleendah,PISANG,6500.0
2026-08-16,Pasar Baleendah,SAWI PUTIH,7000.0
2026-08-16,Pasar Baleendah,SAYURAN BUNCIS,24000.0
2026-08-16,Pasar Baleendah,SAYURAN KENTANG LOKAL,15000.0
2026-08-16,Pasar Baleendah,SAYURAN KOL/KUBIS,7000.0
2026-08-16,Pasar Baleendah,SAYURAN TOMAT,8000.0
2026-08-16,Pasar Baleendah,SAYURAN WORTEL,16000.0
2026-08-16,Pasar Baleendah,SKM BENDERA,12500.0
2026-08-16,Pasar Baleendah,SKM CAP ENAK,10000.0
2026-08-16,Pasar Baleendah,SKM INDOMILK,11500.0
2026-08-16,Pasar Baleendah,SUSU BALITA (SGM),41600.0
2026-08-16,Pasar Baleendah,SUSU BUBUK DANCOW VANILA,50100.0
2026-08-16,Pasar Baleendah,TAHU,12000.0
2026-08-16,Pasar Baleendah,TELUR AYAM BROILER,25000.0
2026-08-16,Pasar Baleendah,TELUR AYAM KAMPUNG,3000.0
2026-08-16,Pasar Baleendah,TEMPE,12000.0
2026-08-16,Pasar Baleendah,TERIGU CAKRA KEMBAR,11500.0
2026-08-16,Pasar Baleendah,TERIGU CURAH,10000.0
2026-08-16,Pasar Baleendah,TERIGU KUNCI BIRU,11000.0
2026-08-16,Pasar Baleendah,TERIGU SEGITIGA BIRU,11000.0
2026-08-16,Pasar Baleendah,TERI KERITING,80000.0
2026-08-16,Pasar Baleendah,TERI MEDAN,140000.0
2026-08-16,Pasar Baleendah,TIMUN,12000.0
2026-08-16,Pasar Baleendah,TOMAT HIJAU,8000.0
2026-08-16,Pasar Baleendah,UBI JALAR PUTIH,8000.0
2026-08-16,Pasar Baleendah,UDANG,70000.0
2026-08-16,Pasar Stasiun Majalaya,BAWANG BOMBAY,38000.0
2026-08-16,Pasar Stasiun Majalaya,BAWANG DAUN,14000.0
2026-08-16,Pasar Stasiun Majalaya,BAWANG MERAH,36000.0
2026-08-16,Pasar Stasiun Majalaya,BAWANG MERAH BATU,32000.0
2026-08-16,Pasar Stasiun Majalaya,BAWANG PUTIH BIASA,36000.0
2026-08-16,Pasar Stasiun Majalaya,BAWANG PUTIH KATING,
2026-08-16,Pasar Stasiun Majalaya,BAWANG SUMENEP,50000.0
2026-08-16,Pasar Stasiun Majalaya,BAYAM,3000.0
2026-08-16,Pasar Stasiun Majalaya,BERAS IR. 64,
2026-08-16,Pasar Stasiun Majalaya,BERAS MEDIUM,15000.0
2026-08-16,Pasar Stasiun Majalaya,BERAS PREMIUM,16000.0
2026-08-16,Pasar Stasiun Majalaya,CABE HIJAU BIASA,24000.0
2026-08-16,Pasar Stasiun Majalaya,CABE MERAH KERITING,40000.0
2026-08-16,Pasar Stasiun Majalaya,CABE MERAH TANJUNG,95000.0
2026-08-16,Pasar Stasiun Majalaya,CABE MERAH TW,
2026-08-16,Pasar Stasiun Majalaya,CABE RAWIT HIJAU,50000.0
2026-08-16,Pasar Stasiun Majalaya,CABE RAWIT MERAH,45000.0
2026-08-16,Pasar Stasiun Majalaya,DAGING AYAM BROILER,44000.0
2026-08-16,Pasar Stasiun Majalaya,DAGING AYAM KAMPUNG,80000.0
2026-08-16,Pasar Stasiun Majalaya,DAGING SAPI IMPOR BEKU,130000.0
2026-08-16,Pasar Stasiun Majalaya,DAGING SAPI LOKAL HAS DALAM,150000.0
2026-08-16,Pasar Stasiun Majalaya,DAGING SAPI LOKAL HAS LUAR,140000.0
2026-08-16,Pasar Stasiun Majalaya,DAGING SAPI LOKAL PAHA BELAKANG,140000.0
2026-08-16,Pasar Stasiun Majalaya,DAGING SAPI LOKAL PAHA DEPAN,140000.0
2026-08-16,Pasar Stasiun Majalaya,DAGING SAPI LOKAL SANDUNG LAMUR,135000.0
2026-08-16,Pasar Stasiun Majalaya,DAGING SAPI LOKAL TETELAN,70000.0
2026-08-16,Pasar Stasiun Majalaya,DAGING SAPI MURNI,155000.0
2026-08-16,Pasar Stasiun Majalaya,GARAM BATA,18000.0
2026-08-16,Pasar Stasiun Majalaya,GARAM HALUS YODIUM,2500.0
2026-08-16,Pasar Stasiun Majalaya,GAS LPG 3 Kg,22000.0
2026-08-16,Pasar Stasiun Majalaya,GULA MERAH,24000.0
2026-08-16,Pasar Stasiun Majalaya,GULA PASIR GULA KU,
2026-08-16,Pasar Stasiun Majalaya,GULA PASIR LOKAL,19000.0
2026-08-16,Pasar Stasiun Majalaya,IKAN BANDENG,40000.0
2026-08-16,Pasar Stasiun Majalaya,Ikan Bawal Air Tawar,34000.0
2026-08-16,Pasar Stasiun Majalaya,Ikan Gurame,55000.0
2026-08-16,Pasar Stasiun Majalaya,IKAN KEMBUNG,50000.0
2026-08-16,Pasar Stasiun Majalaya,Ikan Lele,30000.0
2026-08-16,Pasar Stasiun Majalaya,IKAN MAS,32000.0
2026-08-16,Pasar Stasiun Majalaya,Ikan Nila,36000.0
2026-08-16,Pasar Stasiun Majalaya,Ikan Patin,32000.0
2026-08-16,Pasar Stasiun Majalaya,IKAN TONGKOL,40000.0
2026-08-16,Pasar Stasiun Majalaya,JAGUNG MANIS,10000.0
2026-08-16,Pasar Stasiun Majalaya,JAGUNG PIPILAN,
2026-08-16,Pasar Stasiun Majalaya,JERUK,30000.0
2026-08-16,Pasar Stasiun Majalaya,KACANG HIJAU,38000.0
2026-08-16,Pasar Stasiun Majalaya,KACANG KEDELAI IMPOR,16000.0
2026-08-16,Pasar Stasiun Majalaya,KACANG KEDELAI LOKAL,14000.0
2026-08-16,Pasar Stasiun Majalaya,KACANG PANJANG,16000.0
2026-08-16,Pasar Stasiun Majalaya,KACANG TANAH KUPAS,40000.0
2026-08-16,Pasar Stasiun Majalaya,KANGKUNG,3000.0
2026-08-16,Pasar Stasiun Majalaya,KENTANG DIENG,20000.0
2026-08-16,Pasar Stasiun Majalaya,KETELA POHON,6000.0
2026-08-16,Pasar Stasiun Majalaya,MELON,20000.0
2026-08-16,Pasar Stasiun Majalaya,MIE INSTAN INDOMIE,3000.0
2026-08-16,Pasar Stasiun Majalaya,MINYAK BIMOLI,24000.0
2026-08-16,Pasar Stasiun Majalaya,MINYAK CURAH,22000.0
2026-08-16,Pasar Stasiun Majalaya,MINYAKITA,21000.0
2026-08-16,Pasar Stasiun Majalaya,MINYAK SANIA,20588888888886.0
2026-08-16,Pasar Stasiun Majalaya,PAKCOY,10000.0
2026-08-16,Pasar Stasiun Majalaya,PEPAYA,15000.0
2026-08-16,Pasar Stasiun Majalaya,PISANG,8000.0
2026-08-16,Pasar Stasiun Majalaya,SAWI PUTIH,8000.0
2026-08-16,Pasar Stasiun Majalaya,SAYURAN BUNCIS,24000.0
2026-08-16,Pasar Stasiun Majalaya,SAYURAN KENTANG LOKAL,15000.0
2026-08-16,Pasar Stasiun Majalaya,SAYURAN KOL/KUBIS,7000.0
2026-08-16,Pasar Stasiun Majalaya,SAYURAN TOMAT,8000.0
2026-08-16,Pasar Stasiun Majalaya,SAYURAN WORTEL,18000.0
2026-08-16,Pasar Stasiun Majalaya,SKM BENDERA,13000.0
2026-08-16,Pasar Stasiun Majalaya,SKM CAP ENAK,11500.0
2026-08-16,Pasar Stasiun Majalaya,SKM INDOMILK,12500.0
2026-08-16,Pasar Stasiun Majalaya,SUSU BALITA (SGM),
2026-08-16,Pasar Stasiun Majalaya,SUSU BUBUK DANCOW VANILA,
2026-08-16,Pasar Stasiun Majalaya,TAHU,12000.0
2026-08-16,Pasar Stasiun Majalaya,TELUR AYAM BROILER,26000.0
2026-08-16,Pasar Stasiun Majalaya,TELUR AYAM KAMPUNG,4000.0
2026-08-16,Pasar Stasiun Majalaya,TEMPE,14000.0
2026-08-16,Pasar Stasiun Majalaya,TERIGU CAKRA KEMBAR,14000.0
2026-08-16,Pasar Stasiun Majalaya,TERIGU CURAH,10000.0
2026-08-16,Pasar Stasiun Majalaya,TERIGU KUNCI BIRU,12000.0
2026-08-16,Pasar Stasiun Majalaya,TERIGU SEGITIGA BIRU,13000.0
2026-08-16,Pasar Stasiun Majalaya,TERI KERITING,100000.0
2026-08-16,Pasar Stasiun Majalaya,TERI MEDAN,160000.0
2026-08-16,Pasar Stasiun Majalaya,TIMUN,15000.0
2026-08-16,Pasar Stasiun Majalaya,TOMAT HIJAU,7000.0
2026-08-16,Pasar Stasiun Majalaya,UBI JALAR PUTIH,8000.0
2026-08-16,Pasar Stasiun Majalaya,UDANG,100000.0
2026-08-16,Pasar Baru Majalaya,BAWANG BOMBAY,38000.0
2026-08-16,Pasar Baru Majalaya,BAWANG DAUN,14000.0
2026-08-16,Pasar Baru Majalaya,BAWANG MERAH,36000.0
2026-08-16,Pasar Baru Majalaya,BAWANG MERAH BATU,28000.0
2026-08-16,Pasar Baru Majalaya,BAWANG PUTIH BIASA,32000.0
2026-08-16,Pasar Baru Majalaya,BAWANG PUTIH KATING,
2026-08-16,Pasar Baru Majalaya,BAWANG SUMENEP,48000.0
2026-08-16,Pasar Baru Majalaya,BAYAM,3000.0
2026-08-16,Pasar Baru Majalaya,BERAS IR. 64,15000.0
2026-08-16,Pasar Baru Majalaya,BERAS MEDIUM,14500.0
2026-08-16,Pasar Baru Majalaya,BERAS PREMIUM,16000.0
2026-08-16,Pasar Baru Majalaya,CABE HIJAU BIASA,34000.0
2026-08-16,Pasar Baru Majalaya,CABE MERAH KERITING,45000.0
2026-08-16,Pasar Baru Majalaya,CABE MERAH TANJUNG,100000.0
2026-08-16,Pasar Baru Majalaya,CABE MERAH TW,
2026-08-16,Pasar Baru Majalaya,CABE RAWIT HIJAU,50000.0
2026-08-16,Pasar Baru Majalaya,CABE RAWIT MERAH,48000.0
2026-08-16,Pasar Baru Majalaya,DAGING AYAM BROILER,43000.0
2026-08-16,Pasar Baru Majalaya,DAGING AYAM KAMPUNG,
2026-08-16,Pasar Baru Majalaya,DAGING SAPI IMPOR BEKU,130000.0
2026-08-16,Pasar Baru Majalaya,DAGING SAPI LOKAL HAS DALAM,14000.0
2026-08-16,Pasar Baru Majalaya,DAGING SAPI LOKAL HAS LUAR,130000.0
2026-08-16,Pasar Baru Majalaya,DAGING SAPI LOKAL PAHA BELAKANG,130000.0
2026-08-16,Pasar Baru Majalaya,DAGING SAPI LOKAL PAHA DEPAN,
2026-08-16,Pasar Baru Majalaya,DAGING SAPI LOKAL SANDUNG LAMUR,
2026-08-16,Pasar Baru Majalaya,DAGING SAPI LOKAL TETELAN,
2026-08-16,Pasar Baru Majalaya,DAGING SAPI MURNI,
2026-08-16,Pasar Baru Majalaya,GARAM BATA,
2026-08-16,Pasar Baru Majalaya,GARAM HALUS YODIUM,
2026-08-16,Pasar Baru Majalaya,GAS LPG 3 Kg,
2026-08-16,Pasar Baru Majalaya,GULA MERAH,
2026-08-16,Pasar Baru Majalaya,GULA PASIR GULA KU,
2026-08-16,Pasar Baru Majalaya,GULA PASIR LOKAL,
2026-08-16,Pasar Baru Majalaya,IKAN BANDENG,
2026-08-16,Pasar Baru Majalaya,Ikan Bawal Air Tawar,
2026-08-16,Pasar Baru Majalaya,Ikan Gurame,
2026-08-16,Pasar Baru Majalaya,IKAN KEMBUNG,
2026-08-16,Pasar Baru Majalaya,Ikan Lele,
2026-08-16,Pasar Baru Majalaya,IKAN MAS,
2026-08-16,Pasar Baru Majalaya,Ikan Nila,
2026-08-16,Pasar Baru Majalaya,Ikan Patin,
2026-08-16,Pasar Baru Majalaya,IKAN TONGKOL,
2026-08-16,Pasar Baru Majalaya,JAGUNG MANIS,
2026-08-16,Pasar Baru Majalaya,JAGUNG PIPILAN,
2026-08-16,Pasar Baru Majalaya,JERUK,
2026-08-16,Pasar Baru Majalaya,KACANG HIJAU,
2026-08-16,Pasar Baru Majalaya,KACANG KEDELAI IMPOR,
2026-08-16,Pasar Baru Majalaya,KACANG KEDELAI LOKAL,
2026-08-16,Pasar Baru Majalaya,KACANG PANJANG,
2026-08-16,Pasar Baru Majalaya,KACANG TANAH KUPAS,
2026-08-16,Pasar Baru Majalaya,KANGKUNG,
2026-08-16,Pasar Baru Majalaya,KENTANG DIENG,
2026-08-16,Pasar Baru Majalaya,KETELA POHON,
2026-08-16,Pasar Baru Majalaya,MELON,
2026-08-16,Pasar Baru Majalaya,MIE INSTAN INDOMIE,
2026-08-16,Pasar Baru Majalaya,MINYAK BIMOLI,
2026-08-16,Pasar Baru Majalaya,MINYAK CURAH,
2026-08-16,Pasar Baru Majalaya,MINYAKITA,
2026-08-16,Pasar Baru Majalaya,MINYAK SANIA,
2026-08-16,Pasar Baru Majalaya,PAKCOY,
2026-08-16,Pasar Baru Majalaya,PEPAYA,
2026-08-16,Pasar Baru Majalaya,PISANG,
2026-08-16,Pasar Baru Majalaya,SAWI PUTIH,
2026-08-16,Pasar Baru Majalaya,SAYURAN BUNCIS,
2026-08-16,Pasar Baru Majalaya,SAYURAN KENTANG LOKAL,
2026-08-16,Pasar Baru Majalaya,SAYURAN KOL/KUBIS,
2026-08-16,Pasar Baru Majalaya,SAYURAN TOMAT,
2026-08-16,Pasar Baru Majalaya,SAYURAN WORTEL,
2026-08-16,Pasar Baru Majalaya,SKM BENDERA,
2026-08-16,Pasar Baru Majalaya,SKM CAP ENAK,
2026-08-16,Pasar Baru Majalaya,SKM INDOMILK,
2026-08-16,Pasar Baru Majalaya,SUSU BALITA (SGM),
2026-08-16,Pasar Baru Majalaya,SUSU BUBUK DANCOW VANILA,
2026-08-16,Pasar Baru Majalaya,TAHU,
2026-08-16,Pasar Baru Majalaya,TELUR AYAM BROILER,
2026-08-16,Pasar Baru Majalaya,TELUR AYAM KAMPUNG,
2026-08-16,Pasar Baru Majalaya,TEMPE,
2026-08-16,Pasar Baru Majalaya,TERIGU CAKRA KEMBAR,
2026-08-16,Pasar Baru Majalaya,TERIGU CURAH,
2026-08-16,Pasar Baru Majalaya,TERIGU KUNCI BIRU,
2026-08-16,Pasar Baru Majalaya,TERIGU SEGITIGA BIRU,
2026-08-16,Pasar Baru Majalaya,TERI KERITING,
2026-08-16,Pasar Baru Majalaya,TERI MEDAN,
2026-08-16,Pasar Baru Majalaya,TIMUN,
2026-08-16,Pasar Baru Majalaya,TOMAT HIJAU,
2026-08-16,Pasar Baru Majalaya,UBI JALAR PUTIH,
2026-08-16,Pasar Baru Majalaya,UDANG,
2026-08-16,Pasar Sehat Cicalengka,BAWANG BOMBAY,
2026-08-16,Pasar Sehat Cicalengka,BAWANG DAUN,
2026-08-16,Pasar Sehat Cicalengka,BAWANG MERAH,
2026-08-16,Pasar Sehat Cicalengka,BAWANG MERAH BATU,
2026-08-16,Pasar Sehat Cicalengka,BAWANG PUTIH BIASA,
2026-08-16,Pasar Sehat Cicalengka,BAWANG PUTIH KATING,
2026-08-16,Pasar Sehat Cicalengka,BAWANG SUMENEP,
2026-08-16,Pasar Sehat Cicalengka,BAYAM,
2026-08-16,Pasar Sehat Cicalengka,BERAS IR. 64,
2026-08-16,Pasar Sehat Cicalengka,BERAS MEDIUM,
2026-08-16,Pasar Sehat Cicalengka,BERAS PREMIUM,
2026-08-16,Pasar Sehat Cicalengka,CABE HIJAU BIASA,
2026-08-16,Pasar Sehat Cicalengka,CABE MERAH KERITING,
2026-08-16,Pasar Sehat Cicalengka,CABE MERAH TANJUNG,
2026-08-16,Pasar Sehat Cicalengka,CABE MERAH TW,
2026-08-16,Pasar Sehat Cicalengka,CABE RAWIT HIJAU,
2026-08-16,Pasar Sehat Cicalengka,CABE RAWIT MERAH,
2026-08-16,Pasar Sehat Cicalengka,DAGING AYAM BROILER,
2026-08-16,Pasar Sehat Cicalengka,DAGING AYAM KAMPUNG,
2026-08-16,Pasar Sehat Cicalengka,DAGING SAPI IMPOR BEKU,
2026-08-16,Pasar Sehat Cicalengka,DAGING SAPI LOKAL HAS DALAM,
2026-08-16,Pasar Sehat Cicalengka,DAGING SAPI LOKAL HAS LUAR,
2026-08-16,Pasar Sehat Cicalengka,DAGING SAPI LOKAL PAHA BELAKANG,
2026-08-16,Pasar Sehat Cicalengka,DAGING SAPI LOKAL PAHA DEPAN,
2026-08-16,Pasar Sehat Cicalengka,DAGING SAPI LOKAL SANDUNG LAMUR,
2026-08-16,Pasar Sehat Cicalengka,DAGING SAPI LOKAL TETELAN,
2026-08-16,Pasar Sehat Cicalengka,DAGING SAPI MURNI,
2026-08-16,Pasar Sehat Cicalengka,GARAM BATA,
2026-08-16,Pasar Sehat Cicalengka,GARAM HALUS YODIUM,
2026-08-16,Pasar Sehat Cicalengka,GAS LPG 3 Kg,
2026-08-16,Pasar Sehat Cicalengka,GULA MERAH,
2026-08-16,Pasar Sehat Cicalengka,GULA PASIR GULA KU,
2026-08-16,Pasar Sehat Cicalengka,GULA PASIR LOKAL,
2026-08-16,Pasar Sehat Cicalengka,IKAN BANDENG,
2026-08-16,Pasar Sehat Cicalengka,Ikan Bawal Air Tawar,
2026-08-16,Pasar Sehat Cicalengka,Ikan Gurame,
2026-08-16,Pasar Sehat Cicalengka,IKAN KEMBUNG,
2026-08-16,Pasar Sehat Cicalengka,Ikan Lele,
2026-08-16,Pasar Sehat Cicalengka,IKAN MAS,
2026-08-16,Pasar Sehat Cicalengka,Ikan Nila,
2026-08-16,Pasar Sehat Cicalengka,Ikan Patin,
2026-08-16,Pasar Sehat Cicalengka,IKAN TONGKOL,
2026-08-16,Pasar Sehat Cicalengka,JAGUNG MANIS,
2026-08-16,Pasar Sehat Cicalengka,JAGUNG PIPILAN,
2026-08-16,Pasar Sehat Cicalengka,JERUK,
2026-08-16,Pasar Sehat Cicalengka,KACANG HIJAU,
2026-08-16,Pasar Sehat Cicalengka,KACANG KEDELAI IMPOR,
2026-08-16,Pasar Sehat Cicalengka,KACANG KEDELAI LOKAL,
2026-08-16,Pasar Sehat Cicalengka,KACANG PANJANG,
2026-08-16,Pasar Sehat Cicalengka,KACANG TANAH KUPAS,
2026-08-16,Pasar Sehat Cicalengka,KANGKUNG,
2026-08-16,Pasar Sehat Cicalengka,KENTANG DIENG,
2026-08-16,Pasar Sehat Cicalengka,KETELA POHON,
2026-08-16,Pasar Sehat Cicalengka,MELON,
2026-08-16,Pasar Sehat Cicalengka,MIE INSTAN INDOMIE,
2026-08-16,Pasar Sehat Cicalengka,MINYAK BIMOLI,
2026-08-16,Pasar Sehat Cicalengka,MINYAK CURAH,
2026-08-16,Pasar Sehat Cicalengka,MINYAKITA,
2026-08-16,Pasar Sehat Cicalengka,MINYAK SANIA,
2026-08-16,Pasar Sehat Cicalengka,PAKCOY,
2026-08-16,Pasar Sehat Cicalengka,PEPAYA,
2026-08-16,Pasar Sehat Cicalengka,PISANG,
2026-08-16,Pasar Sehat Cicalengka,SAWI PUTIH,
2026-08-16,Pasar Sehat Cicalengka,SAYURAN BUNCIS,
2026-08-16,Pasar Sehat Cicalengka,SAYURAN KENTANG LOKAL,
2026-08-16,Pasar Sehat Cicalengka,SAYURAN KOL/KUBIS,
2026-08-16,Pasar Sehat Cicalengka,SAYURAN TOMAT,
2026-08-16,Pasar Sehat Cicalengka,SAYURAN WORTEL,
2026-08-16,Pasar Sehat Cicalengka,SKM BENDERA,
2026-08-16,Pasar Sehat Cicalengka,SKM CAP ENAK,
2026-08-16,Pasar Sehat Cicalengka,SKM INDOMILK,
2026-08-16,Pasar Sehat Cicalengka,SUSU BALITA (SGM),
2026-08-16,Pasar Sehat Cicalengka,SUSU BUBUK DANCOW VANILA,
2026-08-16,Pasar Sehat Cicalengka,TAHU,
2026-08-16,Pasar Sehat Cicalengka,TELUR AYAM BROILER,
2026-08-16,Pasar Sehat Cicalengka,TELUR AYAM KAMPUNG,
2026-08-16,Pasar Sehat Cicalengka,TEMPE,
2026-08-16,Pasar Sehat Cicalengka,TERIGU CAKRA KEMBAR,
2026-08-16,Pasar Sehat Cicalengka,TERIGU CURAH,
2026-08-16,Pasar Sehat Cicalengka,TERIGU KUNCI BIRU,
2026-08-16,Pasar Sehat Cicalengka,TERIGU SEGITIGA BIRU,
2026-08-16,Pasar Sehat Cicalengka,TERI KERITING,
2026-08-16,Pasar Sehat Cicalengka,TERI MEDAN,
2026-08-16,Pasar Sehat Cicalengka,TIMUN,
2026-08-16,Pasar Sehat Cicalengka,TOMAT HIJAU,
2026-08-16,Pasar Sehat Cicalengka,UBI JALAR PUTIH,
2026-08-16,Pasar Sehat Cicalengka,UDANG,
2026-08-16,Pasar Cileunyi,BAWANG BOMBAY,
2026-08-16,Pasar Cileunyi,BAWANG DAUN,
2026-08-16,Pasar Cileunyi,BAWANG MERAH,
2026-08-16,Pasar Cileunyi,BAWANG MERAH BATU,
2026-08-16,Pasar Cileunyi,BAWANG PUTIH BIASA,
2026-08-16,Pasar Cileunyi,BAWANG PUTIH KATING,
2026-08-16,Pasar Cileunyi,BAWANG SUMENEP,
2026-08-16,Pasar Cileunyi,BAYAM,
2026-08-16,Pasar Cileunyi,BERAS IR. 64,
2026-08-16,Pasar Cileunyi,BERAS MEDIUM,
2026-08-16,Pasar Cileunyi,BERAS PREMIUM,
2026-08-16,Pasar Cileunyi,CABE HIJAU BIASA,
2026-08-16,Pasar Cileunyi,CABE MERAH KERITING,
2026-08-16,Pasar Cileunyi,CABE MERAH TANJUNG,
2026-08-16,Pasar Cileunyi,CABE MERAH TW,
2026-08-16,Pasar Cileunyi,CABE RAWIT HIJAU,
2026-08-16,Pasar Cileunyi,CABE RAWIT MERAH,
2026-08-16,Pasar Cileunyi,DAGING AYAM BROILER,
2026-08-16,Pasar Cileunyi,DAGING AYAM KAMPUNG,
2026-08-16,Pasar Cileunyi,DAGING SAPI IMPOR BEKU,
2026-08-16,Pasar Cileunyi,DAGING SAPI LOKAL HAS DALAM,
2026-08-16,Pasar Cileunyi,DAGING SAPI LOKAL HAS LUAR,
2026-08-16,Pasar Cileunyi,DAGING SAPI LOKAL PAHA BELAKANG,
2026-08-16,Pasar Cileunyi,DAGING SAPI LOKAL PAHA DEPAN,
2026-08-16,Pasar Cileunyi,DAGING SAPI LOKAL SANDUNG LAMUR,
2026-08-16,Pasar Cileunyi,DAGING SAPI LOKAL TETELAN,
2026-08-16,Pasar Cileunyi,DAGING SAPI MURNI,
2026-08-16,Pasar Cileunyi,GARAM BATA,
2026-08-16,Pasar Cileunyi,GARAM HALUS YODIUM,
2026-08-16,Pasar Cileunyi,GAS LPG 3 Kg,
2026-08-16,Pasar Cileunyi,GULA MERAH,
2026-08-16,Pasar Cileunyi,GULA PASIR GULA KU,
2026-08-16,Pasar Cileunyi,GULA PASIR LOKAL,
2026-08-16,Pasar Cileunyi,IKAN BANDENG,
2026-08-16,Pasar Cileunyi,Ikan Bawal Air Tawar,
2026-08-16,Pasar Cileunyi,Ikan Gurame,
2026-08-16,Pasar Cileunyi,IKAN KEMBUNG,
2026-08-16,Pasar Cileunyi,Ikan Lele,
2026-08-16,Pasar Cileunyi,IKAN MAS,
2026-08-16,Pasar Cileunyi,Ikan Nila,
2026-08-16,Pasar Cileunyi,Ikan Patin,
2026-08-16,Pasar Cileunyi,IKAN TONGKOL,
2026-08-16,Pasar Cileunyi,JAGUNG MANIS,
2026-08-16,Pasar Cileunyi,JAGUNG PIPILAN,
2026-08-16,Pasar Cileunyi,JERUK,
2026-08-16,Pasar Cileunyi,KACANG HIJAU,
2026-08-16,Pasar Cileunyi,KACANG KEDELAI IMPOR,
2026-08-16,Pasar Cileunyi,KACANG KEDELAI LOKAL,
2026-08-16,Pasar Cileunyi,KACANG PANJANG,
2026-08-16,Pasar Cileunyi,KACANG TANAH KUPAS,
2026-08-16,Pasar Cileunyi,KANGKUNG,
2026-08-16,Pasar Cileunyi,KENTANG DIENG,
2026-08-16,Pasar Cileunyi,KETELA POHON,
2026-08-16,Pasar Cileunyi,MELON,
2026-08-16,Pasar Cileunyi,MIE INSTAN INDOMIE,
2026-08-16,Pasar Cileunyi,MINYAK BIMOLI,
2026-08-16,Pasar Cileunyi,MINYAK CURAH,
2026-08-16,Pasar Cileunyi,MINYAKITA,
2026-08-16,Pasar Cileunyi,MINYAK SANIA,
2026-08-16,Pasar Cileunyi,PAKCOY,
2026-08-16,Pasar Cileunyi,PEPAYA,
2026-08-16,Pasar Cileunyi,PISANG,
2026-08-16,Pasar Cileunyi,SAWI PUTIH,
2026-08-16,Pasar Cileunyi,SAYURAN BUNCIS,
2026-08-16,Pasar Cileunyi,SAYURAN KENTANG LOKAL,
2026-08-16,Pasar Cileunyi,SAYURAN KOL/KUBIS,
2026-08-16,Pasar Cileunyi,SAYURAN TOMAT,
2026-08-16,Pasar Cileunyi,SAYURAN WORTEL,
2026-08-16,Pasar Cileunyi,SKM BENDERA,
2026-08-16,Pasar Cileunyi,SKM CAP ENAK,
2026-08-16,Pasar Cileunyi,SKM INDOMILK,
2026-08-16,Pasar Cileunyi,SUSU BALITA (SGM),
2026-08-16,Pasar Cileunyi,SUSU BUBUK DANCOW VANILA,
2026-08-16,Pasar Cileunyi,TAHU,
2026-08-16,Pasar Cileunyi,TELUR AYAM BROILER,
2026-08-16,Pasar Cileunyi,TELUR AYAM KAMPUNG,
2026-08-16,Pasar Cileunyi,TEMPE,
2026-08-16,Pasar Cileunyi,TERIGU CAKRA KEMBAR,
2026-08-16,Pasar Cileunyi,TERIGU CURAH,
2026-08-16,Pasar Cileunyi,TERIGU KUNCI BIRU,
2026-08-16,Pasar Cileunyi,TERIGU SEGITIGA BIRU,
2026-08-16,Pasar Cileunyi,TERI KERITING,
2026-08-16,Pasar Cileunyi,TERI MEDAN,
2026-08-16,Pasar Cileunyi,TIMUN,
2026-08-16,Pasar Cileunyi,TOMAT HIJAU,
2026-08-16,Pasar Cileunyi,UBI JALAR PUTIH,
2026-08-16,Pasar Cileunyi,UDANG,
2026-08-16,Pasar Banjaran,BAWANG BOMBAY,32000.0
2026-08-16,Pasar Banjaran,BAWANG DAUN,14000.0
2026-08-16,Pasar Banjaran,BAWANG MERAH,32000.0
2026-08-16,Pasar Banjaran,BAWANG MERAH BATU,28000.0
2026-08-16,Pasar Banjaran,BAWANG PUTIH BIASA,35000.0
2026-08-16,Pasar Banjaran,BAWANG PUTIH KATING,
2026-08-16,Pasar Banjaran,BAWANG SUMENEP,40000.0
2026-08-16,Pasar Banjaran,BAYAM,2000.0
2026-08-16,Pasar Banjaran,BERAS IR. 64,15000.0
2026-08-16,Pasar Banjaran,BERAS MEDIUM,14500.0
2026-08-16,Pasar Banjaran,BERAS PREMIUM,15500.0
2026-08-16,Pasar Banjaran,CABE HIJAU BIASA,28000.0
2026-08-16,Pasar Banjaran,CABE MERAH KERITING,36000.0
2026-08-16,Pasar Banjaran,CABE MERAH TANJUNG,100000.0
2026-08-16,Pasar Banjaran,CABE MERAH TW,
2026-08-16,Pasar Banjaran,CABE RAWIT HIJAU,44000.0
2026-08-16,Pasar Banjaran,CABE RAWIT MERAH,40000.0
2026-08-16,Pasar Banjaran,DAGING AYAM BROILER,42000.0
2026-08-16,Pasar Banjaran,DAGING AYAM KAMPUNG,70000.0
2026-08-16,Pasar Banjaran,DAGING SAPI IMPOR BEKU,120000.0
2026-08-16,Pasar Banjaran,DAGING SAPI LOKAL HAS DALAM,155000.0
2026-08-16,Pasar Banjaran,DAGING SAPI LOKAL HAS LUAR,145000.0
2026-08-16,Pasar Banjaran,DAGING SAPI LOKAL PAHA BELAKANG,145000.0
2026-08-16,Pasar Banjaran,DAGING SAPI LOKAL PAHA DEPAN,143000.0
2026-08-16,Pasar Banjaran,DAGING SAPI LOKAL SANDUNG LAMUR,130000.0
2026-08-16,Pasar Banjaran,DAGING SAPI LOKAL TETELAN,65000.0
2026-08-16,Pasar Banjaran,DAGING SAPI MURNI,145000.0
2026-08-16,Pasar Banjaran,GARAM BATA,20000.0
2026-08-16,Pasar Banjaran,GARAM HALUS YODIUM,3000.0
2026-08-16,Pasar Banjaran,GAS LPG 3 Kg,23000.0
2026-08-16,Pasar Banjaran,GULA MERAH,23000.0
2026-08-16,Pasar Banjaran,GULA PASIR GULA KU,
2026-08-16,Pasar Banjaran,GULA PASIR LOKAL,18500.0
2026-08-16,Pasar Banjaran,IKAN BANDENG,38000.0
2026-08-16,Pasar Banjaran,Ikan Bawal Air Tawar,32000.0
2026-08-16,Pasar Banjaran,Ikan Gurame,50000.0
2026-08-16,Pasar Banjaran,IKAN KEMBUNG,56000.0
2026-08-16,Pasar Banjaran,Ikan Lele,28000.0
2026-08-16,Pasar Banjaran,IKAN MAS,26000.0
2026-08-16,Pasar Banjaran,Ikan Nila,35000.0
2026-08-16,Pasar Banjaran,Ikan Patin,34000.0
2026-08-16,Pasar Banjaran,IKAN TONGKOL,42000.0
2026-08-16,Pasar Banjaran,JAGUNG MANIS,12000.0
2026-08-16,Pasar Banjaran,JAGUNG PIPILAN,20000.0
2026-08-16,Pasar Banjaran,JERUK,22000.0
2026-08-16,Pasar Banjaran,KACANG HIJAU,40000.0
2026-08-16,Pasar Banjaran,KACANG KEDELAI IMPOR,14000.0
2026-08-16,Pasar Banjaran,KACANG KEDELAI LOKAL,
2026-08-16,Pasar Banjaran,KACANG PANJANG,20000.0
2026-08-16,Pasar Banjaran,KACANG TANAH KUPAS,38000.0
2026-08-16,Pasar Banjaran,KANGKUNG,2000.0
2026-08-16,Pasar Banjaran,KENTANG DIENG,20000.0
2026-08-16,Pasar Banjaran,KETELA POHON,5000.0
2026-08-16,Pasar Banjaran,MELON,15000.0
2026-08-16,Pasar Banjaran,MIE INSTAN INDOMIE,3000.0
2026-08-16,Pasar Banjaran,MINYAK BIMOLI,23500.0
2026-08-16,Pasar Banjaran,MINYAK CURAH,22000.0
2026-08-16,Pasar Banjaran,MINYAKITA,21000.0
2026-08-16,Pasar Banjaran,MINYAK SANIA,23500.0
2026-08-16,Pasar Banjaran,PAKCOY,7000.0
2026-08-16,Pasar Banjaran,PEPAYA,14000.0
2026-08-16,Pasar Banjaran,PISANG,7000.0
2026-08-16,Pasar Banjaran,SAWI PUTIH,6000.0
2026-08-16,Pasar Banjaran,SAYURAN BUNCIS,20000.0
2026-08-16,Pasar Banjaran,SAYURAN KENTANG LOKAL,17000.0
2026-08-16,Pasar Banjaran,SAYURAN KOL/KUBIS,7000.0
2026-08-16,Pasar Banjaran,SAYURAN TOMAT,10000.0
2026-08-16,Pasar Banjaran,SAYURAN WORTEL,15000.0
2026-08-16,Pasar Banjaran,SKM BENDERA,12000.0
2026-08-16,Pasar Banjaran,SKM CAP ENAK,11500.0
2026-08-16,Pasar Banjaran,SKM INDOMILK,12500.0
2026-08-16,Pasar Banjaran,SUSU BALITA (SGM),42000.0
2026-08-16,Pasar Banjaran,SUSU BUBUK DANCOW VANILA,48250.0
2026-08-16,Pasar Banjaran,TAHU,7000.0
2026-08-16,Pasar Banjaran,TELUR AYAM BROILER,25000.0
2026-08-16,Pasar Banjaran,TELUR AYAM KAMPUNG,3000.0
2026-08-16,Pasar Banjaran,TEMPE,5000.0
2026-08-16,Pasar Banjaran,TERIGU CAKRA KEMBAR,13000.0
2026-08-16,Pasar Banjaran,TERIGU CURAH,8000.0
2026-08-16,Pasar Banjaran,TERIGU KUNCI BIRU,
2026-08-16,Pasar Banjaran,TERIGU SEGITIGA BIRU,12000.0
2026-08-16,Pasar Banjaran,TERI KERITING,100000.0
2026-08-16,Pasar Banjaran,TERI MEDAN,170000.0
2026-08-16,Pasar Banjaran,TIMUN,14000.0
2026-08-16,Pasar Banjaran,TOMAT HIJAU,6000.0
2026-08-16,Pasar Banjaran,UBI JALAR PUTIH,12000.0
2026-08-16,Pasar Banjaran,UDANG,94000.0
2026-08-16,Pasar Sehat Soreang,BAWANG BOMBAY,35000.0
2026-08-16,Pasar Sehat Soreang,BAWANG DAUN,14000.0
2026-08-16,Pasar Sehat Soreang,BAWANG MERAH,30000.0
2026-08-16,Pasar Sehat Soreang,BAWANG MERAH BATU,30000.0
2026-08-16,Pasar Sehat Soreang,BAWANG PUTIH BIASA,35000.0
2026-08-16,Pasar Sehat Soreang,BAWANG PUTIH KATING,
2026-08-16,Pasar Sehat Soreang,BAWANG SUMENEP,45000.0
2026-08-16,Pasar Sehat Soreang,BAYAM,2000.0
2026-08-16,Pasar Sehat Soreang,BERAS IR. 64,14000.0
2026-08-16,Pasar Sehat Soreang,BERAS MEDIUM,13500.0
2026-08-16,Pasar Sehat Soreang,BERAS PREMIUM,15000.0
2026-08-16,Pasar Sehat Soreang,CABE HIJAU BIASA,24000.0
2026-08-16,Pasar Sehat Soreang,CABE MERAH KERITING,35000.0
2026-08-16,Pasar Sehat Soreang,CABE MERAH TANJUNG,100000.0
2026-08-16,Pasar Sehat Soreang,CABE MERAH TW,90000.0
2026-08-16,Pasar Sehat Soreang,CABE RAWIT HIJAU,50000.0
2026-08-16,Pasar Sehat Soreang,CABE RAWIT MERAH,45000.0
2026-08-16,Pasar Sehat Soreang,DAGING AYAM BROILER,43000.0
2026-08-16,Pasar Sehat Soreang,DAGING AYAM KAMPUNG,70000.0
2026-08-16,Pasar Sehat Soreang,DAGING SAPI IMPOR BEKU,115000.0
2026-08-16,Pasar Sehat Soreang,DAGING SAPI LOKAL HAS DALAM,150000.0
2026-08-16,Pasar Sehat Soreang,DAGING SAPI LOKAL HAS LUAR,140000.0
2026-08-16,Pasar Sehat Soreang,DAGING SAPI LOKAL PAHA BELAKANG,150000.0
2026-08-16,Pasar Sehat Soreang,DAGING SAPI LOKAL PAHA DEPAN,140000.0
2026-08-16,Pasar Sehat Soreang,DAGING SAPI LOKAL SANDUNG LAMUR,120000.0
2026-08-16,Pasar Sehat Soreang,DAGING SAPI LOKAL TETELAN,70000.0
2026-08-16,Pasar Sehat Soreang,DAGING SAPI MURNI,150000.0
2026-08-16,Pasar Sehat Soreang,GARAM BATA,30000.0
2026-08-16,Pasar Sehat Soreang,GARAM HALUS YODIUM,3000.0
2026-08-16,Pasar Sehat Soreang,GAS LPG 3 Kg,21000.0
2026-08-16,Pasar Sehat Soreang,GULA MERAH,24000.0
2026-08-16,Pasar Sehat Soreang,GULA PASIR GULA KU,20000.0
2026-08-16,Pasar Sehat Soreang,GULA PASIR LOKAL,17500.0
2026-08-16,Pasar Sehat Soreang,IKAN BANDENG,40000.0
2026-08-16,Pasar Sehat Soreang,Ikan Bawal Air Tawar,30000.0
2026-08-16,Pasar Sehat Soreang,Ikan Gurame,55000.0
2026-08-16,Pasar Sehat Soreang,IKAN KEMBUNG,50000.0
2026-08-16,Pasar Sehat Soreang,Ikan Lele,32000.0
2026-08-16,Pasar Sehat Soreang,IKAN MAS,30000.0
2026-08-16,Pasar Sehat Soreang,Ikan Nila,35000.0
2026-08-16,Pasar Sehat Soreang,Ikan Patin,30000.0
2026-08-16,Pasar Sehat Soreang,IKAN TONGKOL,44000.0
2026-08-16,Pasar Sehat Soreang,JAGUNG MANIS,15000.0
2026-08-16,Pasar Sehat Soreang,JAGUNG PIPILAN,20000.0
2026-08-16,Pasar Sehat Soreang,JERUK,22000.0
2026-08-16,Pasar Sehat Soreang,KACANG HIJAU,35000.0
2026-08-16,Pasar Sehat Soreang,KACANG KEDELAI IMPOR,12500.0
2026-08-16,Pasar Sehat Soreang,KACANG KEDELAI LOKAL,
2026-08-16,Pasar Sehat Soreang,KACANG PANJANG,24000.0
2026-08-16,Pasar Sehat Soreang,KACANG TANAH KUPAS,40000.0
2026-08-16,Pasar Sehat Soreang,KANGKUNG,2000.0
2026-08-16,Pasar Sehat Soreang,KENTANG DIENG,20000.0
2026-08-16,Pasar Sehat Soreang,KETELA POHON,6000.0
2026-08-16,Pasar Sehat Soreang,MELON,18000.0
2026-08-16,Pasar Sehat Soreang,MIE INSTAN INDOMIE,3000.0
2026-08-16,Pasar Sehat Soreang,MINYAK BIMOLI,22000.0
2026-08-16,Pasar Sehat Soreang,MINYAK CURAH,22000.0
2026-08-16,Pasar Sehat Soreang,MINYAKITA,15700.0
2026-08-16,Pasar Sehat Soreang,MINYAK SANIA,20000.0
2026-08-16,Pasar Sehat Soreang,PAKCOY,10000.0
2026-08-16,Pasar Sehat Soreang,PEPAYA,14000.0
2026-08-16,Pasar Sehat Soreang,PISANG,8000.0
2026-08-16,Pasar Sehat Soreang,SAWI PUTIH,7000.0
2026-08-16,Pasar Sehat Soreang,SAYURAN BUNCIS,20000.0
2026-08-16,Pasar Sehat Soreang,SAYURAN KENTANG LOKAL,15000.0
2026-08-16,Pasar Sehat Soreang,SAYURAN KOL/KUBIS,8000.0
2026-08-16,Pasar Sehat Soreang,SAYURAN TOMAT,8000.0
2026-08-16,Pasar Sehat Soreang,SAYURAN WORTEL,16000.0
2026-08-16,Pasar Sehat Soreang,SKM BENDERA,13000.0
2026-08-16,Pasar Sehat Soreang,SKM CAP ENAK,12000.0
2026-08-16,Pasar Sehat Soreang,SKM INDOMILK,12000.0
2026-08-16,Pasar Sehat Soreang,SUSU BALITA (SGM),42500.0
2026-08-16,Pasar Sehat Soreang,SUSU BUBUK DANCOW VANILA,54600.0
2026-08-16,Pasar Sehat Soreang,TAHU,10000.0
2026-08-16,Pasar Sehat Soreang,TELUR AYAM BROILER,23000.0
2026-08-16,Pasar Sehat Soreang,TELUR AYAM KAMPUNG,3000.0
2026-08-16,Pasar Sehat Soreang,TEMPE,12000.0
2026-08-16,Pasar Sehat Soreang,TERIGU CAKRA KEMBAR,14000.0
2026-08-16,Pasar Sehat Soreang,TERIGU CURAH,10000.0
2026-08-16,Pasar Sehat Soreang,TERIGU KUNCI BIRU,12000.0
2026-08-16,Pasar Sehat Soreang,TERIGU SEGITIGA BIRU,13000.0
2026-08-16,Pasar Sehat Soreang,TERI KERITING,80000.0
2026-08-16,Pasar Sehat Soreang,TERI MEDAN,170000.0
2026-08-16,Pasar Sehat Soreang,TIMUN,10000.0
2026-08-16,Pasar Sehat Soreang,TOMAT HIJAU,6000.0
2026-08-16,Pasar Sehat Soreang,UBI JALAR PUTIH,7000.0
2026-08-16,Pasar Sehat Soreang,UDANG,100000.0
2026-08-17,Pasar Margahayu,BAWANG BOMBAY,36000.0
2026-08-17,Pasar Margahayu,BAWANG DAUN,16000.0
2026-08-17,Pasar Margahayu,BAWANG MERAH,36000.0
2026-08-17,Pasar Margahayu,BAWANG MERAH BATU,
2026-08-17,Pasar Margahayu,BAWANG PUTIH BIASA,32000.0
2026-08-17,Pasar Margahayu,BAWANG PUTIH KATING,40000.0
2026-08-17,Pasar Margahayu,BAWANG SUMENEP,50000.0
2026-08-17,Pasar Margahayu,BAYAM,2500.0
2026-08-17,Pasar Margahayu,BERAS IR. 64,15000.0
2026-08-17,Pasar Margahayu,BERAS MEDIUM,14000.0
2026-08-17,Pasar Margahayu,BERAS PREMIUM,15500.0
2026-08-17,Pasar Margahayu,CABE HIJAU BIASA,40000.0
2026-08-17,Pasar Margahayu,CABE MERAH KERITING,40000.0
2026-08-17,Pasar Margahayu,CABE MERAH TANJUNG,120000.0
2026-08-17,Pasar Margahayu,CABE MERAH TW,50000.0
2026-08-17,Pasar Margahayu,CABE RAWIT HIJAU,50000.0
2026-08-17,Pasar Margahayu,CABE RAWIT MERAH,60000.0
2026-08-17,Pasar Margahayu,DAGING AYAM BROILER,44000.0
2026-08-17,Pasar Margahayu,DAGING AYAM KAMPUNG,
2026-08-17,Pasar Margahayu,DAGING SAPI IMPOR BEKU,
2026-08-17,Pasar Margahayu,DAGING SAPI LOKAL HAS DALAM,
2026-08-17,Pasar Margahayu,DAGING SAPI LOKAL HAS LUAR,140000.0
2026-08-17,Pasar Margahayu,DAGING SAPI LOKAL PAHA BELAKANG,140000.0
2026-08-17,Pasar Margahayu,DAGING SAPI LOKAL PAHA DEPAN,140000.0
2026-08-17,Pasar Margahayu,DAGING SAPI LOKAL SANDUNG LAMUR,130000.0
2026-08-17,Pasar Margahayu,DAGING SAPI LOKAL TETELAN,80000.0
2026-08-17,Pasar Margahayu,DAGING SAPI MURNI,140000.0
2026-08-17,Pasar Margahayu,GARAM BATA,35000.0
2026-08-17,Pasar Margahayu,GARAM HALUS YODIUM,2500.0
2026-08-17,Pasar Margahayu,GAS LPG 3 Kg,22000.0
2026-08-17,Pasar Margahayu,GULA MERAH,26000.0
2026-08-17,Pasar Margahayu,GULA PASIR GULA KU,19000.0
2026-08-17,Pasar Margahayu,GULA PASIR LOKAL,18000.0
2026-08-17,Pasar Margahayu,IKAN BANDENG,38000.0
2026-08-17,Pasar Margahayu,Ikan Bawal Air Tawar,30000.0
2026-08-17,Pasar Margahayu,Ikan Gurame,50000.0
2026-08-17,Pasar Margahayu,IKAN KEMBUNG,50000.0
2026-08-17,Pasar Margahayu,Ikan Lele,32000.0
2026-08-17,Pasar Margahayu,IKAN MAS,30000.0
2026-08-17,Pasar Margahayu,Ikan Nila,40000.0
2026-08-17,Pasar Margahayu,Ikan Patin,32000.0
2026-08-17,Pasar Margahayu,IKAN TONGKOL,46000.0
2026-08-17,Pasar Margahayu,JAGUNG MANIS,18000.0
2026-08-17,Pasar Margahayu,JAGUNG PIPILAN,20000.0
2026-08-17,Pasar Margahayu,JERUK,25000.0
2026-08-17,Pasar Margahayu,KACANG HIJAU,28000.0
2026-08-17,Pasar Margahayu,KACANG KEDELAI IMPOR,
2026-08-17,Pasar Margahayu,KACANG KEDELAI LOKAL,15000.0
2026-08-17,Pasar Margahayu,KACANG PANJANG,26000.0
2026-08-17,Pasar Margahayu,KACANG TANAH KUPAS,38000.0
2026-08-17,Pasar Margahayu,KANGKUNG,2000.0
2026-08-17,Pasar Margahayu,KENTANG DIENG,20000.0
2026-08-17,Pasar Margahayu,KETELA POHON,6000.0
2026-08-17,Pasar Margahayu,MELON,18000.0
2026-08-17,Pasar Margahayu,MIE INSTAN INDOMIE,3000.0
2026-08-17,Pasar Margahayu,MINYAK BIMOLI,
2026-08-17,Pasar Margahayu,MINYAK CURAH,21500.0
2026-08-17,Pasar Margahayu,MINYAKITA,20000.0
2026-08-17,Pasar Margahayu,MINYAK SANIA,
2026-08-17,Pasar Margahayu,PAKCOY,12000.0
2026-08-17,Pasar Margahayu,PEPAYA,16000.0
2026-08-17,Pasar Margahayu,PISANG,8000.0
2026-08-17,Pasar Margahayu,SAWI PUTIH,10000.0
2026-08-17,Pasar Margahayu,SAYURAN BUNCIS,30000.0
2026-08-17,Pasar Margahayu,SAYURAN KENTANG LOKAL,15000.0
2026-08-17,Pasar Margahayu,SAYURAN KOL/KUBIS,8000.0
2026-08-17,Pasar Margahayu,SAYURAN TOMAT,12000.0
2026-08-17,Pasar Margahayu,SAYURAN WORTEL,20000.0
2026-08-17,Pasar Margahayu,SKM BENDERA,13000.0
2026-08-17,Pasar Margahayu,SKM CAP ENAK,11500.0
2026-08-17,Pasar Margahayu,SKM INDOMILK,12000.0
2026-08-17,Pasar Margahayu,SUSU BALITA (SGM),42500.0
2026-08-17,Pasar Margahayu,SUSU BUBUK DANCOW VANILA,
2026-08-17,Pasar Margahayu,TAHU,10000.0
2026-08-17,Pasar Margahayu,TELUR AYAM BROILER,23000.0
2026-08-17,Pasar Margahayu,TELUR AYAM KAMPUNG,3000.0
2026-08-17,Pasar Margahayu,TEMPE,17000.0
2026-08-17,Pasar Margahayu,TERIGU CAKRA KEMBAR,15000.0
2026-08-17,Pasar Margahayu,TERIGU CURAH,10000.0
2026-08-17,Pasar Margahayu,TERIGU KUNCI BIRU,14000.0
2026-08-17,Pasar Margahayu,TERIGU SEGITIGA BIRU,13000.0
2026-08-17,Pasar Margahayu,TERI KERITING,70000.0
2026-08-17,Pasar Margahayu,TERI MEDAN,160000.0
2026-08-17,Pasar Margahayu,TIMUN,14000.0
2026-08-17,Pasar Margahayu,TOMAT HIJAU,8000.0
2026-08-17,Pasar Margahayu,UBI JALAR PUTIH,8000.0
2026-08-17,Pasar Margahayu,UDANG,68000.0
2026-08-17,Pasar Ciwidey,BAWANG BOMBAY,36000.0
2026-08-17,Pasar Ciwidey,BAWANG DAUN,14000.0
2026-08-17,Pasar Ciwidey,BAWANG MERAH,40000.0
2026-08-17,Pasar Ciwidey,BAWANG MERAH BATU,30000.0
2026-08-17,Pasar Ciwidey,BAWANG PUTIH BIASA,36000.0
2026-08-17,Pasar Ciwidey,BAWANG PUTIH KATING,
2026-08-17,Pasar Ciwidey,BAWANG SUMENEP,60000.0
2026-08-17,Pasar Ciwidey,BAYAM,2000.0
2026-08-17,Pasar Ciwidey,BERAS IR. 64,15000.0
2026-08-17,Pasar Ciwidey,BERAS MEDIUM,14500.0
2026-08-17,Pasar Ciwidey,BERAS PREMIUM,16000.0
2026-08-17,Pasar Ciwidey,CABE HIJAU BIASA,20000.0
2026-08-17,Pasar Ciwidey,CABE MERAH KERITING,40000.0
2026-08-17,Pasar Ciwidey,CABE MERAH TANJUNG,95000.0
2026-08-17,Pasar Ciwidey,CABE MERAH TW,80000.0
2026-08-17,Pasar Ciwidey,CABE RAWIT HIJAU,55000.0
2026-08-17,Pasar Ciwidey,CABE RAWIT MERAH,40000.0
2026-08-17,Pasar Ciwidey,DAGING AYAM BROILER,42000.0
2026-08-17,Pasar Ciwidey,DAGING AYAM KAMPUNG,70000.0
2026-08-17,Pasar Ciwidey,DAGING SAPI IMPOR BEKU,110000.0
2026-08-17,Pasar Ciwidey,DAGING SAPI LOKAL HAS DALAM,145000.0
2026-08-17,Pasar Ciwidey,DAGING SAPI LOKAL HAS LUAR,140000.0
2026-08-17,Pasar Ciwidey,DAGING SAPI LOKAL PAHA BELAKANG,145000.0
2026-08-17,Pasar Ciwidey,DAGING SAPI LOKAL PAHA DEPAN,140000.0
2026-08-17,Pasar Ciwidey,DAGING SAPI LOKAL SANDUNG LAMUR,125000.0
2026-08-17,Pasar Ciwidey,DAGING SAPI LOKAL TETELAN,70000.0
2026-08-17,Pasar Ciwidey,DAGING SAPI MURNI,145000.0
2026-08-17,Pasar Ciwidey,GARAM BATA,16000.0
2026-08-17,Pasar Ciwidey,GARAM HALUS YODIUM,3000.0
2026-08-17,Pasar Ciwidey,GAS LPG 3 Kg,23000.0
2026-08-17,Pasar Ciwidey,GULA MERAH,24000.0
2026-08-17,Pasar Ciwidey,GULA PASIR GULA KU,20000.0
2026-08-17,Pasar Ciwidey,GULA PASIR LOKAL,18000.0
2026-08-17,Pasar Ciwidey,IKAN BANDENG,45000.0
2026-08-17,Pasar Ciwidey,Ikan Bawal Air Tawar,32000.0
2026-08-17,Pasar Ciwidey,Ikan Gurame,60000.0
2026-08-17,Pasar Ciwidey,IKAN KEMBUNG,50000.0
2026-08-17,Pasar Ciwidey,Ikan Lele,35000.0
2026-08-17,Pasar Ciwidey,IKAN MAS,30000.0
2026-08-17,Pasar Ciwidey,Ikan Nila,32000.0
2026-08-17,Pasar Ciwidey,Ikan Patin,32000.0
2026-08-17,Pasar Ciwidey,IKAN TONGKOL,48000.0
2026-08-17,Pasar Ciwidey,JAGUNG MANIS,13000.0
2026-08-17,Pasar Ciwidey,JAGUNG PIPILAN,20000.0
2026-08-17,Pasar Ciwidey,JERUK,20000.0
2026-08-17,Pasar Ciwidey,KACANG HIJAU,36000.0
2026-08-17,Pasar Ciwidey,KACANG KEDELAI IMPOR,16000.0
2026-08-17,Pasar Ciwidey,KACANG KEDELAI LOKAL,
2026-08-17,Pasar Ciwidey,KACANG PANJANG,20000.0
2026-08-17,Pasar Ciwidey,KACANG TANAH KUPAS,38000.0
2026-08-17,Pasar Ciwidey,KANGKUNG,2000.0
2026-08-17,Pasar Ciwidey,KENTANG DIENG,20000.0
2026-08-17,Pasar Ciwidey,KETELA POHON,5000.0
2026-08-17,Pasar Ciwidey,MELON,13000.0
2026-08-17,Pasar Ciwidey,MIE INSTAN INDOMIE,3500.0
2026-08-17,Pasar Ciwidey,MINYAK BIMOLI,22500.0
2026-08-17,Pasar Ciwidey,MINYAK CURAH,21500.0
2026-08-17,Pasar Ciwidey,MINYAKITA,20000.0
2026-08-17,Pasar Ciwidey,MINYAK SANIA,22000.0
2026-08-17,Pasar Ciwidey,PAKCOY,8000.0
2026-08-17,Pasar Ciwidey,PEPAYA,15000.0
2026-08-17,Pasar Ciwidey,PISANG,8000.0
2026-08-17,Pasar Ciwidey,SAWI PUTIH,8000.0
2026-08-17,Pasar Ciwidey,SAYURAN BUNCIS,23000.0
2026-08-17,Pasar Ciwidey,SAYURAN KENTANG LOKAL,18000.0
2026-08-17,Pasar Ciwidey,SAYURAN KOL/KUBIS,7000.0
2026-08-17,Pasar Ciwidey,SAYURAN TOMAT,8000.0
2026-08-17,Pasar Ciwidey,SAYURAN WORTEL,20000.0
2026-08-17,Pasar Ciwidey,SKM BENDERA,13000.0
2026-08-17,Pasar Ciwidey,SKM CAP ENAK,12000.0
2026-08-17,Pasar Ciwidey,SKM INDOMILK,12500.0
2026-08-17,Pasar Ciwidey,SUSU BALITA (SGM),48000.0
2026-08-17,Pasar Ciwidey,SUSU BUBUK DANCOW VANILA,
2026-08-17,Pasar Ciwidey,TAHU,12000.0
2026-08-17,Pasar Ciwidey,TELUR AYAM BROILER,24000.0
2026-08-17,Pasar Ciwidey,TELUR AYAM KAMPUNG,3500.0
2026-08-17,Pasar Ciwidey,TEMPE,13000.0
2026-08-17,Pasar Ciwidey,TERIGU CAKRA KEMBAR,14000.0
2026-08-17,Pasar Ciwidey,TERIGU CURAH,10000.0
2026-08-17,Pasar Ciwidey,TERIGU KUNCI BIRU,
2026-08-17,Pasar Ciwidey,TERIGU SEGITIGA BIRU,13000.0
2026-08-17,Pasar Ciwidey,TERI KERITING,85000.0
2026-08-17,Pasar Ciwidey,TERI MEDAN,160000.0
2026-08-17,Pasar Ciwidey,TIMUN,10000.0
2026-08-17,Pasar Ciwidey,TOMAT HIJAU,6000.0
2026-08-17,Pasar Ciwidey,UBI JALAR PUTIH,9000.0
2026-08-17,Pasar Ciwidey,UDANG,95000.0
2026-08-17,Pasar Baleendah,BAWANG BOMBAY,35000.0
2026-08-17,Pasar Baleendah,BAWANG DAUN,15000.0
2026-08-17,Pasar Baleendah,BAWANG MERAH,32000.0
2026-08-17,Pasar Baleendah,BAWANG MERAH BATU,28000.0
2026-08-17,Pasar Baleendah,BAWANG PUTIH BIASA,35000.0
2026-08-17,Pasar Baleendah,BAWANG PUTIH KATING,
2026-08-17,Pasar Baleendah,BAWANG SUMENEP,40000.0
2026-08-17,Pasar Baleendah,BAYAM,2500.0
2026-08-17,Pasar Baleendah,BERAS IR. 64,15000.0
2026-08-17,Pasar Baleendah,BERAS MEDIUM,14000.0
2026-08-17,Pasar Baleendah,BERAS PREMIUM,16000.0
2026-08-17,Pasar Baleendah,CABE HIJAU BIASA,32000.0
2026-08-17,Pasar Baleendah,CABE MERAH KERITING,40000.0
2026-08-17,Pasar Baleendah,CABE MERAH TANJUNG,100000.0
2026-08-17,Pasar Baleendah,CABE MERAH TW,
2026-08-17,Pasar Baleendah,CABE RAWIT HIJAU,45000.0
2026-08-17,Pasar Baleendah,CABE RAWIT MERAH,45000.0
2026-08-17,Pasar Baleendah,DAGING AYAM BROILER,41000.0
2026-08-17,Pasar Baleendah,DAGING AYAM KAMPUNG,70000.0
2026-08-17,Pasar Baleendah,DAGING SAPI IMPOR BEKU,120000.0
2026-08-17,Pasar Baleendah,DAGING SAPI LOKAL HAS DALAM,150000.0
2026-08-17,Pasar Baleendah,DAGING SAPI LOKAL HAS LUAR,140000.0
2026-08-17,Pasar Baleendah,DAGING SAPI LOKAL PAHA BELAKANG,140000.0
2026-08-17,Pasar Baleendah,DAGING SAPI LOKAL PAHA DEPAN,140000.0
2026-08-17,Pasar Baleendah,DAGING SAPI LOKAL SANDUNG LAMUR,120000.0
2026-08-17,Pasar Baleendah,DAGING SAPI LOKAL TETELAN,70000.0
2026-08-17,Pasar Baleendah,DAGING SAPI MURNI,140000.0
2026-08-17,Pasar Baleendah,GARAM BATA,16000.0
2026-08-17,Pasar Baleendah,GARAM HALUS YODIUM,2500.0
2026-08-17,Pasar Baleendah,GAS LPG 3 Kg,23000.0
2026-08-17,Pasar Baleendah,GULA MERAH,23000.0
2026-08-17,Pasar Baleendah,GULA PASIR GULA KU,20000.0
2026-08-17,Pasar Baleendah,GULA PASIR LOKAL,19000.0
2026-08-17,Pasar Baleendah,IKAN BANDENG,45000.0
2026-08-17,Pasar Baleendah,Ikan Bawal Air Tawar,30000.0
2026-08-17,Pasar Baleendah,Ikan Gurame,55000.0
2026-08-17,Pasar Baleendah,IKAN KEMBUNG,55000.0
2026-08-17,Pasar Baleendah,Ikan Lele,31000.0
2026-08-17,Pasar Baleendah,IKAN MAS,27000.0
2026-08-17,Pasar Baleendah,Ikan Nila,35000.0
2026-08-17,Pasar Baleendah,Ikan Patin,30000.0
2026-08-17,Pasar Baleendah,IKAN TONGKOL,45000.0
2026-08-17,Pasar Baleendah,JAGUNG MANIS,14000.0
2026-08-17,Pasar Baleendah,JAGUNG PIPILAN,20000.0
2026-08-17,Pasar Baleendah,JERUK,20000.0
2026-08-17,Pasar Baleendah,KACANG HIJAU,32000.0
2026-08-17,Pasar Baleendah,KACANG KEDELAI IMPOR,15000.0
2026-08-17,Pasar Baleendah,KACANG KEDELAI LOKAL,14000.0
2026-08-17,Pasar Baleendah,KACANG PANJANG,20000.0
2026-08-17,Pasar Baleendah,KACANG TANAH KUPAS,38000.0
2026-08-17,Pasar Baleendah,KANGKUNG,1000.0
2026-08-17,Pasar Baleendah,KENTANG DIENG,18000.0
2026-08-17,Pasar Baleendah,KETELA POHON,5000.0
2026-08-17,Pasar Baleendah,MELON,18000.0
2026-08-17,Pasar Baleendah,MIE INSTAN INDOMIE,3000.0
2026-08-17,Pasar Baleendah,MINYAK BIMOLI,
2026-08-17,Pasar Baleendah,MINYAK CURAH,21500.0
2026-08-17,Pasar Baleendah,MINYAKITA,21000.0
2026-08-17,Pasar Baleendah,MINYAK SANIA,22000.0
2026-08-17,Pasar Baleendah,PAKCOY,10000.0
2026-08-17,Pasar Baleendah,PEPAYA,14000.0
2026-08-17,Pasar Baleendah,PISANG,6500.0
2026-08-17,Pasar Baleendah,SAWI PUTIH,7000.0
2026-08-17,Pasar Baleendah,SAYURAN BUNCIS,24000.0
2026-08-17,Pasar Baleendah,SAYURAN KENTANG LOKAL,15000.0
2026-08-17,Pasar Baleendah,SAYURAN KOL/KUBIS,7000.0
2026-08-17,Pasar Baleendah,SAYURAN TOMAT,8000.0
2026-08-17,Pasar Baleendah,SAYURAN WORTEL,16000.0
2026-08-17,Pasar Baleendah,SKM BENDERA,12500.0
2026-08-17,Pasar Baleendah,SKM CAP ENAK,10000.0
2026-08-17,Pasar Baleendah,SKM INDOMILK,11500.0
2026-08-17,Pasar Baleendah,SUSU BALITA (SGM),41600.0
2026-08-17,Pasar Baleendah,SUSU BUBUK DANCOW VANILA,50100.0
2026-08-17,Pasar Baleendah,TAHU,12000.0
2026-08-17,Pasar Baleendah,TELUR AYAM BROILER,25000.0
2026-08-17,Pasar Baleendah,TELUR AYAM KAMPUNG,70000.0
2026-08-17,Pasar Baleendah,TEMPE,12000.0
2026-08-17,Pasar Baleendah,TERIGU CAKRA KEMBAR,11500.0
2026-08-17,Pasar Baleendah,TERIGU CURAH,10000.0
2026-08-17,Pasar Baleendah,TERIGU KUNCI BIRU,11000.0
2026-08-17,Pasar Baleendah,TERIGU SEGITIGA BIRU,11000.0
2026-08-17,Pasar Baleendah,TERI KERITING,80000.0
2026-08-17,Pasar Baleendah,TERI MEDAN,140000.0
2026-08-17,Pasar Baleendah,TIMUN,12000.0
2026-08-17,Pasar Baleendah,TOMAT HIJAU,8000.0
2026-08-17,Pasar Baleendah,UBI JALAR PUTIH,8000.0
2026-08-17,Pasar Baleendah,UDANG,70000.0
2026-08-17,Pasar Stasiun Majalaya,BAWANG BOMBAY,38000.0
2026-08-17,Pasar Stasiun Majalaya,BAWANG DAUN,14000.0
2026-08-17,Pasar Stasiun Majalaya,BAWANG MERAH,36000.0
2026-08-17,Pasar Stasiun Majalaya,BAWANG MERAH BATU,32000.0
2026-08-17,Pasar Stasiun Majalaya,BAWANG PUTIH BIASA,36000.0
2026-08-17,Pasar Stasiun Majalaya,BAWANG PUTIH KATING,
2026-08-17,Pasar Stasiun Majalaya,BAWANG SUMENEP,50000.0
2026-08-17,Pasar Stasiun Majalaya,BAYAM,3000.0
2026-08-17,Pasar Stasiun Majalaya,BERAS IR. 64,
2026-08-17,Pasar Stasiun Majalaya,BERAS MEDIUM,15000.0
2026-08-17,Pasar Stasiun Majalaya,BERAS PREMIUM,16000.0
2026-08-17,Pasar Stasiun Majalaya,CABE HIJAU BIASA,24000.0
2026-08-17,Pasar Stasiun Majalaya,CABE MERAH KERITING,40000.0
2026-08-17,Pasar Stasiun Majalaya,CABE MERAH TANJUNG,95000.0
2026-08-17,Pasar Stasiun Majalaya,CABE MERAH TW,
2026-08-17,Pasar Stasiun Majalaya,CABE RAWIT HIJAU,45000.0
2026-08-17,Pasar Stasiun Majalaya,CABE RAWIT MERAH,45000.0
2026-08-17,Pasar Stasiun Majalaya,DAGING AYAM BROILER,44000.0
2026-08-17,Pasar Stasiun Majalaya,DAGING AYAM KAMPUNG,80000.0
2026-08-17,Pasar Stasiun Majalaya,DAGING SAPI IMPOR BEKU,130000.0
2026-08-17,Pasar Stasiun Majalaya,DAGING SAPI LOKAL HAS DALAM,150000.0
2026-08-17,Pasar Stasiun Majalaya,DAGING SAPI LOKAL HAS LUAR,140000.0
2026-08-17,Pasar Stasiun Majalaya,DAGING SAPI LOKAL PAHA BELAKANG,140000.0
2026-08-17,Pasar Stasiun Majalaya,DAGING SAPI LOKAL PAHA DEPAN,140000.0
2026-08-17,Pasar Stasiun Majalaya,DAGING SAPI LOKAL SANDUNG LAMUR,135000.0
2026-08-17,Pasar Stasiun Majalaya,DAGING SAPI LOKAL TETELAN,70000.0
2026-08-17,Pasar Stasiun Majalaya,DAGING SAPI MURNI,155000.0
2026-08-17,Pasar Stasiun Majalaya,GARAM BATA,18000.0
2026-08-17,Pasar Stasiun Majalaya,GARAM HALUS YODIUM,2500.0
2026-08-17,Pasar Stasiun Majalaya,GAS LPG 3 Kg,22000.0
2026-08-17,Pasar Stasiun Majalaya,GULA MERAH,24000.0
2026-08-17,Pasar Stasiun Majalaya,GULA PASIR GULA KU,
2026-08-17,Pasar Stasiun Majalaya,GULA PASIR LOKAL,19000.0
2026-08-17,Pasar Stasiun Majalaya,IKAN BANDENG,40000.0
2026-08-17,Pasar Stasiun Majalaya,Ikan Bawal Air Tawar,34000.0
2026-08-17,Pasar Stasiun Majalaya,Ikan Gurame,55000.0
2026-08-17,Pasar Stasiun Majalaya,IKAN KEMBUNG,50000.0
2026-08-17,Pasar Stasiun Majalaya,Ikan Lele,30000.0
2026-08-17,Pasar Stasiun Majalaya,IKAN MAS,32000.0
2026-08-17,Pasar Stasiun Majalaya,Ikan Nila,36000.0
2026-08-17,Pasar Stasiun Majalaya,Ikan Patin,32000.0
2026-08-17,Pasar Stasiun Majalaya,IKAN TONGKOL,40000.0
2026-08-17,Pasar Stasiun Majalaya,JAGUNG MANIS,10000.0
2026-08-17,Pasar Stasiun Majalaya,JAGUNG PIPILAN,40000.0
2026-08-17,Pasar Stasiun Majalaya,JERUK,30000.0
2026-08-17,Pasar Stasiun Majalaya,KACANG HIJAU,38000.0
2026-08-17,Pasar Stasiun Majalaya,KACANG KEDELAI IMPOR,16000.0
2026-08-17,Pasar Stasiun Majalaya,KACANG KEDELAI LOKAL,14000.0
2026-08-17,Pasar Stasiun Majalaya,KACANG PANJANG,16000.0
2026-08-17,Pasar Stasiun Majalaya,KACANG TANAH KUPAS,40000.0
2026-08-17,Pasar Stasiun Majalaya,KANGKUNG,3000.0
2026-08-17,Pasar Stasiun Majalaya,KENTANG DIENG,20000.0
2026-08-17,Pasar Stasiun Majalaya,KETELA POHON,6000.0
2026-08-17,Pasar Stasiun Majalaya,MELON,20000.0
2026-08-17,Pasar Stasiun Majalaya,MIE INSTAN INDOMIE,3000.0
2026-08-17,Pasar Stasiun Majalaya,MINYAK BIMOLI,
2026-08-17,Pasar Stasiun Majalaya,MINYAK CURAH,22000.0
2026-08-17,Pasar Stasiun Majalaya,MINYAKITA,21000.0
2026-08-17,Pasar Stasiun Majalaya,MINYAK SANIA,
2026-08-17,Pasar Stasiun Majalaya,PAKCOY,10000.0
2026-08-17,Pasar Stasiun Majalaya,PEPAYA,15000.0
2026-08-17,Pasar Stasiun Majalaya,PISANG,8000.0
2026-08-17,Pasar Stasiun Majalaya,SAWI PUTIH,8000.0
2026-08-17,Pasar Stasiun Majalaya,SAYURAN BUNCIS,24000.0
2026-08-17,Pasar Stasiun Majalaya,SAYURAN KENTANG LOKAL,15000.0
2026-08-17,Pasar Stasiun Majalaya,SAYURAN KOL/KUBIS,7000.0
2026-08-17,Pasar Stasiun Majalaya,SAYURAN TOMAT,8000.0
2026-08-17,Pasar Stasiun Majalaya,SAYURAN WORTEL,18000.0
2026-08-17,Pasar Stasiun Majalaya,SKM BENDERA,13000.0
2026-08-17,Pasar Stasiun Majalaya,SKM CAP ENAK,11500.0
2026-08-17,Pasar Stasiun Majalaya,SKM INDOMILK,12500.0
2026-08-17,Pasar Stasiun Majalaya,SUSU BALITA (SGM),
2026-08-17,Pasar Stasiun Majalaya,SUSU BUBUK DANCOW VANILA,
2026-08-17,Pasar Stasiun Majalaya,TAHU,12000.0
2026-08-17,Pasar Stasiun Majalaya,TELUR AYAM BROILER,26000.0
2026-08-17,Pasar Stasiun Majalaya,TELUR AYAM KAMPUNG,4000.0
2026-08-17,Pasar Stasiun Majalaya,TEMPE,14000.0
2026-08-17,Pasar Stasiun Majalaya,TERIGU CAKRA KEMBAR,14000.0
2026-08-17,Pasar Stasiun Majalaya,TERIGU CURAH,10000.0
2026-08-17,Pasar Stasiun Majalaya,TERIGU KUNCI BIRU,12000.0
2026-08-17,Pasar Stasiun Majalaya,TERIGU SEGITIGA BIRU,13000.0
2026-08-17,Pasar Stasiun Majalaya,TERI KERITING,100000.0
2026-08-17,Pasar Stasiun Majalaya,TERI MEDAN,160000.0
2026-08-17,Pasar Stasiun Majalaya,TIMUN,15000.0
2026-08-17,Pasar Stasiun Majalaya,TOMAT HIJAU,7000.0
2026-08-17,Pasar Stasiun Majalaya,UBI JALAR PUTIH,8000.0
2026-08-17,Pasar Stasiun Majalaya,UDANG,100000.0
2026-08-17,Pasar Baru Majalaya,BAWANG BOMBAY,38000.0
2026-08-17,Pasar Baru Majalaya,BAWANG DAUN,14000.0
2026-08-17,Pasar Baru Majalaya,BAWANG MERAH,36000.0
2026-08-17,Pasar Baru Majalaya,BAWANG MERAH BATU,28000.0
2026-08-17,Pasar Baru Majalaya,BAWANG PUTIH BIASA,34000.0
2026-08-17,Pasar Baru Majalaya,BAWANG PUTIH KATING,
2026-08-17,Pasar Baru Majalaya,BAWANG SUMENEP,48000.0
2026-08-17,Pasar Baru Majalaya,BAYAM,3000.0
2026-08-17,Pasar Baru Majalaya,BERAS IR. 64,15000.0
2026-08-17,Pasar Baru Majalaya,BERAS MEDIUM,14500.0
2026-08-17,Pasar Baru Majalaya,BERAS PREMIUM,16000.0
2026-08-17,Pasar Baru Majalaya,CABE HIJAU BIASA,34000.0
2026-08-17,Pasar Baru Majalaya,CABE MERAH KERITING,45000.0
2026-08-17,Pasar Baru Majalaya,CABE MERAH TANJUNG,100000.0
2026-08-17,Pasar Baru Majalaya,CABE MERAH TW,
2026-08-17,Pasar Baru Majalaya,CABE RAWIT HIJAU,55000.0
2026-08-17,Pasar Baru Majalaya,CABE RAWIT MERAH,50000.0
2026-08-17,Pasar Baru Majalaya,DAGING AYAM BROILER,43000.0
2026-08-17,Pasar Baru Majalaya,DAGING AYAM KAMPUNG,
2026-08-17,Pasar Baru Majalaya,DAGING SAPI IMPOR BEKU,130000.0
2026-08-17,Pasar Baru Majalaya,DAGING SAPI LOKAL HAS DALAM,140000.0
2026-08-17,Pasar Baru Majalaya,DAGING SAPI LOKAL HAS LUAR,130000.0
2026-08-17,Pasar Baru Majalaya,DAGING SAPI LOKAL PAHA BELAKANG,135000.0
2026-08-17,Pasar Baru Majalaya,DAGING SAPI LOKAL PAHA DEPAN,135000.0
2026-08-17,Pasar Baru Majalaya,DAGING SAPI LOKAL SANDUNG LAMUR,130000.0
2026-08-17,Pasar Baru Majalaya,DAGING SAPI LOKAL TETELAN,70000.0
2026-08-17,Pasar Baru Majalaya,DAGING SAPI MURNI,150000.0
2026-08-17,Pasar Baru Majalaya,GARAM BATA,16000.0
2026-08-17,Pasar Baru Majalaya,GARAM HALUS YODIUM,2000.0
2026-08-17,Pasar Baru Majalaya,GAS LPG 3 Kg,22000.0
2026-08-17,Pasar Baru Majalaya,GULA MERAH,24000.0
2026-08-17,Pasar Baru Majalaya,GULA PASIR GULA KU,20000.0
2026-08-17,Pasar Baru Majalaya,GULA PASIR LOKAL,19000.0
2026-08-17,Pasar Baru Majalaya,IKAN BANDENG,40000.0
2026-08-17,Pasar Baru Majalaya,Ikan Bawal Air Tawar,32000.0
2026-08-17,Pasar Baru Majalaya,Ikan Gurame,50000.0
2026-08-17,Pasar Baru Majalaya,IKAN KEMBUNG,48000.0
2026-08-17,Pasar Baru Majalaya,Ikan Lele,30000.0
2026-08-17,Pasar Baru Majalaya,IKAN MAS,30000.0
2026-08-17,Pasar Baru Majalaya,Ikan Nila,34000.0
2026-08-17,Pasar Baru Majalaya,Ikan Patin,33000.0
2026-08-17,Pasar Baru Majalaya,IKAN TONGKOL,42000.0
2026-08-17,Pasar Baru Majalaya,JAGUNG MANIS,10000.0
2026-08-17,Pasar Baru Majalaya,JAGUNG PIPILAN,
2026-08-17,Pasar Baru Majalaya,JERUK,35000.0
2026-08-17,Pasar Baru Majalaya,KACANG HIJAU,36000.0
2026-08-17,Pasar Baru Majalaya,KACANG KEDELAI IMPOR,33000.0
2026-08-17,Pasar Baru Majalaya,KACANG KEDELAI LOKAL,
2026-08-17,Pasar Baru Majalaya,KACANG PANJANG,15000.0
2026-08-17,Pasar Baru Majalaya,KACANG TANAH KUPAS,36000.0
2026-08-17,Pasar Baru Majalaya,KANGKUNG,3000.0
2026-08-17,Pasar Baru Majalaya,KENTANG DIENG,18000.0
2026-08-17,Pasar Baru Majalaya,KETELA POHON,6000.0
2026-08-17,Pasar Baru Majalaya,MELON,20000.0
2026-08-17,Pasar Baru Majalaya,MIE INSTAN INDOMIE,3000.0
2026-08-17,Pasar Baru Majalaya,MINYAK BIMOLI,
2026-08-17,Pasar Baru Majalaya,MINYAK CURAH,22000.0
2026-08-17,Pasar Baru Majalaya,MINYAKITA,21000.0
2026-08-17,Pasar Baru Majalaya,MINYAK SANIA,
2026-08-17,Pasar Baru Majalaya,PAKCOY,10000.0
2026-08-17,Pasar Baru Majalaya,PEPAYA,15000.0
2026-08-17,Pasar Baru Majalaya,PISANG,7000.0
2026-08-17,Pasar Baru Majalaya,SAWI PUTIH,8000.0
2026-08-17,Pasar Baru Majalaya,SAYURAN BUNCIS,26000.0
2026-08-17,Pasar Baru Majalaya,SAYURAN KENTANG LOKAL,14000.0
2026-08-17,Pasar Baru Majalaya,SAYURAN KOL/KUBIS,7000.0
2026-08-17,Pasar Baru Majalaya,SAYURAN TOMAT,8000.0
2026-08-17,Pasar Baru Majalaya,SAYURAN WORTEL,18000.0
2026-08-17,Pasar Baru Majalaya,SKM BENDERA,13000.0
2026-08-17,Pasar Baru Majalaya,SKM CAP ENAK,11500.0
2026-08-17,Pasar Baru Majalaya,SKM INDOMILK,12500.0
2026-08-17,Pasar Baru Majalaya,SUSU BALITA (SGM),
2026-08-17,Pasar Baru Majalaya,SUSU BUBUK DANCOW VANILA,
2026-08-17,Pasar Baru Majalaya,TAHU,12000.0
2026-08-17,Pasar Baru Majalaya,TELUR AYAM BROILER,25500.0
2026-08-17,Pasar Baru Majalaya,TELUR AYAM KAMPUNG,4000.0
2026-08-17,Pasar Baru Majalaya,TEMPE,14000.0
2026-08-17,Pasar Baru Majalaya,TERIGU CAKRA KEMBAR,12500.0
2026-08-17,Pasar Baru Majalaya,TERIGU CURAH,10000.0
2026-08-17,Pasar Baru Majalaya,TERIGU KUNCI BIRU,
2026-08-17,Pasar Baru Majalaya,TERIGU SEGITIGA BIRU,13500.0
2026-08-17,Pasar Baru Majalaya,TERI KERITING,100000.0
2026-08-17,Pasar Baru Majalaya,TERI MEDAN,160000.0
2026-08-17,Pasar Baru Majalaya,TIMUN,12000.0
2026-08-17,Pasar Baru Majalaya,TOMAT HIJAU,6000.0
2026-08-17,Pasar Baru Majalaya,UBI JALAR PUTIH,6000.0
2026-08-17,Pasar Baru Majalaya,UDANG,90000.0
2026-08-17,Pasar Sehat Cicalengka,BAWANG BOMBAY,
2026-08-17,Pasar Sehat Cicalengka,BAWANG DAUN,
2026-08-17,Pasar Sehat Cicalengka,BAWANG MERAH,
2026-08-17,Pasar Sehat Cicalengka,BAWANG MERAH BATU,
2026-08-17,Pasar Sehat Cicalengka,BAWANG PUTIH BIASA,
2026-08-17,Pasar Sehat Cicalengka,BAWANG PUTIH KATING,
2026-08-17,Pasar Sehat Cicalengka,BAWANG SUMENEP,
2026-08-17,Pasar Sehat Cicalengka,BAYAM,
2026-08-17,Pasar Sehat Cicalengka,BERAS IR. 64,
2026-08-17,Pasar Sehat Cicalengka,BERAS MEDIUM,
2026-08-17,Pasar Sehat Cicalengka,BERAS PREMIUM,
2026-08-17,Pasar Sehat Cicalengka,CABE HIJAU BIASA,
2026-08-17,Pasar Sehat Cicalengka,CABE MERAH KERITING,
2026-08-17,Pasar Sehat Cicalengka,CABE MERAH TANJUNG,
2026-08-17,Pasar Sehat Cicalengka,CABE MERAH TW,
2026-08-17,Pasar Sehat Cicalengka,CABE RAWIT HIJAU,
2026-08-17,Pasar Sehat Cicalengka,CABE RAWIT MERAH,
2026-08-17,Pasar Sehat Cicalengka,DAGING AYAM BROILER,
2026-08-17,Pasar Sehat Cicalengka,DAGING AYAM KAMPUNG,
2026-08-17,Pasar Sehat Cicalengka,DAGING SAPI IMPOR BEKU,
2026-08-17,Pasar Sehat Cicalengka,DAGING SAPI LOKAL HAS DALAM,
2026-08-17,Pasar Sehat Cicalengka,DAGING SAPI LOKAL HAS LUAR,
2026-08-17,Pasar Sehat Cicalengka,DAGING SAPI LOKAL PAHA BELAKANG,
2026-08-17,Pasar Sehat Cicalengka,DAGING SAPI LOKAL PAHA DEPAN,
2026-08-17,Pasar Sehat Cicalengka,DAGING SAPI LOKAL SANDUNG LAMUR,
2026-08-17,Pasar Sehat Cicalengka,DAGING SAPI LOKAL TETELAN,
2026-08-17,Pasar Sehat Cicalengka,DAGING SAPI MURNI,
2026-08-17,Pasar Sehat Cicalengka,GARAM BATA,
2026-08-17,Pasar Sehat Cicalengka,GARAM HALUS YODIUM,
2026-08-17,Pasar Sehat Cicalengka,GAS LPG 3 Kg,
2026-08-17,Pasar Sehat Cicalengka,GULA MERAH,
2026-08-17,Pasar Sehat Cicalengka,GULA PASIR GULA KU,
2026-08-17,Pasar Sehat Cicalengka,GULA PASIR LOKAL,
2026-08-17,Pasar Sehat Cicalengka,IKAN BANDENG,
2026-08-17,Pasar Sehat Cicalengka,Ikan Bawal Air Tawar,
2026-08-17,Pasar Sehat Cicalengka,Ikan Gurame,
2026-08-17,Pasar Sehat Cicalengka,IKAN KEMBUNG,
2026-08-17,Pasar Sehat Cicalengka,Ikan Lele,
2026-08-17,Pasar Sehat Cicalengka,IKAN MAS,
2026-08-17,Pasar Sehat Cicalengka,Ikan Nila,
2026-08-17,Pasar Sehat Cicalengka,Ikan Patin,
2026-08-17,Pasar Sehat Cicalengka,IKAN TONGKOL,
2026-08-17,Pasar Sehat Cicalengka,JAGUNG MANIS,
2026-08-17,Pasar Sehat Cicalengka,JAGUNG PIPILAN,
2026-08-17,Pasar Sehat Cicalengka,JERUK,
2026-08-17,Pasar Sehat Cicalengka,KACANG HIJAU,
2026-08-17,Pasar Sehat Cicalengka,KACANG KEDELAI IMPOR,
2026-08-17,Pasar Sehat Cicalengka,KACANG KEDELAI LOKAL,
2026-08-17,Pasar Sehat Cicalengka,KACANG PANJANG,
2026-08-17,Pasar Sehat Cicalengka,KACANG TANAH KUPAS,
2026-08-17,Pasar Sehat Cicalengka,KANGKUNG,
2026-08-17,Pasar Sehat Cicalengka,KENTANG DIENG,
2026-08-17,Pasar Sehat Cicalengka,KETELA POHON,
2026-08-17,Pasar Sehat Cicalengka,MELON,
2026-08-17,Pasar Sehat Cicalengka,MIE INSTAN INDOMIE,
2026-08-17,Pasar Sehat Cicalengka,MINYAK BIMOLI,
2026-08-17,Pasar Sehat Cicalengka,MINYAK CURAH,
2026-08-17,Pasar Sehat Cicalengka,MINYAKITA,
2026-08-17,Pasar Sehat Cicalengka,MINYAK SANIA,
2026-08-17,Pasar Sehat Cicalengka,PAKCOY,
2026-08-17,Pasar Sehat Cicalengka,PEPAYA,
2026-08-17,Pasar Sehat Cicalengka,PISANG,
2026-08-17,Pasar Sehat Cicalengka,SAWI PUTIH,
2026-08-17,Pasar Sehat Cicalengka,SAYURAN BUNCIS,
2026-08-17,Pasar Sehat Cicalengka,SAYURAN KENTANG LOKAL,
2026-08-17,Pasar Sehat Cicalengka,SAYURAN KOL/KUBIS,
2026-08-17,Pasar Sehat Cicalengka,SAYURAN TOMAT,
2026-08-17,Pasar Sehat Cicalengka,SAYURAN WORTEL,
2026-08-17,Pasar Sehat Cicalengka,SKM BENDERA,
2026-08-17,Pasar Sehat Cicalengka,SKM CAP ENAK,
2026-08-17,Pasar Sehat Cicalengka,SKM INDOMILK,
2026-08-17,Pasar Sehat Cicalengka,SUSU BALITA (SGM),
2026-08-17,Pasar Sehat Cicalengka,SUSU BUBUK DANCOW VANILA,
2026-08-17,Pasar Sehat Cicalengka,TAHU,
2026-08-17,Pasar Sehat Cicalengka,TELUR AYAM BROILER,
2026-08-17,Pasar Sehat Cicalengka,TELUR AYAM KAMPUNG,
2026-08-17,Pasar Sehat Cicalengka,TEMPE,
2026-08-17,Pasar Sehat Cicalengka,TERIGU CAKRA KEMBAR,
2026-08-17,Pasar Sehat Cicalengka,TERIGU CURAH,
2026-08-17,Pasar Sehat Cicalengka,TERIGU KUNCI BIRU,
2026-08-17,Pasar Sehat Cicalengka,TERIGU SEGITIGA BIRU,
2026-08-17,Pasar Sehat Cicalengka,TERI KERITING,
2026-08-17,Pasar Sehat Cicalengka,TERI MEDAN,
2026-08-17,Pasar Sehat Cicalengka,TIMUN,
2026-08-17,Pasar Sehat Cicalengka,TOMAT HIJAU,
2026-08-17,Pasar Sehat Cicalengka,UBI JALAR PUTIH,
2026-08-17,Pasar Sehat Cicalengka,UDANG,
2026-08-17,Pasar Cileunyi,BAWANG BOMBAY,
2026-08-17,Pasar Cileunyi,BAWANG DAUN,
2026-08-17,Pasar Cileunyi,BAWANG MERAH,
2026-08-17,Pasar Cileunyi,BAWANG MERAH BATU,
2026-08-17,Pasar Cileunyi,BAWANG PUTIH BIASA,
2026-08-17,Pasar Cileunyi,BAWANG PUTIH KATING,
2026-08-17,Pasar Cileunyi,BAWANG SUMENEP,
2026-08-17,Pasar Cileunyi,BAYAM,
2026-08-17,Pasar Cileunyi,BERAS IR. 64,
2026-08-17,Pasar Cileunyi,BERAS MEDIUM,
2026-08-17,Pasar Cileunyi,BERAS PREMIUM,
2026-08-17,Pasar Cileunyi,CABE HIJAU BIASA,
2026-08-17,Pasar Cileunyi,CABE MERAH KERITING,
2026-08-17,Pasar Cileunyi,CABE MERAH TANJUNG,
2026-08-17,Pasar Cileunyi,CABE MERAH TW,
2026-08-17,Pasar Cileunyi,CABE RAWIT HIJAU,
2026-08-17,Pasar Cileunyi,CABE RAWIT MERAH,
2026-08-17,Pasar Cileunyi,DAGING AYAM BROILER,
2026-08-17,Pasar Cileunyi,DAGING AYAM KAMPUNG,
2026-08-17,Pasar Cileunyi,DAGING SAPI IMPOR BEKU,
2026-08-17,Pasar Cileunyi,DAGING SAPI LOKAL HAS DALAM,
2026-08-17,Pasar Cileunyi,DAGING SAPI LOKAL HAS LUAR,
2026-08-17,Pasar Cileunyi,DAGING SAPI LOKAL PAHA BELAKANG,
2026-08-17,Pasar Cileunyi,DAGING SAPI LOKAL PAHA DEPAN,
2026-08-17,Pasar Cileunyi,DAGING SAPI LOKAL SANDUNG LAMUR,
2026-08-17,Pasar Cileunyi,DAGING SAPI LOKAL TETELAN,
2026-08-17,Pasar Cileunyi,DAGING SAPI MURNI,
2026-08-17,Pasar Cileunyi,GARAM BATA,
2026-08-17,Pasar Cileunyi,GARAM HALUS YODIUM,
2026-08-17,Pasar Cileunyi,GAS LPG 3 Kg,
2026-08-17,Pasar Cileunyi,GULA MERAH,
2026-08-17,Pasar Cileunyi,GULA PASIR GULA KU,
2026-08-17,Pasar Cileunyi,GULA PASIR LOKAL,
2026-08-17,Pasar Cileunyi,IKAN BANDENG,
2026-08-17,Pasar Cileunyi,Ikan Bawal Air Tawar,
2026-08-17,Pasar Cileunyi,Ikan Gurame,
2026-08-17,Pasar Cileunyi,IKAN KEMBUNG,
2026-08-17,Pasar Cileunyi,Ikan Lele,
2026-08-17,Pasar Cileunyi,IKAN MAS,
2026-08-17,Pasar Cileunyi,Ikan Nila,
2026-08-17,Pasar Cileunyi,Ikan Patin,
2026-08-17,Pasar Cileunyi,IKAN TONGKOL,
2026-08-17,Pasar Cileunyi,JAGUNG MANIS,
2026-08-17,Pasar Cileunyi,JAGUNG PIPILAN,
2026-08-17,Pasar Cileunyi,JERUK,
2026-08-17,Pasar Cileunyi,KACANG HIJAU,
2026-08-17,Pasar Cileunyi,KACANG KEDELAI IMPOR,
2026-08-17,Pasar Cileunyi,KACANG KEDELAI LOKAL,
2026-08-17,Pasar Cileunyi,KACANG PANJANG,
2026-08-17,Pasar Cileunyi,KACANG TANAH KUPAS,
2026-08-17,Pasar Cileunyi,KANGKUNG,
2026-08-17,Pasar Cileunyi,KENTANG DIENG,
2026-08-17,Pasar Cileunyi,KETELA POHON,
2026-08-17,Pasar Cileunyi,MELON,
2026-08-17,Pasar Cileunyi,MIE INSTAN INDOMIE,
2026-08-17,Pasar Cileunyi,MINYAK BIMOLI,
2026-08-17,Pasar Cileunyi,MINYAK CURAH,
2026-08-17,Pasar Cileunyi,MINYAKITA,
2026-08-17,Pasar Cileunyi,MINYAK SANIA,
2026-08-17,Pasar Cileunyi,PAKCOY,
2026-08-17,Pasar Cileunyi,PEPAYA,
2026-08-17,Pasar Cileunyi,PISANG,
2026-08-17,Pasar Cileunyi,SAWI PUTIH,
2026-08-17,Pasar Cileunyi,SAYURAN BUNCIS,
2026-08-17,Pasar Cileunyi,SAYURAN KENTANG LOKAL,
2026-08-17,Pasar Cileunyi,SAYURAN KOL/KUBIS,
2026-08-17,Pasar Cileunyi,SAYURAN TOMAT,
2026-08-17,Pasar Cileunyi,SAYURAN WORTEL,
2026-08-17,Pasar Cileunyi,SKM BENDERA,
2026-08-17,Pasar Cileunyi,SKM CAP ENAK,
2026-08-17,Pasar Cileunyi,SKM INDOMILK,
2026-08-17,Pasar Cileunyi,SUSU BALITA (SGM),
2026-08-17,Pasar Cileunyi,SUSU BUBUK DANCOW VANILA,
2026-08-17,Pasar Cileunyi,TAHU,
2026-08-17,Pasar Cileunyi,TELUR AYAM BROILER,
2026-08-17,Pasar Cileunyi,TELUR AYAM KAMPUNG,
2026-08-17,Pasar Cileunyi,TEMPE,
2026-08-17,Pasar Cileunyi,TERIGU CAKRA KEMBAR,
2026-08-17,Pasar Cileunyi,TERIGU CURAH,
2026-08-17,Pasar Cileunyi,TERIGU KUNCI BIRU,
2026-08-17,Pasar Cileunyi,TERIGU SEGITIGA BIRU,
2026-08-17,Pasar Cileunyi,TERI KERITING,
2026-08-17,Pasar Cileunyi,TERI MEDAN,
2026-08-17,Pasar Cileunyi,TIMUN,
2026-08-17,Pasar Cileunyi,TOMAT HIJAU,
2026-08-17,Pasar Cileunyi,UBI JALAR PUTIH,
2026-08-17,Pasar Cileunyi,UDANG,
2026-08-17,Pasar Banjaran,BAWANG BOMBAY,32000.0
2026-08-17,Pasar Banjaran,BAWANG DAUN,14000.0
2026-08-17,Pasar Banjaran,BAWANG MERAH,32000.0
2026-08-17,Pasar Banjaran,BAWANG MERAH BATU,28000.0
2026-08-17,Pasar Banjaran,BAWANG PUTIH BIASA,35000.0
2026-08-17,Pasar Banjaran,BAWANG PUTIH KATING,
2026-08-17,Pasar Banjaran,BAWANG SUMENEP,40000.0
2026-08-17,Pasar Banjaran,BAYAM,2000.0
2026-08-17,Pasar Banjaran,BERAS IR. 64,15000.0
2026-08-17,Pasar Banjaran,BERAS MEDIUM,14500.0
2026-08-17,Pasar Banjaran,BERAS PREMIUM,15500.0
2026-08-17,Pasar Banjaran,CABE HIJAU BIASA,28000.0
2026-08-17,Pasar Banjaran,CABE MERAH KERITING,36000.0
2026-08-17,Pasar Banjaran,CABE MERAH TANJUNG,100000.0
2026-08-17,Pasar Banjaran,CABE MERAH TW,
2026-08-17,Pasar Banjaran,CABE RAWIT HIJAU,44000.0
2026-08-17,Pasar Banjaran,CABE RAWIT MERAH,40000.0
2026-08-17,Pasar Banjaran,DAGING AYAM BROILER,42000.0
2026-08-17,Pasar Banjaran,DAGING AYAM KAMPUNG,70000.0
2026-08-17,Pasar Banjaran,DAGING SAPI IMPOR BEKU,120000.0
2026-08-17,Pasar Banjaran,DAGING SAPI LOKAL HAS DALAM,155000.0
2026-08-17,Pasar Banjaran,DAGING SAPI LOKAL HAS LUAR,145000.0
2026-08-17,Pasar Banjaran,DAGING SAPI LOKAL PAHA BELAKANG,145000.0
2026-08-17,Pasar Banjaran,DAGING SAPI LOKAL PAHA DEPAN,143000.0
2026-08-17,Pasar Banjaran,DAGING SAPI LOKAL SANDUNG LAMUR,130000.0
2026-08-17,Pasar Banjaran,DAGING SAPI LOKAL TETELAN,65000.0
2026-08-17,Pasar Banjaran,DAGING SAPI MURNI,145000.0
2026-08-17,Pasar Banjaran,GARAM BATA,20000.0
2026-08-17,Pasar Banjaran,GARAM HALUS YODIUM,3000.0
2026-08-17,Pasar Banjaran,GAS LPG 3 Kg,23000.0
2026-08-17,Pasar Banjaran,GULA MERAH,23000.0
2026-08-17,Pasar Banjaran,GULA PASIR GULA KU,
2026-08-17,Pasar Banjaran,GULA PASIR LOKAL,18500.0
2026-08-17,Pasar Banjaran,IKAN BANDENG,38000.0
2026-08-17,Pasar Banjaran,Ikan Bawal Air Tawar,32000.0
2026-08-17,Pasar Banjaran,Ikan Gurame,50000.0
2026-08-17,Pasar Banjaran,IKAN KEMBUNG,56000.0
2026-08-17,Pasar Banjaran,Ikan Lele,28000.0
2026-08-17,Pasar Banjaran,IKAN MAS,26000.0
2026-08-17,Pasar Banjaran,Ikan Nila,35000.0
2026-08-17,Pasar Banjaran,Ikan Patin,34000.0
2026-08-17,Pasar Banjaran,IKAN TONGKOL,42000.0
2026-08-17,Pasar Banjaran,JAGUNG MANIS,12000.0
2026-08-17,Pasar Banjaran,JAGUNG PIPILAN,20000.0
2026-08-17,Pasar Banjaran,JERUK,22000.0
2026-08-17,Pasar Banjaran,KACANG HIJAU,40000.0
2026-08-17,Pasar Banjaran,KACANG KEDELAI IMPOR,14000.0
2026-08-17,Pasar Banjaran,KACANG KEDELAI LOKAL,
2026-08-17,Pasar Banjaran,KACANG PANJANG,20000.0
2026-08-17,Pasar Banjaran,KACANG TANAH KUPAS,38000.0
2026-08-17,Pasar Banjaran,KANGKUNG,2000.0
2026-08-17,Pasar Banjaran,KENTANG DIENG,20000.0
2026-08-17,Pasar Banjaran,KETELA POHON,5000.0
2026-08-17,Pasar Banjaran,MELON,15000.0
2026-08-17,Pasar Banjaran,MIE INSTAN INDOMIE,3000.0
2026-08-17,Pasar Banjaran,MINYAK BIMOLI,23500.0
2026-08-17,Pasar Banjaran,MINYAK CURAH,22000.0
2026-08-17,Pasar Banjaran,MINYAKITA,21000.0
2026-08-17,Pasar Banjaran,MINYAK SANIA,23500.0
2026-08-17,Pasar Banjaran,PAKCOY,7000.0
2026-08-17,Pasar Banjaran,PEPAYA,14000.0
2026-08-17,Pasar Banjaran,PISANG,7000.0
2026-08-17,Pasar Banjaran,SAWI PUTIH,6000.0
2026-08-17,Pasar Banjaran,SAYURAN BUNCIS,20000.0
2026-08-17,Pasar Banjaran,SAYURAN KENTANG LOKAL,17000.0
2026-08-17,Pasar Banjaran,SAYURAN KOL/KUBIS,7000.0
2026-08-17,Pasar Banjaran,SAYURAN TOMAT,10000.0
2026-08-17,Pasar Banjaran,SAYURAN WORTEL,15000.0
2026-08-17,Pasar Banjaran,SKM BENDERA,12000.0
2026-08-17,Pasar Banjaran,SKM CAP ENAK,11500.0
2026-08-17,Pasar Banjaran,SKM INDOMILK,12500.0
2026-08-17,Pasar Banjaran,SUSU BALITA (SGM),42000.0
2026-08-17,Pasar Banjaran,SUSU BUBUK DANCOW VANILA,48250.0
2026-08-17,Pasar Banjaran,TAHU,7000.0
2026-08-17,Pasar Banjaran,TELUR AYAM BROILER,25000.0
2026-08-17,Pasar Banjaran,TELUR AYAM KAMPUNG,3000.0
2026-08-17,Pasar Banjaran,TEMPE,5000.0
2026-08-17,Pasar Banjaran,TERIGU CAKRA KEMBAR,13000.0
2026-08-17,Pasar Banjaran,TERIGU CURAH,8000.0
2026-08-17,Pasar Banjaran,TERIGU KUNCI BIRU,
2026-08-17,Pasar Banjaran,TERIGU SEGITIGA BIRU,12000.0
2026-08-17,Pasar Banjaran,TERI KERITING,100000.0
2026-08-17,Pasar Banjaran,TERI MEDAN,170000.0
2026-08-17,Pasar Banjaran,TIMUN,14000.0
2026-08-17,Pasar Banjaran,TOMAT HIJAU,6000.0
2026-08-17,Pasar Banjaran,UBI JALAR PUTIH,12000.0
2026-08-17,Pasar Banjaran,UDANG,94000.0
2026-08-17,Pasar Sehat Soreang,BAWANG BOMBAY,35000.0
2026-08-17,Pasar Sehat Soreang,BAWANG DAUN,14000.0
2026-08-17,Pasar Sehat Soreang,BAWANG MERAH,30000.0
2026-08-17,Pasar Sehat Soreang,BAWANG MERAH BATU,30000.0
2026-08-17,Pasar Sehat Soreang,BAWANG PUTIH BIASA,35000.0
2026-08-17,Pasar Sehat Soreang,BAWANG PUTIH KATING,
2026-08-17,Pasar Sehat Soreang,BAWANG SUMENEP,45000.0
2026-08-17,Pasar Sehat Soreang,BAYAM,2000.0
2026-08-17,Pasar Sehat Soreang,BERAS IR. 64,14000.0
2026-08-17,Pasar Sehat Soreang,BERAS MEDIUM,13500.0
2026-08-17,Pasar Sehat Soreang,BERAS PREMIUM,15000.0
2026-08-17,Pasar Sehat Soreang,CABE HIJAU BIASA,24000.0
2026-08-17,Pasar Sehat Soreang,CABE MERAH KERITING,35000.0
2026-08-17,Pasar Sehat Soreang,CABE MERAH TANJUNG,100000.0
2026-08-17,Pasar Sehat Soreang,CABE MERAH TW,90000.0
2026-08-17,Pasar Sehat Soreang,CABE RAWIT HIJAU,50000.0
2026-08-17,Pasar Sehat Soreang,CABE RAWIT MERAH,45000.0
2026-08-17,Pasar Sehat Soreang,DAGING AYAM BROILER,43000.0
2026-08-17,Pasar Sehat Soreang,DAGING AYAM KAMPUNG,70000.0
2026-08-17,Pasar Sehat Soreang,DAGING SAPI IMPOR BEKU,115000.0
2026-08-17,Pasar Sehat Soreang,DAGING SAPI LOKAL HAS DALAM,150000.0
2026-08-17,Pasar Sehat Soreang,DAGING SAPI LOKAL HAS LUAR,140000.0
2026-08-17,Pasar Sehat Soreang,DAGING SAPI LOKAL PAHA BELAKANG,150000.0
2026-08-17,Pasar Sehat Soreang,DAGING SAPI LOKAL PAHA DEPAN,140000.0
2026-08-17,Pasar Sehat Soreang,DAGING SAPI LOKAL SANDUNG LAMUR,120000.0
2026-08-17,Pasar Sehat Soreang,DAGING SAPI LOKAL TETELAN,70000.0
2026-08-17,Pasar Sehat Soreang,DAGING SAPI MURNI,150000.0
2026-08-17,Pasar Sehat Soreang,GARAM BATA,30000.0
2026-08-17,Pasar Sehat Soreang,GARAM HALUS YODIUM,3000.0
2026-08-17,Pasar Sehat Soreang,GAS LPG 3 Kg,21000.0
2026-08-17,Pasar Sehat Soreang,GULA MERAH,24000.0
2026-08-17,Pasar Sehat Soreang,GULA PASIR GULA KU,20000.0
2026-08-17,Pasar Sehat Soreang,GULA PASIR LOKAL,17500.0
2026-08-17,Pasar Sehat Soreang,IKAN BANDENG,40000.0
2026-08-17,Pasar Sehat Soreang,Ikan Bawal Air Tawar,30000.0
2026-08-17,Pasar Sehat Soreang,Ikan Gurame,55000.0
2026-08-17,Pasar Sehat Soreang,IKAN KEMBUNG,50000.0
2026-08-17,Pasar Sehat Soreang,Ikan Lele,32000.0
2026-08-17,Pasar Sehat Soreang,IKAN MAS,30000.0
2026-08-17,Pasar Sehat Soreang,Ikan Nila,35000.0
2026-08-17,Pasar Sehat Soreang,Ikan Patin,30000.0
2026-08-17,Pasar Sehat Soreang,IKAN TONGKOL,44000.0
2026-08-17,Pasar Sehat Soreang,JAGUNG MANIS,15000.0
2026-08-17,Pasar Sehat Soreang,JAGUNG PIPILAN,20000.0
2026-08-17,Pasar Sehat Soreang,JERUK,22000.0
2026-08-17,Pasar Sehat Soreang,KACANG HIJAU,35000.0
2026-08-17,Pasar Sehat Soreang,KACANG KEDELAI IMPOR,12500.0
2026-08-17,Pasar Sehat Soreang,KACANG KEDELAI LOKAL,
2026-08-17,Pasar Sehat Soreang,KACANG PANJANG,24000.0
2026-08-17,Pasar Sehat Soreang,KACANG TANAH KUPAS,40000.0
2026-08-17,Pasar Sehat Soreang,KANGKUNG,2000.0
2026-08-17,Pasar Sehat Soreang,KENTANG DIENG,20000.0
2026-08-17,Pasar Sehat Soreang,KETELA POHON,6000.0
2026-08-17,Pasar Sehat Soreang,MELON,18000.0
2026-08-17,Pasar Sehat Soreang,MIE INSTAN INDOMIE,3000.0
2026-08-17,Pasar Sehat Soreang,MINYAK BIMOLI,22000.0
2026-08-17,Pasar Sehat Soreang,MINYAK CURAH,22000.0
2026-08-17,Pasar Sehat Soreang,MINYAKITA,15700.0
2026-08-17,Pasar Sehat Soreang,MINYAK SANIA,20000.0
2026-08-17,Pasar Sehat Soreang,PAKCOY,10000.0
2026-08-17,Pasar Sehat Soreang,PEPAYA,14000.0
2026-08-17,Pasar Sehat Soreang,PISANG,8000.0
2026-08-17,Pasar Sehat Soreang,SAWI PUTIH,7000.0
2026-08-17,Pasar Sehat Soreang,SAYURAN BUNCIS,20000.0
2026-08-17,Pasar Sehat Soreang,SAYURAN KENTANG LOKAL,15000.0
2026-08-17,Pasar Sehat Soreang,SAYURAN KOL/KUBIS,8000.0
2026-08-17,Pasar Sehat Soreang,SAYURAN TOMAT,8000.0
2026-08-17,Pasar Sehat Soreang,SAYURAN WORTEL,16000.0
2026-08-17,Pasar Sehat Soreang,SKM BENDERA,13000.0
2026-08-17,Pasar Sehat Soreang,SKM CAP ENAK,12000.0
2026-08-17,Pasar Sehat Soreang,SKM INDOMILK,12000.0
2026-08-17,Pasar Sehat Soreang,SUSU BALITA (SGM),42500.0
2026-08-17,Pasar Sehat Soreang,SUSU BUBUK DANCOW VANILA,54600.0
2026-08-17,Pasar Sehat Soreang,TAHU,10000.0
2026-08-17,Pasar Sehat Soreang,TELUR AYAM BROILER,23000.0
2026-08-17,Pasar Sehat Soreang,TELUR AYAM KAMPUNG,3000.0
2026-08-17,Pasar Sehat Soreang,TEMPE,12000.0
2026-08-17,Pasar Sehat Soreang,TERIGU CAKRA KEMBAR,14000.0
2026-08-17,Pasar Sehat Soreang,TERIGU CURAH,10000.0
2026-08-17,Pasar Sehat Soreang,TERIGU KUNCI BIRU,12000.0
2026-08-17,Pasar Sehat Soreang,TERIGU SEGITIGA BIRU,13000.0
2026-08-17,Pasar Sehat Soreang,TERI KERITING,80000.0
2026-08-17,Pasar Sehat Soreang,TERI MEDAN,170000.0
2026-08-17,Pasar Sehat Soreang,TIMUN,10000.0
2026-08-17,Pasar Sehat Soreang,TOMAT HIJAU,6000.0
2026-08-17,Pasar Sehat Soreang,UBI JALAR PUTIH,7000.0
2026-08-17,Pasar Sehat Soreang,UDANG,100000.0
2026-08-18,Pasar Margahayu,BAWANG BOMBAY,36000.0
2026-08-18,Pasar Margahayu,BAWANG DAUN,18000.0
2026-08-18,Pasar Margahayu,BAWANG MERAH,36000.0
2026-08-18,Pasar Margahayu,BAWANG MERAH BATU,
2026-08-18,Pasar Margahayu,BAWANG PUTIH BIASA,32000.0
2026-08-18,Pasar Margahayu,BAWANG PUTIH KATING,40000.0
2026-08-18,Pasar Margahayu,BAWANG SUMENEP,50000.0
2026-08-18,Pasar Margahayu,BAYAM,2500.0
2026-08-18,Pasar Margahayu,BERAS IR. 64,15000.0
2026-08-18,Pasar Margahayu,BERAS MEDIUM,14000.0
2026-08-18,Pasar Margahayu,BERAS PREMIUM,15500.0
2026-08-18,Pasar Margahayu,CABE HIJAU BIASA,40000.0
2026-08-18,Pasar Margahayu,CABE MERAH KERITING,40000.0
2026-08-18,Pasar Margahayu,CABE MERAH TANJUNG,110000.0
2026-08-18,Pasar Margahayu,CABE MERAH TW,50000.0
2026-08-18,Pasar Margahayu,CABE RAWIT HIJAU,60000.0
2026-08-18,Pasar Margahayu,CABE RAWIT MERAH,70000.0
2026-08-18,Pasar Margahayu,DAGING AYAM BROILER,44000.0
2026-08-18,Pasar Margahayu,DAGING AYAM KAMPUNG,
2026-08-18,Pasar Margahayu,DAGING SAPI IMPOR BEKU,
2026-08-18,Pasar Margahayu,DAGING SAPI LOKAL HAS DALAM,
2026-08-18,Pasar Margahayu,DAGING SAPI LOKAL HAS LUAR,140000.0
2026-08-18,Pasar Margahayu,DAGING SAPI LOKAL PAHA BELAKANG,140000.0
2026-08-18,Pasar Margahayu,DAGING SAPI LOKAL PAHA DEPAN,140000.0
2026-08-18,Pasar Margahayu,DAGING SAPI LOKAL SANDUNG LAMUR,130000.0
2026-08-18,Pasar Margahayu,DAGING SAPI LOKAL TETELAN,80000.0
2026-08-18,Pasar Margahayu,DAGING SAPI MURNI,140000.0
2026-08-18,Pasar Margahayu,GARAM BATA,35000.0
2026-08-18,Pasar Margahayu,GARAM HALUS YODIUM,2500.0
2026-08-18,Pasar Margahayu,GAS LPG 3 Kg,22000.0
2026-08-18,Pasar Margahayu,GULA MERAH,26000.0
2026-08-18,Pasar Margahayu,GULA PASIR GULA KU,19000.0
2026-08-18,Pasar Margahayu,GULA PASIR LOKAL,18000.0
2026-08-18,Pasar Margahayu,IKAN BANDENG,38000.0
2026-08-18,Pasar Margahayu,Ikan Bawal Air Tawar,30000.0
2026-08-18,Pasar Margahayu,Ikan Gurame,50000.0
2026-08-18,Pasar Margahayu,IKAN KEMBUNG,50000.0
2026-08-18,Pasar Margahayu,Ikan Lele,32000.0
2026-08-18,Pasar Margahayu,IKAN MAS,30000.0
2026-08-18,Pasar Margahayu,Ikan Nila,40000.0
2026-08-18,Pasar Margahayu,Ikan Patin,32000.0
2026-08-18,Pasar Margahayu,IKAN TONGKOL,46000.0
2026-08-18,Pasar Margahayu,JAGUNG MANIS,18000.0
2026-08-18,Pasar Margahayu,JAGUNG PIPILAN,20000.0
2026-08-18,Pasar Margahayu,JERUK,25000.0
2026-08-18,Pasar Margahayu,KACANG HIJAU,28000.0
2026-08-18,Pasar Margahayu,KACANG KEDELAI IMPOR,
2026-08-18,Pasar Margahayu,KACANG KEDELAI LOKAL,15000.0
2026-08-18,Pasar Margahayu,KACANG PANJANG,28000.0
2026-08-18,Pasar Margahayu,KACANG TANAH KUPAS,38000.0
2026-08-18,Pasar Margahayu,KANGKUNG,2000.0
2026-08-18,Pasar Margahayu,KENTANG DIENG,20000.0
2026-08-18,Pasar Margahayu,KETELA POHON,6000.0
2026-08-18,Pasar Margahayu,MELON,18000.0
2026-08-18,Pasar Margahayu,MIE INSTAN INDOMIE,3000.0
2026-08-18,Pasar Margahayu,MINYAK BIMOLI,
2026-08-18,Pasar Margahayu,MINYAK CURAH,21500.0
2026-08-18,Pasar Margahayu,MINYAKITA,20000.0
2026-08-18,Pasar Margahayu,MINYAK SANIA,
2026-08-18,Pasar Margahayu,PAKCOY,12000.0
2026-08-18,Pasar Margahayu,PEPAYA,16000.0
2026-08-18,Pasar Margahayu,PISANG,8000.0
2026-08-18,Pasar Margahayu,SAWI PUTIH,10000.0
2026-08-18,Pasar Margahayu,SAYURAN BUNCIS,30000.0
2026-08-18,Pasar Margahayu,SAYURAN KENTANG LOKAL,15000.0
2026-08-18,Pasar Margahayu,SAYURAN KOL/KUBIS,8000.0
2026-08-18,Pasar Margahayu,SAYURAN TOMAT,12000.0
2026-08-18,Pasar Margahayu,SAYURAN WORTEL,20000.0
2026-08-18,Pasar Margahayu,SKM BENDERA,13000.0
2026-08-18,Pasar Margahayu,SKM CAP ENAK,11500.0
2026-08-18,Pasar Margahayu,SKM INDOMILK,12000.0
2026-08-18,Pasar Margahayu,SUSU BALITA (SGM),42500.0
2026-08-18,Pasar Margahayu,SUSU BUBUK DANCOW VANILA,
2026-08-18,Pasar Margahayu,TAHU,10000.0
2026-08-18,Pasar Margahayu,TELUR AYAM BROILER,23000.0
2026-08-18,Pasar Margahayu,TELUR AYAM KAMPUNG,3000.0
2026-08-18,Pasar Margahayu,TEMPE,17000.0
2026-08-18,Pasar Margahayu,TERIGU CAKRA KEMBAR,15000.0
2026-08-18,Pasar Margahayu,TERIGU CURAH,10000.0
2026-08-18,Pasar Margahayu,TERIGU KUNCI BIRU,14000.0
2026-08-18,Pasar Margahayu,TERIGU SEGITIGA BIRU,13000.0
2026-08-18,Pasar Margahayu,TERI KERITING,70000.0
2026-08-18,Pasar Margahayu,TERI MEDAN,160000.0
2026-08-18,Pasar Margahayu,TIMUN,14000.0
2026-08-18,Pasar Margahayu,TOMAT HIJAU,8000.0
2026-08-18,Pasar Margahayu,UBI JALAR PUTIH,8000.0
2026-08-18,Pasar Margahayu,UDANG,68000.0
2026-08-18,Pasar Ciwidey,BAWANG BOMBAY,38000.0
2026-08-18,Pasar Ciwidey,BAWANG DAUN,16000.0
2026-08-18,Pasar Ciwidey,BAWANG MERAH,40000.0
2026-08-18,Pasar Ciwidey,BAWANG MERAH BATU,30000.0
2026-08-18,Pasar Ciwidey,BAWANG PUTIH BIASA,35000.0
2026-08-18,Pasar Ciwidey,BAWANG PUTIH KATING,
2026-08-18,Pasar Ciwidey,BAWANG SUMENEP,60000.0
2026-08-18,Pasar Ciwidey,BAYAM,2000.0
2026-08-18,Pasar Ciwidey,BERAS IR. 64,15000.0
2026-08-18,Pasar Ciwidey,BERAS MEDIUM,14500.0
2026-08-18,Pasar Ciwidey,BERAS PREMIUM,16000.0
2026-08-18,Pasar Ciwidey,CABE HIJAU BIASA,22000.0
2026-08-18,Pasar Ciwidey,CABE MERAH KERITING,40000.0
2026-08-18,Pasar Ciwidey,CABE MERAH TANJUNG,100000.0
2026-08-18,Pasar Ciwidey,CABE MERAH TW,90000.0
2026-08-18,Pasar Ciwidey,CABE RAWIT HIJAU,60000.0
2026-08-18,Pasar Ciwidey,CABE RAWIT MERAH,40000.0
2026-08-18,Pasar Ciwidey,DAGING AYAM BROILER,42000.0
2026-08-18,Pasar Ciwidey,DAGING AYAM KAMPUNG,70000.0
2026-08-18,Pasar Ciwidey,DAGING SAPI IMPOR BEKU,110000.0
2026-08-18,Pasar Ciwidey,DAGING SAPI LOKAL HAS DALAM,145000.0
2026-08-18,Pasar Ciwidey,DAGING SAPI LOKAL HAS LUAR,140000.0
2026-08-18,Pasar Ciwidey,DAGING SAPI LOKAL PAHA BELAKANG,145000.0
2026-08-18,Pasar Ciwidey,DAGING SAPI LOKAL PAHA DEPAN,140000.0
2026-08-18,Pasar Ciwidey,DAGING SAPI LOKAL SANDUNG LAMUR,125000.0
2026-08-18,Pasar Ciwidey,DAGING SAPI LOKAL TETELAN,70000.0
2026-08-18,Pasar Ciwidey,DAGING SAPI MURNI,145000.0
2026-08-18,Pasar Ciwidey,GARAM BATA,16000.0
2026-08-18,Pasar Ciwidey,GARAM HALUS YODIUM,3000.0
2026-08-18,Pasar Ciwidey,GAS LPG 3 Kg,23000.0
2026-08-18,Pasar Ciwidey,GULA MERAH,24000.0
2026-08-18,Pasar Ciwidey,GULA PASIR GULA KU,20000.0
2026-08-18,Pasar Ciwidey,GULA PASIR LOKAL,18000.0
2026-08-18,Pasar Ciwidey,IKAN BANDENG,45000.0
2026-08-18,Pasar Ciwidey,Ikan Bawal Air Tawar,32000.0
2026-08-18,Pasar Ciwidey,Ikan Gurame,60000.0
2026-08-18,Pasar Ciwidey,IKAN KEMBUNG,50000.0
2026-08-18,Pasar Ciwidey,Ikan Lele,35000.0
2026-08-18,Pasar Ciwidey,IKAN MAS,28000.0
2026-08-18,Pasar Ciwidey,Ikan Nila,32000.0
2026-08-18,Pasar Ciwidey,Ikan Patin,34000.0
2026-08-18,Pasar Ciwidey,IKAN TONGKOL,45000.0
2026-08-18,Pasar Ciwidey,JAGUNG MANIS,15000.0
2026-08-18,Pasar Ciwidey,JAGUNG PIPILAN,20000.0
2026-08-18,Pasar Ciwidey,JERUK,20000.0
2026-08-18,Pasar Ciwidey,KACANG HIJAU,36000.0
2026-08-18,Pasar Ciwidey,KACANG KEDELAI IMPOR,16000.0
2026-08-18,Pasar Ciwidey,KACANG KEDELAI LOKAL,
2026-08-18,Pasar Ciwidey,KACANG PANJANG,18000.0
2026-08-18,Pasar Ciwidey,KACANG TANAH KUPAS,38000.0
2026-08-18,Pasar Ciwidey,KANGKUNG,2000.0
2026-08-18,Pasar Ciwidey,KENTANG DIENG,20000.0
2026-08-18,Pasar Ciwidey,KETELA POHON,5000.0
2026-08-18,Pasar Ciwidey,MELON,18000.0
2026-08-18,Pasar Ciwidey,MIE INSTAN INDOMIE,3500.0
2026-08-18,Pasar Ciwidey,MINYAK BIMOLI,22500.0
2026-08-18,Pasar Ciwidey,MINYAK CURAH,21500.0
2026-08-18,Pasar Ciwidey,MINYAKITA,20000.0
2026-08-18,Pasar Ciwidey,MINYAK SANIA,22000.0
2026-08-18,Pasar Ciwidey,PAKCOY,7000.0
2026-08-18,Pasar Ciwidey,PEPAYA,15000.0
2026-08-18,Pasar Ciwidey,PISANG,8000.0
2026-08-18,Pasar Ciwidey,SAWI PUTIH,7000.0
2026-08-18,Pasar Ciwidey,SAYURAN BUNCIS,22000.0
2026-08-18,Pasar Ciwidey,SAYURAN KENTANG LOKAL,16000.0
2026-08-18,Pasar Ciwidey,SAYURAN KOL/KUBIS,8000.0
2026-08-18,Pasar Ciwidey,SAYURAN TOMAT,7000.0
2026-08-18,Pasar Ciwidey,SAYURAN WORTEL,20000.0
2026-08-18,Pasar Ciwidey,SKM BENDERA,13000.0
2026-08-18,Pasar Ciwidey,SKM CAP ENAK,12000.0
2026-08-18,Pasar Ciwidey,SKM INDOMILK,12500.0
2026-08-18,Pasar Ciwidey,SUSU BALITA (SGM),48000.0
2026-08-18,Pasar Ciwidey,SUSU BUBUK DANCOW VANILA,
2026-08-18,Pasar Ciwidey,TAHU,12000.0
2026-08-18,Pasar Ciwidey,TELUR AYAM BROILER,24000.0
2026-08-18,Pasar Ciwidey,TELUR AYAM KAMPUNG,3500.0
2026-08-18,Pasar Ciwidey,TEMPE,13000.0
2026-08-18,Pasar Ciwidey,TERIGU CAKRA KEMBAR,13000.0
2026-08-18,Pasar Ciwidey,TERIGU CURAH,10000.0
2026-08-18,Pasar Ciwidey,TERIGU KUNCI BIRU,
2026-08-18,Pasar Ciwidey,TERIGU SEGITIGA BIRU,12000.0
2026-08-18,Pasar Ciwidey,TERI KERITING,85000.0
2026-08-18,Pasar Ciwidey,TERI MEDAN,160000.0
2026-08-18,Pasar Ciwidey,TIMUN,10000.0
2026-08-18,Pasar Ciwidey,TOMAT HIJAU,5000.0
2026-08-18,Pasar Ciwidey,UBI JALAR PUTIH,9000.0
2026-08-18,Pasar Ciwidey,UDANG,95000.0
2026-08-18,Pasar Baleendah,BAWANG BOMBAY,35000.0
2026-08-18,Pasar Baleendah,BAWANG DAUN,15000.0
2026-08-18,Pasar Baleendah,BAWANG MERAH,32000.0
2026-08-18,Pasar Baleendah,BAWANG MERAH BATU,28000.0
2026-08-18,Pasar Baleendah,BAWANG PUTIH BIASA,35000.0
2026-08-18,Pasar Baleendah,BAWANG PUTIH KATING,
2026-08-18,Pasar Baleendah,BAWANG SUMENEP,40000.0
2026-08-18,Pasar Baleendah,BAYAM,2500.0
2026-08-18,Pasar Baleendah,BERAS IR. 64,15000.0
2026-08-18,Pasar Baleendah,BERAS MEDIUM,14000.0
2026-08-18,Pasar Baleendah,BERAS PREMIUM,16000.0
2026-08-18,Pasar Baleendah,CABE HIJAU BIASA,32000.0
2026-08-18,Pasar Baleendah,CABE MERAH KERITING,40000.0
2026-08-18,Pasar Baleendah,CABE MERAH TANJUNG,100000.0
2026-08-18,Pasar Baleendah,CABE MERAH TW,
2026-08-18,Pasar Baleendah,CABE RAWIT HIJAU,45000.0
2026-08-18,Pasar Baleendah,CABE RAWIT MERAH,45000.0
2026-08-18,Pasar Baleendah,DAGING AYAM BROILER,41000.0
2026-08-18,Pasar Baleendah,DAGING AYAM KAMPUNG,70000.0
2026-08-18,Pasar Baleendah,DAGING SAPI IMPOR BEKU,120000.0
2026-08-18,Pasar Baleendah,DAGING SAPI LOKAL HAS DALAM,150000.0
2026-08-18,Pasar Baleendah,DAGING SAPI LOKAL HAS LUAR,140000.0
2026-08-18,Pasar Baleendah,DAGING SAPI LOKAL PAHA BELAKANG,140000.0
2026-08-18,Pasar Baleendah,DAGING SAPI LOKAL PAHA DEPAN,135000.0
2026-08-18,Pasar Baleendah,DAGING SAPI LOKAL SANDUNG LAMUR,120000.0
2026-08-18,Pasar Baleendah,DAGING SAPI LOKAL TETELAN,70000.0
2026-08-18,Pasar Baleendah,DAGING SAPI MURNI,140000.0
2026-08-18,Pasar Baleendah,GARAM BATA,16000.0
2026-08-18,Pasar Baleendah,GARAM HALUS YODIUM,16000.0
2026-08-18,Pasar Baleendah,GAS LPG 3 Kg,23000.0
2026-08-18,Pasar Baleendah,GULA MERAH,23000.0
2026-08-18,Pasar Baleendah,GULA PASIR GULA KU,20000.0
2026-08-18,Pasar Baleendah,GULA PASIR LOKAL,19000.0
2026-08-18,Pasar Baleendah,IKAN BANDENG,45000.0
2026-08-18,Pasar Baleendah,Ikan Bawal Air Tawar,30000.0
2026-08-18,Pasar Baleendah,Ikan Gurame,55000.0
2026-08-18,Pasar Baleendah,IKAN KEMBUNG,55000.0
2026-08-18,Pasar Baleendah,Ikan Lele,31000.0
2026-08-18,Pasar Baleendah,IKAN MAS,27000.0
2026-08-18,Pasar Baleendah,Ikan Nila,35000.0
2026-08-18,Pasar Baleendah,Ikan Patin,30000.0
2026-08-18,Pasar Baleendah,IKAN TONGKOL,45000.0
2026-08-18,Pasar Baleendah,JAGUNG MANIS,14000.0
2026-08-18,Pasar Baleendah,JAGUNG PIPILAN,20000.0
2026-08-18,Pasar Baleendah,JERUK,20000.0
2026-08-18,Pasar Baleendah,KACANG HIJAU,32000.0
2026-08-18,Pasar Baleendah,KACANG KEDELAI IMPOR,15000.0
2026-08-18,Pasar Baleendah,KACANG KEDELAI LOKAL,14000.0
2026-08-18,Pasar Baleendah,KACANG PANJANG,20000.0
2026-08-18,Pasar Baleendah,KACANG TANAH KUPAS,38000.0
2026-08-18,Pasar Baleendah,KANGKUNG,1000.0
2026-08-18,Pasar Baleendah,KENTANG DIENG,18000.0
2026-08-18,Pasar Baleendah,KETELA POHON,5000.0
2026-08-18,Pasar Baleendah,MELON,18000.0
2026-08-18,Pasar Baleendah,MIE INSTAN INDOMIE,3000.0
2026-08-18,Pasar Baleendah,MINYAK BIMOLI,
2026-08-18,Pasar Baleendah,MINYAK CURAH,21500.0
2026-08-18,Pasar Baleendah,MINYAKITA,21000.0
2026-08-18,Pasar Baleendah,MINYAK SANIA,22000.0
2026-08-18,Pasar Baleendah,PAKCOY,10000.0
2026-08-18,Pasar Baleendah,PEPAYA,14000.0
2026-08-18,Pasar Baleendah,PISANG,6500.0
2026-08-18,Pasar Baleendah,SAWI PUTIH,7000.0
2026-08-18,Pasar Baleendah,SAYURAN BUNCIS,24000.0
2026-08-18,Pasar Baleendah,SAYURAN KENTANG LOKAL,15000.0
2026-08-18,Pasar Baleendah,SAYURAN KOL/KUBIS,7000.0
2026-08-18,Pasar Baleendah,SAYURAN TOMAT,8000.0
2026-08-18,Pasar Baleendah,SAYURAN WORTEL,16000.0
2026-08-18,Pasar Baleendah,SKM BENDERA,12500.0
2026-08-18,Pasar Baleendah,SKM CAP ENAK,10000.0
2026-08-18,Pasar Baleendah,SKM INDOMILK,11500.0
2026-08-18,Pasar Baleendah,SUSU BALITA (SGM),41600.0
2026-08-18,Pasar Baleendah,SUSU BUBUK DANCOW VANILA,50100.0
2026-08-18,Pasar Baleendah,TAHU,12000.0
2026-08-18,Pasar Baleendah,TELUR AYAM BROILER,25000.0
2026-08-18,Pasar Baleendah,TELUR AYAM KAMPUNG,3000.0
2026-08-18,Pasar Baleendah,TEMPE,12000.0
2026-08-18,Pasar Baleendah,TERIGU CAKRA KEMBAR,11500.0
2026-08-18,Pasar Baleendah,TERIGU CURAH,10000.0
2026-08-18,Pasar Baleendah,TERIGU KUNCI BIRU,11000.0
2026-08-18,Pasar Baleendah,TERIGU SEGITIGA BIRU,11000.0
2026-08-18,Pasar Baleendah,TERI KERITING,80000.0
2026-08-18,Pasar Baleendah,TERI MEDAN,140000.0
2026-08-18,Pasar Baleendah,TIMUN,12000.0
2026-08-18,Pasar Baleendah,TOMAT HIJAU,8000.0
2026-08-18,Pasar Baleendah,UBI JALAR PUTIH,8000.0
2026-08-18,Pasar Baleendah,UDANG,70000.0
2026-08-18,Pasar Stasiun Majalaya,BAWANG BOMBAY,38000.0
2026-08-18,Pasar Stasiun Majalaya,BAWANG DAUN,14000.0
2026-08-18,Pasar Stasiun Majalaya,BAWANG MERAH,36000.0
2026-08-18,Pasar Stasiun Majalaya,BAWANG MERAH BATU,
2026-08-18,Pasar Stasiun Majalaya,BAWANG PUTIH BIASA,36000.0
2026-08-18,Pasar Stasiun Majalaya,BAWANG PUTIH KATING,
2026-08-18,Pasar Stasiun Majalaya,BAWANG SUMENEP,50000.0
2026-08-18,Pasar Stasiun Majalaya,BAYAM,3000.0
2026-08-18,Pasar Stasiun Majalaya,BERAS IR. 64,
2026-08-18,Pasar Stasiun Majalaya,BERAS MEDIUM,15000.0
2026-08-18,Pasar Stasiun Majalaya,BERAS PREMIUM,16000.0
2026-08-18,Pasar Stasiun Majalaya,CABE HIJAU BIASA,24000.0
2026-08-18,Pasar Stasiun Majalaya,CABE MERAH KERITING,40000.0
2026-08-18,Pasar Stasiun Majalaya,CABE MERAH TANJUNG,100000.0
2026-08-18,Pasar Stasiun Majalaya,CABE MERAH TW,
2026-08-18,Pasar Stasiun Majalaya,CABE RAWIT HIJAU,50000.0
2026-08-18,Pasar Stasiun Majalaya,CABE RAWIT MERAH,50000.0
2026-08-18,Pasar Stasiun Majalaya,DAGING AYAM BROILER,44000.0
2026-08-18,Pasar Stasiun Majalaya,DAGING AYAM KAMPUNG,80000.0
2026-08-18,Pasar Stasiun Majalaya,DAGING SAPI IMPOR BEKU,130000.0
2026-08-18,Pasar Stasiun Majalaya,DAGING SAPI LOKAL HAS DALAM,150000.0
2026-08-18,Pasar Stasiun Majalaya,DAGING SAPI LOKAL HAS LUAR,140000.0
2026-08-18,Pasar Stasiun Majalaya,DAGING SAPI LOKAL PAHA BELAKANG,140000.0
2026-08-18,Pasar Stasiun Majalaya,DAGING SAPI LOKAL PAHA DEPAN,140000.0
2026-08-18,Pasar Stasiun Majalaya,DAGING SAPI LOKAL SANDUNG LAMUR,135000.0
2026-08-18,Pasar Stasiun Majalaya,DAGING SAPI LOKAL TETELAN,70000.0
2026-08-18,Pasar Stasiun Majalaya,DAGING SAPI MURNI,155000.0
2026-08-18,Pasar Stasiun Majalaya,GARAM BATA,18000.0
2026-08-18,Pasar Stasiun Majalaya,GARAM HALUS YODIUM,2500.0
2026-08-18,Pasar Stasiun Majalaya,GAS LPG 3 Kg,22000.0
2026-08-18,Pasar Stasiun Majalaya,GULA MERAH,24000.0
2026-08-18,Pasar Stasiun Majalaya,GULA PASIR GULA KU,
2026-08-18,Pasar Stasiun Majalaya,GULA PASIR LOKAL,19000.0
2026-08-18,Pasar Stasiun Majalaya,IKAN BANDENG,40000.0
2026-08-18,Pasar Stasiun Majalaya,Ikan Bawal Air Tawar,34000.0
2026-08-18,Pasar Stasiun Majalaya,Ikan Gurame,55000.0
2026-08-18,Pasar Stasiun Majalaya,IKAN KEMBUNG,50000.0
2026-08-18,Pasar Stasiun Majalaya,Ikan Lele,30000.0
2026-08-18,Pasar Stasiun Majalaya,IKAN MAS,32000.0
2026-08-18,Pasar Stasiun Majalaya,Ikan Nila,36000.0
2026-08-18,Pasar Stasiun Majalaya,Ikan Patin,32000.0
2026-08-18,Pasar Stasiun Majalaya,IKAN TONGKOL,40000.0
2026-08-18,Pasar Stasiun Majalaya,JAGUNG MANIS,10000.0
2026-08-18,Pasar Stasiun Majalaya,JAGUNG PIPILAN,
2026-08-18,Pasar Stasiun Majalaya,JERUK,30000.0
2026-08-18,Pasar Stasiun Majalaya,KACANG HIJAU,38000.0
2026-08-18,Pasar Stasiun Majalaya,KACANG KEDELAI IMPOR,16000.0
2026-08-18,Pasar Stasiun Majalaya,KACANG KEDELAI LOKAL,14000.0
2026-08-18,Pasar Stasiun Majalaya,KACANG PANJANG,16000.0
2026-08-18,Pasar Stasiun Majalaya,KACANG TANAH KUPAS,40000.0
2026-08-18,Pasar Stasiun Majalaya,KANGKUNG,3000.0
2026-08-18,Pasar Stasiun Majalaya,KENTANG DIENG,20000.0
2026-08-18,Pasar Stasiun Majalaya,KETELA POHON,6000.0
2026-08-18,Pasar Stasiun Majalaya,MELON,20000.0
2026-08-18,Pasar Stasiun Majalaya,MIE INSTAN INDOMIE,3000.0
2026-08-18,Pasar Stasiun Majalaya,MINYAK BIMOLI,
2026-08-18,Pasar Stasiun Majalaya,MINYAK CURAH,22000.0
2026-08-18,Pasar Stasiun Majalaya,MINYAKITA,21000.0
2026-08-18,Pasar Stasiun Majalaya,MINYAK SANIA,
2026-08-18,Pasar Stasiun Majalaya,PAKCOY,10000.0
2026-08-18,Pasar Stasiun Majalaya,PEPAYA,15000.0
2026-08-18,Pasar Stasiun Majalaya,PISANG,8000.0
2026-08-18,Pasar Stasiun Majalaya,SAWI PUTIH,8000.0
2026-08-18,Pasar Stasiun Majalaya,SAYURAN BUNCIS,24000.0
2026-08-18,Pasar Stasiun Majalaya,SAYURAN KENTANG LOKAL,15000.0
2026-08-18,Pasar Stasiun Majalaya,SAYURAN KOL/KUBIS,7000.0
2026-08-18,Pasar Stasiun Majalaya,SAYURAN TOMAT,8000.0
2026-08-18,Pasar Stasiun Majalaya,SAYURAN WORTEL,18000.0
2026-08-18,Pasar Stasiun Majalaya,SKM BENDERA,13000.0
2026-08-18,Pasar Stasiun Majalaya,SKM CAP ENAK,11500.0
2026-08-18,Pasar Stasiun Majalaya,SKM INDOMILK,12500.0
2026-08-18,Pasar Stasiun Majalaya,SUSU BALITA (SGM),
2026-08-18,Pasar Stasiun Majalaya,SUSU BUBUK DANCOW VANILA,
2026-08-18,Pasar Stasiun Majalaya,TAHU,12000.0
2026-08-18,Pasar Stasiun Majalaya,TELUR AYAM BROILER,26000.0
2026-08-18,Pasar Stasiun Majalaya,TELUR AYAM KAMPUNG,4000.0
2026-08-18,Pasar Stasiun Majalaya,TEMPE,14000.0
2026-08-18,Pasar Stasiun Majalaya,TERIGU CAKRA KEMBAR,14000.0
2026-08-18,Pasar Stasiun Majalaya,TERIGU CURAH,10000.0
2026-08-18,Pasar Stasiun Majalaya,TERIGU KUNCI BIRU,12000.0
2026-08-18,Pasar Stasiun Majalaya,TERIGU SEGITIGA BIRU,13000.0
2026-08-18,Pasar Stasiun Majalaya,TERI KERITING,100000.0
2026-08-18,Pasar Stasiun Majalaya,TERI MEDAN,160000.0
2026-08-18,Pasar Stasiun Majalaya,TIMUN,15000.0
2026-08-18,Pasar Stasiun Majalaya,TOMAT HIJAU,7000.0
2026-08-18,Pasar Stasiun Majalaya,UBI JALAR PUTIH,8000.0
2026-08-18,Pasar Stasiun Majalaya,UDANG,100000.0
2026-08-18,Pasar Baru Majalaya,BAWANG BOMBAY,36000.0
2026-08-18,Pasar Baru Majalaya,BAWANG DAUN,14000.0
2026-08-18,Pasar Baru Majalaya,BAWANG MERAH,32000.0
2026-08-18,Pasar Baru Majalaya,BAWANG MERAH BATU,28000.0
2026-08-18,Pasar Baru Majalaya,BAWANG PUTIH BIASA,32000.0
2026-08-18,Pasar Baru Majalaya,BAWANG PUTIH KATING,
2026-08-18,Pasar Baru Majalaya,BAWANG SUMENEP,48000.0
2026-08-18,Pasar Baru Majalaya,BAYAM,3000.0
2026-08-18,Pasar Baru Majalaya,BERAS IR. 64,15000.0
2026-08-18,Pasar Baru Majalaya,BERAS MEDIUM,14500.0
2026-08-18,Pasar Baru Majalaya,BERAS PREMIUM,16000.0
2026-08-18,Pasar Baru Majalaya,CABE HIJAU BIASA,34000.0
2026-08-18,Pasar Baru Majalaya,CABE MERAH KERITING,32000.0
2026-08-18,Pasar Baru Majalaya,CABE MERAH TANJUNG,90000.0
2026-08-18,Pasar Baru Majalaya,CABE MERAH TW,
2026-08-18,Pasar Baru Majalaya,CABE RAWIT HIJAU,48000.0
2026-08-18,Pasar Baru Majalaya,CABE RAWIT MERAH,48000.0
2026-08-18,Pasar Baru Majalaya,DAGING AYAM BROILER,43000.0
2026-08-18,Pasar Baru Majalaya,DAGING AYAM KAMPUNG,
2026-08-18,Pasar Baru Majalaya,DAGING SAPI IMPOR BEKU,130000.0
2026-08-18,Pasar Baru Majalaya,DAGING SAPI LOKAL HAS DALAM,140000.0
2026-08-18,Pasar Baru Majalaya,DAGING SAPI LOKAL HAS LUAR,130000.0
2026-08-18,Pasar Baru Majalaya,DAGING SAPI LOKAL PAHA BELAKANG,135000.0
2026-08-18,Pasar Baru Majalaya,DAGING SAPI LOKAL PAHA DEPAN,140000.0
2026-08-18,Pasar Baru Majalaya,DAGING SAPI LOKAL SANDUNG LAMUR,130000.0
2026-08-18,Pasar Baru Majalaya,DAGING SAPI LOKAL TETELAN,70000.0
2026-08-18,Pasar Baru Majalaya,DAGING SAPI MURNI,150000.0
2026-08-18,Pasar Baru Majalaya,GARAM BATA,16000.0
2026-08-18,Pasar Baru Majalaya,GARAM HALUS YODIUM,2000.0
2026-08-18,Pasar Baru Majalaya,GAS LPG 3 Kg,22000.0
2026-08-18,Pasar Baru Majalaya,GULA MERAH,24000.0
2026-08-18,Pasar Baru Majalaya,GULA PASIR GULA KU,20000.0
2026-08-18,Pasar Baru Majalaya,GULA PASIR LOKAL,19000.0
2026-08-18,Pasar Baru Majalaya,IKAN BANDENG,40000.0
2026-08-18,Pasar Baru Majalaya,Ikan Bawal Air Tawar,32000.0
2026-08-18,Pasar Baru Majalaya,Ikan Gurame,50000.0
2026-08-18,Pasar Baru Majalaya,IKAN KEMBUNG,48000.0
2026-08-18,Pasar Baru Majalaya,Ikan Lele,30000.0
2026-08-18,Pasar Baru Majalaya,IKAN MAS,30000.0
2026-08-18,Pasar Baru Majalaya,Ikan Nila,34000.0
2026-08-18,Pasar Baru Majalaya,Ikan Patin,33000.0
2026-08-18,Pasar Baru Majalaya,IKAN TONGKOL,42000.0
2026-08-18,Pasar Baru Majalaya,JAGUNG MANIS,10000.0
2026-08-18,Pasar Baru Majalaya,JAGUNG PIPILAN,
2026-08-18,Pasar Baru Majalaya,JERUK,35000.0
2026-08-18,Pasar Baru Majalaya,KACANG HIJAU,38000.0
2026-08-18,Pasar Baru Majalaya,KACANG KEDELAI IMPOR,23000.0
2026-08-18,Pasar Baru Majalaya,KACANG KEDELAI LOKAL,
2026-08-18,Pasar Baru Majalaya,KACANG PANJANG,15000.0
2026-08-18,Pasar Baru Majalaya,KACANG TANAH KUPAS,36000.0
2026-08-18,Pasar Baru Majalaya,KANGKUNG,3000.0
2026-08-18,Pasar Baru Majalaya,KENTANG DIENG,18000.0
2026-08-18,Pasar Baru Majalaya,KETELA POHON,6000.0
2026-08-18,Pasar Baru Majalaya,MELON,20000.0
2026-08-18,Pasar Baru Majalaya,MIE INSTAN INDOMIE,3000.0
2026-08-18,Pasar Baru Majalaya,MINYAK BIMOLI,
2026-08-18,Pasar Baru Majalaya,MINYAK CURAH,22000.0
2026-08-18,Pasar Baru Majalaya,MINYAKITA,21000.0
2026-08-18,Pasar Baru Majalaya,MINYAK SANIA,
2026-08-18,Pasar Baru Majalaya,PAKCOY,10000.0
2026-08-18,Pasar Baru Majalaya,PEPAYA,15000.0
2026-08-18,Pasar Baru Majalaya,PISANG,7000.0
2026-08-18,Pasar Baru Majalaya,SAWI PUTIH,8000.0
2026-08-18,Pasar Baru Majalaya,SAYURAN BUNCIS,28000.0
2026-08-18,Pasar Baru Majalaya,SAYURAN KENTANG LOKAL,15000.0
2026-08-18,Pasar Baru Majalaya,SAYURAN KOL/KUBIS,7000.0
2026-08-18,Pasar Baru Majalaya,SAYURAN TOMAT,7000.0
2026-08-18,Pasar Baru Majalaya,SAYURAN WORTEL,18000.0
2026-08-18,Pasar Baru Majalaya,SKM BENDERA,13000.0
2026-08-18,Pasar Baru Majalaya,SKM CAP ENAK,11500.0
2026-08-18,Pasar Baru Majalaya,SKM INDOMILK,12500.0
2026-08-18,Pasar Baru Majalaya,SUSU BALITA (SGM),
2026-08-18,Pasar Baru Majalaya,SUSU BUBUK DANCOW VANILA,
2026-08-18,Pasar Baru Majalaya,TAHU,12000.0
2026-08-18,Pasar Baru Majalaya,TELUR AYAM BROILER,25000.0
2026-08-18,Pasar Baru Majalaya,TELUR AYAM KAMPUNG,4000.0
2026-08-18,Pasar Baru Majalaya,TEMPE,14000.0
2026-08-18,Pasar Baru Majalaya,TERIGU CAKRA KEMBAR,12500.0
2026-08-18,Pasar Baru Majalaya,TERIGU CURAH,10000.0
2026-08-18,Pasar Baru Majalaya,TERIGU KUNCI BIRU,
2026-08-18,Pasar Baru Majalaya,TERIGU SEGITIGA BIRU,13500.0
2026-08-18,Pasar Baru Majalaya,TERI KERITING,100000.0
2026-08-18,Pasar Baru Majalaya,TERI MEDAN,160000.0
2026-08-18,Pasar Baru Majalaya,TIMUN,12000.0
2026-08-18,Pasar Baru Majalaya,TOMAT HIJAU,6000.0
2026-08-18,Pasar Baru Majalaya,UBI JALAR PUTIH,8000.0
2026-08-18,Pasar Baru Majalaya,UDANG,90000.0
2026-08-18,Pasar Sehat Cicalengka,BAWANG BOMBAY,35000.0
2026-08-18,Pasar Sehat Cicalengka,BAWANG DAUN,14000.0
2026-08-18,Pasar Sehat Cicalengka,BAWANG MERAH,30000.0
2026-08-18,Pasar Sehat Cicalengka,BAWANG MERAH BATU,30000.0
2026-08-18,Pasar Sehat Cicalengka,BAWANG PUTIH BIASA,38000.0
2026-08-18,Pasar Sehat Cicalengka,BAWANG PUTIH KATING,37000.0
2026-08-18,Pasar Sehat Cicalengka,BAWANG SUMENEP,50000.0
2026-08-18,Pasar Sehat Cicalengka,BAYAM,2000.0
2026-08-18,Pasar Sehat Cicalengka,BERAS IR. 64,18500.0
2026-08-18,Pasar Sehat Cicalengka,BERAS MEDIUM,13500.0
2026-08-18,Pasar Sehat Cicalengka,BERAS PREMIUM,14900.0
2026-08-18,Pasar Sehat Cicalengka,CABE HIJAU BIASA,25000.0
2026-08-18,Pasar Sehat Cicalengka,CABE MERAH KERITING,32000.0
2026-08-18,Pasar Sehat Cicalengka,CABE MERAH TANJUNG,100000.0
2026-08-18,Pasar Sehat Cicalengka,CABE MERAH TW,80000.0
2026-08-18,Pasar Sehat Cicalengka,CABE RAWIT HIJAU,50000.0
2026-08-18,Pasar Sehat Cicalengka,CABE RAWIT MERAH,45000.0
2026-08-18,Pasar Sehat Cicalengka,DAGING AYAM BROILER,48000.0
2026-08-18,Pasar Sehat Cicalengka,DAGING AYAM KAMPUNG,70000.0
2026-08-18,Pasar Sehat Cicalengka,DAGING SAPI IMPOR BEKU,120000.0
2026-08-18,Pasar Sehat Cicalengka,DAGING SAPI LOKAL HAS DALAM,150000.0
2026-08-18,Pasar Sehat Cicalengka,DAGING SAPI LOKAL HAS LUAR,140000.0
2026-08-18,Pasar Sehat Cicalengka,DAGING SAPI LOKAL PAHA BELAKANG,150000.0
2026-08-18,Pasar Sehat Cicalengka,DAGING SAPI LOKAL PAHA DEPAN,140000.0
2026-08-18,Pasar Sehat Cicalengka,DAGING SAPI LOKAL SANDUNG LAMUR,120000.0
2026-08-18,Pasar Sehat Cicalengka,DAGING SAPI LOKAL TETELAN,70000.0
2026-08-18,Pasar Sehat Cicalengka,DAGING SAPI MURNI,150000.0
2026-08-18,Pasar Sehat Cicalengka,GARAM BATA,30000.0
2026-08-18,Pasar Sehat Cicalengka,GARAM HALUS YODIUM,3000.0
2026-08-18,Pasar Sehat Cicalengka,GAS LPG 3 Kg,20000.0
2026-08-18,Pasar Sehat Cicalengka,GULA MERAH,24000.0
2026-08-18,Pasar Sehat Cicalengka,GULA PASIR GULA KU,24000.0
2026-08-18,Pasar Sehat Cicalengka,GULA PASIR LOKAL,24000.0
2026-08-18,Pasar Sehat Cicalengka,IKAN BANDENG,40000.0
2026-08-18,Pasar Sehat Cicalengka,Ikan Bawal Air Tawar,30000.0
2026-08-18,Pasar Sehat Cicalengka,Ikan Gurame,60000.0
2026-08-18,Pasar Sehat Cicalengka,IKAN KEMBUNG,50000.0
2026-08-18,Pasar Sehat Cicalengka,Ikan Lele,32000.0
2026-08-18,Pasar Sehat Cicalengka,IKAN MAS,29000.0
2026-08-18,Pasar Sehat Cicalengka,Ikan Nila,32000.0
2026-08-18,Pasar Sehat Cicalengka,Ikan Patin,30000.0
2026-08-18,Pasar Sehat Cicalengka,IKAN TONGKOL,43000.0
2026-08-18,Pasar Sehat Cicalengka,JAGUNG MANIS,14000.0
2026-08-18,Pasar Sehat Cicalengka,JAGUNG PIPILAN,20000.0
2026-08-18,Pasar Sehat Cicalengka,JERUK,22000.0
2026-08-18,Pasar Sehat Cicalengka,KACANG HIJAU,35000.0
2026-08-18,Pasar Sehat Cicalengka,KACANG KEDELAI IMPOR,13000.0
2026-08-18,Pasar Sehat Cicalengka,KACANG KEDELAI LOKAL,12500.0
2026-08-18,Pasar Sehat Cicalengka,KACANG PANJANG,18000.0
2026-08-18,Pasar Sehat Cicalengka,KACANG TANAH KUPAS,40000.0
2026-08-18,Pasar Sehat Cicalengka,KANGKUNG,2000.0
2026-08-18,Pasar Sehat Cicalengka,KENTANG DIENG,20000.0
2026-08-18,Pasar Sehat Cicalengka,KETELA POHON,6000.0
2026-08-18,Pasar Sehat Cicalengka,MELON,18000.0
2026-08-18,Pasar Sehat Cicalengka,MIE INSTAN INDOMIE,3000.0
2026-08-18,Pasar Sehat Cicalengka,MINYAK BIMOLI,22000.0
2026-08-18,Pasar Sehat Cicalengka,MINYAK CURAH,21000.0
2026-08-18,Pasar Sehat Cicalengka,MINYAKITA,20000.0
2026-08-18,Pasar Sehat Cicalengka,MINYAK SANIA,22000.0
2026-08-18,Pasar Sehat Cicalengka,PAKCOY,10000.0
2026-08-18,Pasar Sehat Cicalengka,PEPAYA,14000.0
2026-08-18,Pasar Sehat Cicalengka,PISANG,8000.0
2026-08-18,Pasar Sehat Cicalengka,SAWI PUTIH,8000.0
2026-08-18,Pasar Sehat Cicalengka,SAYURAN BUNCIS,20000.0
2026-08-18,Pasar Sehat Cicalengka,SAYURAN KENTANG LOKAL,15000.0
2026-08-18,Pasar Sehat Cicalengka,SAYURAN KOL/KUBIS,8000.0
2026-08-18,Pasar Sehat Cicalengka,SAYURAN TOMAT,8000.0
2026-08-18,Pasar Sehat Cicalengka,SAYURAN WORTEL,16000.0
2026-08-18,Pasar Sehat Cicalengka,SKM BENDERA,13000.0
2026-08-18,Pasar Sehat Cicalengka,SKM CAP ENAK,12000.0
2026-08-18,Pasar Sehat Cicalengka,SKM INDOMILK,12000.0
2026-08-18,Pasar Sehat Cicalengka,SUSU BALITA (SGM),55000.0
2026-08-18,Pasar Sehat Cicalengka,SUSU BUBUK DANCOW VANILA,43000.0
2026-08-18,Pasar Sehat Cicalengka,TAHU,10000.0
2026-08-18,Pasar Sehat Cicalengka,TELUR AYAM BROILER,24000.0
2026-08-18,Pasar Sehat Cicalengka,TELUR AYAM KAMPUNG,3000.0
2026-08-18,Pasar Sehat Cicalengka,TEMPE,12000.0
2026-08-18,Pasar Sehat Cicalengka,TERIGU CAKRA KEMBAR,14000.0
2026-08-18,Pasar Sehat Cicalengka,TERIGU CURAH,10000.0
2026-08-18,Pasar Sehat Cicalengka,TERIGU KUNCI BIRU,13000.0
2026-08-18,Pasar Sehat Cicalengka,TERIGU SEGITIGA BIRU,12000.0
2026-08-18,Pasar Sehat Cicalengka,TERI KERITING,80000.0
2026-08-18,Pasar Sehat Cicalengka,TERI MEDAN,170000.0
2026-08-18,Pasar Sehat Cicalengka,TIMUN,13000.0
2026-08-18,Pasar Sehat Cicalengka,TOMAT HIJAU,7000.0
2026-08-18,Pasar Sehat Cicalengka,UBI JALAR PUTIH,8000.0
2026-08-18,Pasar Sehat Cicalengka,UDANG,100000.0
2026-08-18,Pasar Cileunyi,BAWANG BOMBAY,28000.0
2026-08-18,Pasar Cileunyi,BAWANG DAUN,16000.0
2026-08-18,Pasar Cileunyi,BAWANG MERAH,32000.0
2026-08-18,Pasar Cileunyi,BAWANG MERAH BATU,28000.0
2026-08-18,Pasar Cileunyi,BAWANG PUTIH BIASA,33000.0
2026-08-18,Pasar Cileunyi,BAWANG PUTIH KATING,
2026-08-18,Pasar Cileunyi,BAWANG SUMENEP,45000.0
2026-08-18,Pasar Cileunyi,BAYAM,2500.0
2026-08-18,Pasar Cileunyi,BERAS IR. 64,14000.0
2026-08-18,Pasar Cileunyi,BERAS MEDIUM,13500.0
2026-08-18,Pasar Cileunyi,BERAS PREMIUM,15500.0
2026-08-18,Pasar Cileunyi,CABE HIJAU BIASA,28000.0
2026-08-18,Pasar Cileunyi,CABE MERAH KERITING,35000.0
2026-08-18,Pasar Cileunyi,CABE MERAH TANJUNG,90000.0
2026-08-18,Pasar Cileunyi,CABE MERAH TW,
2026-08-18,Pasar Cileunyi,CABE RAWIT HIJAU,50000.0
2026-08-18,Pasar Cileunyi,CABE RAWIT MERAH,50000.0
2026-08-18,Pasar Cileunyi,DAGING AYAM BROILER,43000.0
2026-08-18,Pasar Cileunyi,DAGING AYAM KAMPUNG,80000.0
2026-08-18,Pasar Cileunyi,DAGING SAPI IMPOR BEKU,125000.0
2026-08-18,Pasar Cileunyi,DAGING SAPI LOKAL HAS DALAM,150000.0
2026-08-18,Pasar Cileunyi,DAGING SAPI LOKAL HAS LUAR,150000.0
2026-08-18,Pasar Cileunyi,DAGING SAPI LOKAL PAHA BELAKANG,150000.0
2026-08-18,Pasar Cileunyi,DAGING SAPI LOKAL PAHA DEPAN,145000.0
2026-08-18,Pasar Cileunyi,DAGING SAPI LOKAL SANDUNG LAMUR,120000.0
2026-08-18,Pasar Cileunyi,DAGING SAPI LOKAL TETELAN,70000.0
2026-08-18,Pasar Cileunyi,DAGING SAPI MURNI,150000.0
2026-08-18,Pasar Cileunyi,GARAM BATA,18000.0
2026-08-18,Pasar Cileunyi,GARAM HALUS YODIUM,3000.0
2026-08-18,Pasar Cileunyi,GAS LPG 3 Kg,23000.0
2026-08-18,Pasar Cileunyi,GULA MERAH,18000.0
2026-08-18,Pasar Cileunyi,GULA PASIR GULA KU,19500.0
2026-08-18,Pasar Cileunyi,GULA PASIR LOKAL,19000.0
2026-08-18,Pasar Cileunyi,IKAN BANDENG,35000.0
2026-08-18,Pasar Cileunyi,Ikan Bawal Air Tawar,30000.0
2026-08-18,Pasar Cileunyi,Ikan Gurame,55000.0
2026-08-18,Pasar Cileunyi,IKAN KEMBUNG,50000.0
2026-08-18,Pasar Cileunyi,Ikan Lele,28000.0
2026-08-18,Pasar Cileunyi,IKAN MAS,28000.0
2026-08-18,Pasar Cileunyi,Ikan Nila,35000.0
2026-08-18,Pasar Cileunyi,Ikan Patin,32000.0
2026-08-18,Pasar Cileunyi,IKAN TONGKOL,40000.0
2026-08-18,Pasar Cileunyi,JAGUNG MANIS,14000.0
2026-08-18,Pasar Cileunyi,JAGUNG PIPILAN,24000.0
2026-08-18,Pasar Cileunyi,JERUK,25000.0
2026-08-18,Pasar Cileunyi,KACANG HIJAU,38000.0
2026-08-18,Pasar Cileunyi,KACANG KEDELAI IMPOR,18000.0
2026-08-18,Pasar Cileunyi,KACANG KEDELAI LOKAL,
2026-08-18,Pasar Cileunyi,KACANG PANJANG,18000.0
2026-08-18,Pasar Cileunyi,KACANG TANAH KUPAS,40000.0
2026-08-18,Pasar Cileunyi,KANGKUNG,2000.0
2026-08-18,Pasar Cileunyi,KENTANG DIENG,20000.0
2026-08-18,Pasar Cileunyi,KETELA POHON,5000.0
2026-08-18,Pasar Cileunyi,MELON,20000.0
2026-08-18,Pasar Cileunyi,MIE INSTAN INDOMIE,3500.0
2026-08-18,Pasar Cileunyi,MINYAK BIMOLI,
2026-08-18,Pasar Cileunyi,MINYAK CURAH,22000.0
2026-08-18,Pasar Cileunyi,MINYAKITA,20000.0
2026-08-18,Pasar Cileunyi,MINYAK SANIA,
2026-08-18,Pasar Cileunyi,PAKCOY,12000.0
2026-08-18,Pasar Cileunyi,PEPAYA,14000.0
2026-08-18,Pasar Cileunyi,PISANG,8000.0
2026-08-18,Pasar Cileunyi,SAWI PUTIH,7000.0
2026-08-18,Pasar Cileunyi,SAYURAN BUNCIS,24000.0
2026-08-18,Pasar Cileunyi,SAYURAN KENTANG LOKAL,17000.0
2026-08-18,Pasar Cileunyi,SAYURAN KOL/KUBIS,9000.0
2026-08-18,Pasar Cileunyi,SAYURAN TOMAT,6000.0
2026-08-18,Pasar Cileunyi,SAYURAN WORTEL,18000.0
2026-08-18,Pasar Cileunyi,SKM BENDERA,13000.0
2026-08-18,Pasar Cileunyi,SKM CAP ENAK,12000.0
2026-08-18,Pasar Cileunyi,SKM INDOMILK,12500.0
2026-08-18,Pasar Cileunyi,SUSU BALITA (SGM),
2026-08-18,Pasar Cileunyi,SUSU BUBUK DANCOW VANILA,
2026-08-18,Pasar Cileunyi,TAHU,12000.0
2026-08-18,Pasar Cileunyi,TELUR AYAM BROILER,25000.0
2026-08-18,Pasar Cileunyi,TELUR AYAM KAMPUNG,3000.0
2026-08-18,Pasar Cileunyi,TEMPE,13000.0
2026-08-18,Pasar Cileunyi,TERIGU CAKRA KEMBAR,13500.0
2026-08-18,Pasar Cileunyi,TERIGU CURAH,10000.0
2026-08-18,Pasar Cileunyi,TERIGU KUNCI BIRU,11500.0
2026-08-18,Pasar Cileunyi,TERIGU SEGITIGA BIRU,12500.0
2026-08-18,Pasar Cileunyi,TERI KERITING,90000.0
2026-08-18,Pasar Cileunyi,TERI MEDAN,150000.0
2026-08-18,Pasar Cileunyi,TIMUN,12000.0
2026-08-18,Pasar Cileunyi,TOMAT HIJAU,6000.0
2026-08-18,Pasar Cileunyi,UBI JALAR PUTIH,8000.0
2026-08-18,Pasar Cileunyi,UDANG,92000.0
2026-08-18,Pasar Banjaran,BAWANG BOMBAY,32000.0
2026-08-18,Pasar Banjaran,BAWANG DAUN,14000.0
2026-08-18,Pasar Banjaran,BAWANG MERAH,32000.0
2026-08-18,Pasar Banjaran,BAWANG MERAH BATU,28000.0
2026-08-18,Pasar Banjaran,BAWANG PUTIH BIASA,35000.0
2026-08-18,Pasar Banjaran,BAWANG PUTIH KATING,
2026-08-18,Pasar Banjaran,BAWANG SUMENEP,40000.0
2026-08-18,Pasar Banjaran,BAYAM,2000.0
2026-08-18,Pasar Banjaran,BERAS IR. 64,15000.0
2026-08-18,Pasar Banjaran,BERAS MEDIUM,14500.0
2026-08-18,Pasar Banjaran,BERAS PREMIUM,15500.0
2026-08-18,Pasar Banjaran,CABE HIJAU BIASA,28000.0
2026-08-18,Pasar Banjaran,CABE MERAH KERITING,36000.0
2026-08-18,Pasar Banjaran,CABE MERAH TANJUNG,100000.0
2026-08-18,Pasar Banjaran,CABE MERAH TW,
2026-08-18,Pasar Banjaran,CABE RAWIT HIJAU,44000.0
2026-08-18,Pasar Banjaran,CABE RAWIT MERAH,40000.0
2026-08-18,Pasar Banjaran,DAGING AYAM BROILER,42000.0
2026-08-18,Pasar Banjaran,DAGING AYAM KAMPUNG,70000.0
2026-08-18,Pasar Banjaran,DAGING SAPI IMPOR BEKU,120000.0
2026-08-18,Pasar Banjaran,DAGING SAPI LOKAL HAS DALAM,155000.0
2026-08-18,Pasar Banjaran,DAGING SAPI LOKAL HAS LUAR,145000.0
2026-08-18,Pasar Banjaran,DAGING SAPI LOKAL PAHA BELAKANG,145000.0
2026-08-18,Pasar Banjaran,DAGING SAPI LOKAL PAHA DEPAN,143000.0
2026-08-18,Pasar Banjaran,DAGING SAPI LOKAL SANDUNG LAMUR,130000.0
2026-08-18,Pasar Banjaran,DAGING SAPI LOKAL TETELAN,65000.0
2026-08-18,Pasar Banjaran,DAGING SAPI MURNI,145000.0
2026-08-18,Pasar Banjaran,GARAM BATA,20000.0
2026-08-18,Pasar Banjaran,GARAM HALUS YODIUM,3000.0
2026-08-18,Pasar Banjaran,GAS LPG 3 Kg,23000.0
2026-08-18,Pasar Banjaran,GULA MERAH,23000.0
2026-08-18,Pasar Banjaran,GULA PASIR GULA KU,
2026-08-18,Pasar Banjaran,GULA PASIR LOKAL,18500.0
2026-08-18,Pasar Banjaran,IKAN BANDENG,38000.0
2026-08-18,Pasar Banjaran,Ikan Bawal Air Tawar,32000.0
2026-08-18,Pasar Banjaran,Ikan Gurame,50000.0
2026-08-18,Pasar Banjaran,IKAN KEMBUNG,56000.0
2026-08-18,Pasar Banjaran,Ikan Lele,28000.0
2026-08-18,Pasar Banjaran,IKAN MAS,26000.0
2026-08-18,Pasar Banjaran,Ikan Nila,35000.0
2026-08-18,Pasar Banjaran,Ikan Patin,34000.0
2026-08-18,Pasar Banjaran,IKAN TONGKOL,45000.0
2026-08-18,Pasar Banjaran,JAGUNG MANIS,12000.0
2026-08-18,Pasar Banjaran,JAGUNG PIPILAN,20000.0
2026-08-18,Pasar Banjaran,JERUK,22000.0
2026-08-18,Pasar Banjaran,KACANG HIJAU,40000.0
2026-08-18,Pasar Banjaran,KACANG KEDELAI IMPOR,14000.0
2026-08-18,Pasar Banjaran,KACANG KEDELAI LOKAL,
2026-08-18,Pasar Banjaran,KACANG PANJANG,20000.0
2026-08-18,Pasar Banjaran,KACANG TANAH KUPAS,38000.0
2026-08-18,Pasar Banjaran,KANGKUNG,2000.0
2026-08-18,Pasar Banjaran,KENTANG DIENG,20000.0
2026-08-18,Pasar Banjaran,KETELA POHON,5000.0
2026-08-18,Pasar Banjaran,MELON,15000.0
2026-08-18,Pasar Banjaran,MIE INSTAN INDOMIE,3000.0
2026-08-18,Pasar Banjaran,MINYAK BIMOLI,23500.0
2026-08-18,Pasar Banjaran,MINYAK CURAH,22000.0
2026-08-18,Pasar Banjaran,MINYAKITA,21000.0
2026-08-18,Pasar Banjaran,MINYAK SANIA,23500.0
2026-08-18,Pasar Banjaran,PAKCOY,7000.0
2026-08-18,Pasar Banjaran,PEPAYA,14000.0
2026-08-18,Pasar Banjaran,PISANG,7000.0
2026-08-18,Pasar Banjaran,SAWI PUTIH,6000.0
2026-08-18,Pasar Banjaran,SAYURAN BUNCIS,20000.0
2026-08-18,Pasar Banjaran,SAYURAN KENTANG LOKAL,17000.0
2026-08-18,Pasar Banjaran,SAYURAN KOL/KUBIS,7000.0
2026-08-18,Pasar Banjaran,SAYURAN TOMAT,10000.0
2026-08-18,Pasar Banjaran,SAYURAN WORTEL,15000.0
2026-08-18,Pasar Banjaran,SKM BENDERA,12000.0
2026-08-18,Pasar Banjaran,SKM CAP ENAK,11500.0
2026-08-18,Pasar Banjaran,SKM INDOMILK,12500.0
2026-08-18,Pasar Banjaran,SUSU BALITA (SGM),42000.0
2026-08-18,Pasar Banjaran,SUSU BUBUK DANCOW VANILA,48250.0
2026-08-18,Pasar Banjaran,TAHU,7000.0
2026-08-18,Pasar Banjaran,TELUR AYAM BROILER,25000.0
2026-08-18,Pasar Banjaran,TELUR AYAM KAMPUNG,3000.0
2026-08-18,Pasar Banjaran,TEMPE,5000.0
2026-08-18,Pasar Banjaran,TERIGU CAKRA KEMBAR,13000.0
2026-08-18,Pasar Banjaran,TERIGU CURAH,8000.0
2026-08-18,Pasar Banjaran,TERIGU KUNCI BIRU,
2026-08-18,Pasar Banjaran,TERIGU SEGITIGA BIRU,12000.0
2026-08-18,Pasar Banjaran,TERI KERITING,100000.0
2026-08-18,Pasar Banjaran,TERI MEDAN,170000.0
2026-08-18,Pasar Banjaran,TIMUN,14000.0
2026-08-18,Pasar Banjaran,TOMAT HIJAU,6000.0
2026-08-18,Pasar Banjaran,UBI JALAR PUTIH,12000.0
2026-08-18,Pasar Banjaran,UDANG,94000.0
2026-08-18,Pasar Sehat Soreang,BAWANG BOMBAY,35000.0
2026-08-18,Pasar Sehat Soreang,BAWANG DAUN,20000.0
2026-08-18,Pasar Sehat Soreang,BAWANG MERAH,30000.0
2026-08-18,Pasar Sehat Soreang,BAWANG MERAH BATU,30000.0
2026-08-18,Pasar Sehat Soreang,BAWANG PUTIH BIASA,35000.0
2026-08-18,Pasar Sehat Soreang,BAWANG PUTIH KATING,
2026-08-18,Pasar Sehat Soreang,BAWANG SUMENEP,45000.0
2026-08-18,Pasar Sehat Soreang,BAYAM,2000.0
2026-08-18,Pasar Sehat Soreang,BERAS IR. 64,15000.0
2026-08-18,Pasar Sehat Soreang,BERAS MEDIUM,14500.0
2026-08-18,Pasar Sehat Soreang,BERAS PREMIUM,15500.0
2026-08-18,Pasar Sehat Soreang,CABE HIJAU BIASA,24000.0
2026-08-18,Pasar Sehat Soreang,CABE MERAH KERITING,40000.0
2026-08-18,Pasar Sehat Soreang,CABE MERAH TANJUNG,100000.0
2026-08-18,Pasar Sehat Soreang,CABE MERAH TW,80000.0
2026-08-18,Pasar Sehat Soreang,CABE RAWIT HIJAU,50000.0
2026-08-18,Pasar Sehat Soreang,CABE RAWIT MERAH,50000.0
2026-08-18,Pasar Sehat Soreang,DAGING AYAM BROILER,42000.0
2026-08-18,Pasar Sehat Soreang,DAGING AYAM KAMPUNG,70000.0
2026-08-18,Pasar Sehat Soreang,DAGING SAPI IMPOR BEKU,115000.0
2026-08-18,Pasar Sehat Soreang,DAGING SAPI LOKAL HAS DALAM,150000.0
2026-08-18,Pasar Sehat Soreang,DAGING SAPI LOKAL HAS LUAR,140000.0
2026-08-18,Pasar Sehat Soreang,DAGING SAPI LOKAL PAHA BELAKANG,150000.0
2026-08-18,Pasar Sehat Soreang,DAGING SAPI LOKAL PAHA DEPAN,140000.0
2026-08-18,Pasar Sehat Soreang,DAGING SAPI LOKAL SANDUNG LAMUR,120000.0
2026-08-18,Pasar Sehat Soreang,DAGING SAPI LOKAL TETELAN,70000.0
2026-08-18,Pasar Sehat Soreang,DAGING SAPI MURNI,150000.0
2026-08-18,Pasar Sehat Soreang,GARAM BATA,30000.0
2026-08-18,Pasar Sehat Soreang,GARAM HALUS YODIUM,3000.0
2026-08-18,Pasar Sehat Soreang,GAS LPG 3 Kg,21000.0
2026-08-18,Pasar Sehat Soreang,GULA MERAH,24000.0
2026-08-18,Pasar Sehat Soreang,GULA PASIR GULA KU,20000.0
2026-08-18,Pasar Sehat Soreang,GULA PASIR LOKAL,17500.0
2026-08-18,Pasar Sehat Soreang,IKAN BANDENG,40000.0
2026-08-18,Pasar Sehat Soreang,Ikan Bawal Air Tawar,30000.0
2026-08-18,Pasar Sehat Soreang,Ikan Gurame,55000.0
2026-08-18,Pasar Sehat Soreang,IKAN KEMBUNG,50000.0
2026-08-18,Pasar Sehat Soreang,Ikan Lele,32000.0
2026-08-18,Pasar Sehat Soreang,IKAN MAS,30000.0
2026-08-18,Pasar Sehat Soreang,Ikan Nila,35000.0
2026-08-18,Pasar Sehat Soreang,Ikan Patin,30000.0
2026-08-18,Pasar Sehat Soreang,IKAN TONGKOL,44000.0
2026-08-18,Pasar Sehat Soreang,JAGUNG MANIS,15000.0
2026-08-18,Pasar Sehat Soreang,JAGUNG PIPILAN,20000.0
2026-08-18,Pasar Sehat Soreang,JERUK,23000.0
2026-08-18,Pasar Sehat Soreang,KACANG HIJAU,35000.0
2026-08-18,Pasar Sehat Soreang,KACANG KEDELAI IMPOR,12500.0
2026-08-18,Pasar Sehat Soreang,KACANG KEDELAI LOKAL,
2026-08-18,Pasar Sehat Soreang,KACANG PANJANG,24000.0
2026-08-18,Pasar Sehat Soreang,KACANG TANAH KUPAS,40000.0
2026-08-18,Pasar Sehat Soreang,KANGKUNG,2000.0
2026-08-18,Pasar Sehat Soreang,KENTANG DIENG,20000.0
2026-08-18,Pasar Sehat Soreang,KETELA POHON,6000.0
2026-08-18,Pasar Sehat Soreang,MELON,18000.0
2026-08-18,Pasar Sehat Soreang,MIE INSTAN INDOMIE,3000.0
2026-08-18,Pasar Sehat Soreang,MINYAK BIMOLI,22000.0
2026-08-18,Pasar Sehat Soreang,MINYAK CURAH,22000.0
2026-08-18,Pasar Sehat Soreang,MINYAKITA,15700.0
2026-08-18,Pasar Sehat Soreang,MINYAK SANIA,20000.0
2026-08-18,Pasar Sehat Soreang,PAKCOY,10000.0
2026-08-18,Pasar Sehat Soreang,PEPAYA,14000.0
2026-08-18,Pasar Sehat Soreang,PISANG,8000.0
2026-08-18,Pasar Sehat Soreang,SAWI PUTIH,7000.0
2026-08-18,Pasar Sehat Soreang,SAYURAN BUNCIS,20000.0
2026-08-18,Pasar Sehat Soreang,SAYURAN KENTANG LOKAL,15000.0
2026-08-18,Pasar Sehat Soreang,SAYURAN KOL/KUBIS,8000.0
2026-08-18,Pasar Sehat Soreang,SAYURAN TOMAT,7000.0
2026-08-18,Pasar Sehat Soreang,SAYURAN WORTEL,16000.0
2026-08-18,Pasar Sehat Soreang,SKM BENDERA,13000.0
2026-08-18,Pasar Sehat Soreang,SKM CAP ENAK,12000.0
2026-08-18,Pasar Sehat Soreang,SKM INDOMILK,12000.0
2026-08-18,Pasar Sehat Soreang,SUSU BALITA (SGM),42500.0
2026-08-18,Pasar Sehat Soreang,SUSU BUBUK DANCOW VANILA,54600.0
2026-08-18,Pasar Sehat Soreang,TAHU,10000.0
2026-08-18,Pasar Sehat Soreang,TELUR AYAM BROILER,23000.0
2026-08-18,Pasar Sehat Soreang,TELUR AYAM KAMPUNG,3000.0
2026-08-18,Pasar Sehat Soreang,TEMPE,12000.0
2026-08-18,Pasar Sehat Soreang,TERIGU CAKRA KEMBAR,14000.0
2026-08-18,Pasar Sehat Soreang,TERIGU CURAH,10000.0
2026-08-18,Pasar Sehat Soreang,TERIGU KUNCI BIRU,12000.0
2026-08-18,Pasar Sehat Soreang,TERIGU SEGITIGA BIRU,13000.0
2026-08-18,Pasar Sehat Soreang,TERI KERITING,80000.0
2026-08-18,Pasar Sehat Soreang,TERI MEDAN,170000.0
2026-08-18,Pasar Sehat Soreang,TIMUN,10000.0
2026-08-18,Pasar Sehat Soreang,TOMAT HIJAU,5000.0
2026-08-18,Pasar Sehat Soreang,UBI JALAR PUTIH,7000.0
2026-08-18,Pasar Sehat Soreang,UDANG,100000.0
2026-08-19,Pasar Margahayu,BAWANG BOMBAY,36000.0
2026-08-19,Pasar Margahayu,BAWANG DAUN,18000.0
2026-08-19,Pasar Margahayu,BAWANG MERAH,36000.0
2026-08-19,Pasar Margahayu,BAWANG MERAH BATU,
2026-08-19,Pasar Margahayu,BAWANG PUTIH BIASA,32000.0
2026-08-19,Pasar Margahayu,BAWANG PUTIH KATING,40000.0
2026-08-19,Pasar Margahayu,BAWANG SUMENEP,50000.0
2026-08-19,Pasar Margahayu,BAYAM,2500.0
2026-08-19,Pasar Margahayu,BERAS IR. 64,15000.0
2026-08-19,Pasar Margahayu,BERAS MEDIUM,14000.0
2026-08-19,Pasar Margahayu,BERAS PREMIUM,15500.0
2026-08-19,Pasar Margahayu,CABE HIJAU BIASA,40000.0
2026-08-19,Pasar Margahayu,CABE MERAH KERITING,40000.0
2026-08-19,Pasar Margahayu,CABE MERAH TANJUNG,110000.0
2026-08-19,Pasar Margahayu,CABE MERAH TW,50000.0
2026-08-19,Pasar Margahayu,CABE RAWIT HIJAU,60000.0
2026-08-19,Pasar Margahayu,CABE RAWIT MERAH,60000.0
2026-08-19,Pasar Margahayu,DAGING AYAM BROILER,44000.0
2026-08-19,Pasar Margahayu,DAGING AYAM KAMPUNG,
2026-08-19,Pasar Margahayu,DAGING SAPI IMPOR BEKU,
2026-08-19,Pasar Margahayu,DAGING SAPI LOKAL HAS DALAM,
2026-08-19,Pasar Margahayu,DAGING SAPI LOKAL HAS LUAR,140000.0
2026-08-19,Pasar Margahayu,DAGING SAPI LOKAL PAHA BELAKANG,140000.0
2026-08-19,Pasar Margahayu,DAGING SAPI LOKAL PAHA DEPAN,140000.0
2026-08-19,Pasar Margahayu,DAGING SAPI LOKAL SANDUNG LAMUR,130000.0
2026-08-19,Pasar Margahayu,DAGING SAPI LOKAL TETELAN,80000.0
2026-08-19,Pasar Margahayu,DAGING SAPI MURNI,140000.0
2026-08-19,Pasar Margahayu,GARAM BATA,35000.0
2026-08-19,Pasar Margahayu,GARAM HALUS YODIUM,2500.0
2026-08-19,Pasar Margahayu,GAS LPG 3 Kg,22000.0
2026-08-19,Pasar Margahayu,GULA MERAH,26000.0
2026-08-19,Pasar Margahayu,GULA PASIR GULA KU,19000.0
2026-08-19,Pasar Margahayu,GULA PASIR LOKAL,18000.0
2026-08-19,Pasar Margahayu,IKAN BANDENG,38000.0
2026-08-19,Pasar Margahayu,Ikan Bawal Air Tawar,30000.0
2026-08-19,Pasar Margahayu,Ikan Gurame,55000.0
2026-08-19,Pasar Margahayu,IKAN KEMBUNG,48000.0
2026-08-19,Pasar Margahayu,Ikan Lele,32000.0
2026-08-19,Pasar Margahayu,IKAN MAS,30000.0
2026-08-19,Pasar Margahayu,Ikan Nila,30000.0
2026-08-19,Pasar Margahayu,Ikan Patin,32000.0
2026-08-19,Pasar Margahayu,IKAN TONGKOL,45000.0
2026-08-19,Pasar Margahayu,JAGUNG MANIS,18000.0
2026-08-19,Pasar Margahayu,JAGUNG PIPILAN,20000.0
2026-08-19,Pasar Margahayu,JERUK,25000.0
2026-08-19,Pasar Margahayu,KACANG HIJAU,28000.0
2026-08-19,Pasar Margahayu,KACANG KEDELAI IMPOR,
2026-08-19,Pasar Margahayu,KACANG KEDELAI LOKAL,15000.0
2026-08-19,Pasar Margahayu,KACANG PANJANG,28000.0
2026-08-19,Pasar Margahayu,KACANG TANAH KUPAS,38000.0
2026-08-19,Pasar Margahayu,KANGKUNG,2000.0
2026-08-19,Pasar Margahayu,KENTANG DIENG,20000.0
2026-08-19,Pasar Margahayu,KETELA POHON,6000.0
2026-08-19,Pasar Margahayu,MELON,18000.0
2026-08-19,Pasar Margahayu,MIE INSTAN INDOMIE,3000.0
2026-08-19,Pasar Margahayu,MINYAK BIMOLI,
2026-08-19,Pasar Margahayu,MINYAK CURAH,22000.0
2026-08-19,Pasar Margahayu,MINYAKITA,20000.0
2026-08-19,Pasar Margahayu,MINYAK SANIA,
2026-08-19,Pasar Margahayu,PAKCOY,12000.0
2026-08-19,Pasar Margahayu,PEPAYA,16000.0
2026-08-19,Pasar Margahayu,PISANG,8000.0
2026-08-19,Pasar Margahayu,SAWI PUTIH,10000.0
2026-08-19,Pasar Margahayu,SAYURAN BUNCIS,30000.0
2026-08-19,Pasar Margahayu,SAYURAN KENTANG LOKAL,15000.0
2026-08-19,Pasar Margahayu,SAYURAN KOL/KUBIS,8000.0
2026-08-19,Pasar Margahayu,SAYURAN TOMAT,12000.0
2026-08-19,Pasar Margahayu,SAYURAN WORTEL,20000.0
2026-08-19,Pasar Margahayu,SKM BENDERA,13000.0
2026-08-19,Pasar Margahayu,SKM CAP ENAK,11500.0
2026-08-19,Pasar Margahayu,SKM INDOMILK,12000.0
2026-08-19,Pasar Margahayu,SUSU BALITA (SGM),42500.0
2026-08-19,Pasar Margahayu,SUSU BUBUK DANCOW VANILA,
2026-08-19,Pasar Margahayu,TAHU,10000.0
2026-08-19,Pasar Margahayu,TELUR AYAM BROILER,23000.0
2026-08-19,Pasar Margahayu,TELUR AYAM KAMPUNG,3000.0
2026-08-19,Pasar Margahayu,TEMPE,17000.0
2026-08-19,Pasar Margahayu,TERIGU CAKRA KEMBAR,15000.0
2026-08-19,Pasar Margahayu,TERIGU CURAH,10000.0
2026-08-19,Pasar Margahayu,TERIGU KUNCI BIRU,14000.0
2026-08-19,Pasar Margahayu,TERIGU SEGITIGA BIRU,13000.0
2026-08-19,Pasar Margahayu,TERI KERITING,70000.0
2026-08-19,Pasar Margahayu,TERI MEDAN,160000.0
2026-08-19,Pasar Margahayu,TIMUN,14000.0
2026-08-19,Pasar Margahayu,TOMAT HIJAU,8000.0
2026-08-19,Pasar Margahayu,UBI JALAR PUTIH,8000.0
2026-08-19,Pasar Margahayu,UDANG,64000.0
2026-08-19,Pasar Ciwidey,BAWANG BOMBAY,38000.0
2026-08-19,Pasar Ciwidey,BAWANG DAUN,16000.0
2026-08-19,Pasar Ciwidey,BAWANG MERAH,40000.0
2026-08-19,Pasar Ciwidey,BAWANG MERAH BATU,30000.0
2026-08-19,Pasar Ciwidey,BAWANG PUTIH BIASA,35000.0
2026-08-19,Pasar Ciwidey,BAWANG PUTIH KATING,
2026-08-19,Pasar Ciwidey,BAWANG SUMENEP,60000.0
2026-08-19,Pasar Ciwidey,BAYAM,2000.0
2026-08-19,Pasar Ciwidey,BERAS IR. 64,15000.0
2026-08-19,Pasar Ciwidey,BERAS MEDIUM,14500.0
2026-08-19,Pasar Ciwidey,BERAS PREMIUM,16000.0
2026-08-19,Pasar Ciwidey,CABE HIJAU BIASA,22000.0
2026-08-19,Pasar Ciwidey,CABE MERAH KERITING,38000.0
2026-08-19,Pasar Ciwidey,CABE MERAH TANJUNG,100000.0
2026-08-19,Pasar Ciwidey,CABE MERAH TW,90000.0
2026-08-19,Pasar Ciwidey,CABE RAWIT HIJAU,60000.0
2026-08-19,Pasar Ciwidey,CABE RAWIT MERAH,40000.0
2026-08-19,Pasar Ciwidey,DAGING AYAM BROILER,42000.0
2026-08-19,Pasar Ciwidey,DAGING AYAM KAMPUNG,70000.0
2026-08-19,Pasar Ciwidey,DAGING SAPI IMPOR BEKU,110000.0
2026-08-19,Pasar Ciwidey,DAGING SAPI LOKAL HAS DALAM,145000.0
2026-08-19,Pasar Ciwidey,DAGING SAPI LOKAL HAS LUAR,140000.0
2026-08-19,Pasar Ciwidey,DAGING SAPI LOKAL PAHA BELAKANG,145000.0
2026-08-19,Pasar Ciwidey,DAGING SAPI LOKAL PAHA DEPAN,140000.0
2026-08-19,Pasar Ciwidey,DAGING SAPI LOKAL SANDUNG LAMUR,125000.0
2026-08-19,Pasar Ciwidey,DAGING SAPI LOKAL TETELAN,70000.0
2026-08-19,Pasar Ciwidey,DAGING SAPI MURNI,145000.0
2026-08-19,Pasar Ciwidey,GARAM BATA,16000.0
2026-08-19,Pasar Ciwidey,GARAM HALUS YODIUM,3000.0
2026-08-19,Pasar Ciwidey,GAS LPG 3 Kg,23000.0
2026-08-19,Pasar Ciwidey,GULA MERAH,24000.0
2026-08-19,Pasar Ciwidey,GULA PASIR GULA KU,20000.0
2026-08-19,Pasar Ciwidey,GULA PASIR LOKAL,18000.0
2026-08-19,Pasar Ciwidey,IKAN BANDENG,45000.0
2026-08-19,Pasar Ciwidey,Ikan Bawal Air Tawar,32000.0
2026-08-19,Pasar Ciwidey,Ikan Gurame,60000.0
2026-08-19,Pasar Ciwidey,IKAN KEMBUNG,50000.0
2026-08-19,Pasar Ciwidey,Ikan Lele,35000.0
2026-08-19,Pasar Ciwidey,IKAN MAS,29000.0
2026-08-19,Pasar Ciwidey,Ikan Nila,32000.0
2026-08-19,Pasar Ciwidey,Ikan Patin,34000.0
2026-08-19,Pasar Ciwidey,IKAN TONGKOL,46000.0
2026-08-19,Pasar Ciwidey,JAGUNG MANIS,14000.0
2026-08-19,Pasar Ciwidey,JAGUNG PIPILAN,20000.0
2026-08-19,Pasar Ciwidey,JERUK,22000.0
2026-08-19,Pasar Ciwidey,KACANG HIJAU,36000.0
2026-08-19,Pasar Ciwidey,KACANG KEDELAI IMPOR,16000.0
2026-08-19,Pasar Ciwidey,KACANG KEDELAI LOKAL,
2026-08-19,Pasar Ciwidey,KACANG PANJANG,18000.0
2026-08-19,Pasar Ciwidey,KACANG TANAH KUPAS,40000.0
2026-08-19,Pasar Ciwidey,KANGKUNG,2000.0
2026-08-19,Pasar Ciwidey,KENTANG DIENG,20000.0
2026-08-19,Pasar Ciwidey,KETELA POHON,5000.0
2026-08-19,Pasar Ciwidey,MELON,18000.0
2026-08-19,Pasar Ciwidey,MIE INSTAN INDOMIE,3500.0
2026-08-19,Pasar Ciwidey,MINYAK BIMOLI,22500.0
2026-08-19,Pasar Ciwidey,MINYAK CURAH,21500.0
2026-08-19,Pasar Ciwidey,MINYAKITA,20000.0
2026-08-19,Pasar Ciwidey,MINYAK SANIA,22000.0
2026-08-19,Pasar Ciwidey,PAKCOY,7000.0
2026-08-19,Pasar Ciwidey,PEPAYA,15000.0
2026-08-19,Pasar Ciwidey,PISANG,8000.0
2026-08-19,Pasar Ciwidey,SAWI PUTIH,6000.0
2026-08-19,Pasar Ciwidey,SAYURAN BUNCIS,20000.0
2026-08-19,Pasar Ciwidey,SAYURAN KENTANG LOKAL,16000.0
2026-08-19,Pasar Ciwidey,SAYURAN KOL/KUBIS,8000.0
2026-08-19,Pasar Ciwidey,SAYURAN TOMAT,8000.0
2026-08-19,Pasar Ciwidey,SAYURAN WORTEL,20000.0
2026-08-19,Pasar Ciwidey,SKM BENDERA,13000.0
2026-08-19,Pasar Ciwidey,SKM CAP ENAK,12000.0
2026-08-19,Pasar Ciwidey,SKM INDOMILK,12500.0
2026-08-19,Pasar Ciwidey,SUSU BALITA (SGM),48000.0
2026-08-19,Pasar Ciwidey,SUSU BUBUK DANCOW VANILA,
2026-08-19,Pasar Ciwidey,TAHU,12000.0
2026-08-19,Pasar Ciwidey,TELUR AYAM BROILER,24000.0
2026-08-19,Pasar Ciwidey,TELUR AYAM KAMPUNG,3500.0
2026-08-19,Pasar Ciwidey,TEMPE,13000.0
2026-08-19,Pasar Ciwidey,TERIGU CAKRA KEMBAR,13000.0
2026-08-19,Pasar Ciwidey,TERIGU CURAH,10000.0
2026-08-19,Pasar Ciwidey,TERIGU KUNCI BIRU,
2026-08-19,Pasar Ciwidey,TERIGU SEGITIGA BIRU,12000.0
2026-08-19,Pasar Ciwidey,TERI KERITING,85000.0
2026-08-19,Pasar Ciwidey,TERI MEDAN,160000.0
2026-08-19,Pasar Ciwidey,TIMUN,10000.0
2026-08-19,Pasar Ciwidey,TOMAT HIJAU,5000.0
2026-08-19,Pasar Ciwidey,UBI JALAR PUTIH,9000.0
2026-08-19,Pasar Ciwidey,UDANG,95000.0
2026-08-19,Pasar Baleendah,BAWANG BOMBAY,35000.0
2026-08-19,Pasar Baleendah,BAWANG DAUN,15000.0
2026-08-19,Pasar Baleendah,BAWANG MERAH,32000.0
2026-08-19,Pasar Baleendah,BAWANG MERAH BATU,28000.0
2026-08-19,Pasar Baleendah,BAWANG PUTIH BIASA,35000.0
2026-08-19,Pasar Baleendah,BAWANG PUTIH KATING,
2026-08-19,Pasar Baleendah,BAWANG SUMENEP,40000.0
2026-08-19,Pasar Baleendah,BAYAM,2500.0
2026-08-19,Pasar Baleendah,BERAS IR. 64,15000.0
2026-08-19,Pasar Baleendah,BERAS MEDIUM,14000.0
2026-08-19,Pasar Baleendah,BERAS PREMIUM,16000.0
2026-08-19,Pasar Baleendah,CABE HIJAU BIASA,32000.0
2026-08-19,Pasar Baleendah,CABE MERAH KERITING,40000.0
2026-08-19,Pasar Baleendah,CABE MERAH TANJUNG,85000.0
2026-08-19,Pasar Baleendah,CABE MERAH TW,
2026-08-19,Pasar Baleendah,CABE RAWIT HIJAU,45000.0
2026-08-19,Pasar Baleendah,CABE RAWIT MERAH,55000.0
2026-08-19,Pasar Baleendah,DAGING AYAM BROILER,42000.0
2026-08-19,Pasar Baleendah,DAGING AYAM KAMPUNG,70000.0
2026-08-19,Pasar Baleendah,DAGING SAPI IMPOR BEKU,120000.0
2026-08-19,Pasar Baleendah,DAGING SAPI LOKAL HAS DALAM,150000.0
2026-08-19,Pasar Baleendah,DAGING SAPI LOKAL HAS LUAR,140000.0
2026-08-19,Pasar Baleendah,DAGING SAPI LOKAL PAHA BELAKANG,140000.0
2026-08-19,Pasar Baleendah,DAGING SAPI LOKAL PAHA DEPAN,135000.0
2026-08-19,Pasar Baleendah,DAGING SAPI LOKAL SANDUNG LAMUR,120000.0
2026-08-19,Pasar Baleendah,DAGING SAPI LOKAL TETELAN,70000.0
2026-08-19,Pasar Baleendah,DAGING SAPI MURNI,140000.0
2026-08-19,Pasar Baleendah,GARAM BATA,16000.0
2026-08-19,Pasar Baleendah,GARAM HALUS YODIUM,2500.0
2026-08-19,Pasar Baleendah,GAS LPG 3 Kg,23000.0
2026-08-19,Pasar Baleendah,GULA MERAH,23000.0
2026-08-19,Pasar Baleendah,GULA PASIR GULA KU,20000.0
2026-08-19,Pasar Baleendah,GULA PASIR LOKAL,19000.0
2026-08-19,Pasar Baleendah,IKAN BANDENG,45000.0
2026-08-19,Pasar Baleendah,Ikan Bawal Air Tawar,30000.0
2026-08-19,Pasar Baleendah,Ikan Gurame,55000.0
2026-08-19,Pasar Baleendah,IKAN KEMBUNG,55000.0
2026-08-19,Pasar Baleendah,Ikan Lele,31000.0
2026-08-19,Pasar Baleendah,IKAN MAS,27000.0
2026-08-19,Pasar Baleendah,Ikan Nila,35000.0
2026-08-19,Pasar Baleendah,Ikan Patin,30000.0
2026-08-19,Pasar Baleendah,IKAN TONGKOL,45000.0
2026-08-19,Pasar Baleendah,JAGUNG MANIS,14000.0
2026-08-19,Pasar Baleendah,JAGUNG PIPILAN,20000.0
2026-08-19,Pasar Baleendah,JERUK,20000.0
2026-08-19,Pasar Baleendah,KACANG HIJAU,32000.0
2026-08-19,Pasar Baleendah,KACANG KEDELAI IMPOR,15000.0
2026-08-19,Pasar Baleendah,KACANG KEDELAI LOKAL,14000.0
2026-08-19,Pasar Baleendah,KACANG PANJANG,20000.0
2026-08-19,Pasar Baleendah,KACANG TANAH KUPAS,38000.0
2026-08-19,Pasar Baleendah,KANGKUNG,1000.0
2026-08-19,Pasar Baleendah,KENTANG DIENG,18000.0
2026-08-19,Pasar Baleendah,KETELA POHON,5000.0
2026-08-19,Pasar Baleendah,MELON,18000.0
2026-08-19,Pasar Baleendah,MIE INSTAN INDOMIE,3000.0
2026-08-19,Pasar Baleendah,MINYAK BIMOLI,
2026-08-19,Pasar Baleendah,MINYAK CURAH,21500.0
2026-08-19,Pasar Baleendah,MINYAKITA,21000.0
2026-08-19,Pasar Baleendah,MINYAK SANIA,22000.0
2026-08-19,Pasar Baleendah,PAKCOY,10000.0
2026-08-19,Pasar Baleendah,PEPAYA,14000.0
2026-08-19,Pasar Baleendah,PISANG,6500.0
2026-08-19,Pasar Baleendah,SAWI PUTIH,7000.0
2026-08-19,Pasar Baleendah,SAYURAN BUNCIS,24000.0
2026-08-19,Pasar Baleendah,SAYURAN KENTANG LOKAL,15000.0
2026-08-19,Pasar Baleendah,SAYURAN KOL/KUBIS,7000.0
2026-08-19,Pasar Baleendah,SAYURAN TOMAT,8000.0
2026-08-19,Pasar Baleendah,SAYURAN WORTEL,16000.0
2026-08-19,Pasar Baleendah,SKM BENDERA,12500.0
2026-08-19,Pasar Baleendah,SKM CAP ENAK,10000.0
2026-08-19,Pasar Baleendah,SKM INDOMILK,11500.0
2026-08-19,Pasar Baleendah,SUSU BALITA (SGM),41600.0
2026-08-19,Pasar Baleendah,SUSU BUBUK DANCOW VANILA,50100.0
2026-08-19,Pasar Baleendah,TAHU,12000.0
2026-08-19,Pasar Baleendah,TELUR AYAM BROILER,25000.0
2026-08-19,Pasar Baleendah,TELUR AYAM KAMPUNG,3000.0
2026-08-19,Pasar Baleendah,TEMPE,12000.0
2026-08-19,Pasar Baleendah,TERIGU CAKRA KEMBAR,11500.0
2026-08-19,Pasar Baleendah,TERIGU CURAH,10000.0
2026-08-19,Pasar Baleendah,TERIGU KUNCI BIRU,11000.0
2026-08-19,Pasar Baleendah,TERIGU SEGITIGA BIRU,11000.0
2026-08-19,Pasar Baleendah,TERI KERITING,80000.0
2026-08-19,Pasar Baleendah,TERI MEDAN,140000.0
2026-08-19,Pasar Baleendah,TIMUN,12000.0
2026-08-19,Pasar Baleendah,TOMAT HIJAU,8000.0
2026-08-19,Pasar Baleendah,UBI JALAR PUTIH,8000.0
2026-08-19,Pasar Baleendah,UDANG,70000.0
2026-08-19,Pasar Stasiun Majalaya,BAWANG BOMBAY,38000.0
2026-08-19,Pasar Stasiun Majalaya,BAWANG DAUN,14000.0
2026-08-19,Pasar Stasiun Majalaya,BAWANG MERAH,36000.0
2026-08-19,Pasar Stasiun Majalaya,BAWANG MERAH BATU,
2026-08-19,Pasar Stasiun Majalaya,BAWANG PUTIH BIASA,36000.0
2026-08-19,Pasar Stasiun Majalaya,BAWANG PUTIH KATING,
2026-08-19,Pasar Stasiun Majalaya,BAWANG SUMENEP,50000.0
2026-08-19,Pasar Stasiun Majalaya,BAYAM,3000.0
2026-08-19,Pasar Stasiun Majalaya,BERAS IR. 64,
2026-08-19,Pasar Stasiun Majalaya,BERAS MEDIUM,15000.0
2026-08-19,Pasar Stasiun Majalaya,BERAS PREMIUM,16000.0
2026-08-19,Pasar Stasiun Majalaya,CABE HIJAU BIASA,24000.0
2026-08-19,Pasar Stasiun Majalaya,CABE MERAH KERITING,40000.0
2026-08-19,Pasar Stasiun Majalaya,CABE MERAH TANJUNG,100000.0
2026-08-19,Pasar Stasiun Majalaya,CABE MERAH TW,
2026-08-19,Pasar Stasiun Majalaya,CABE RAWIT HIJAU,50000.0
2026-08-19,Pasar Stasiun Majalaya,CABE RAWIT MERAH,50000.0
2026-08-19,Pasar Stasiun Majalaya,DAGING AYAM BROILER,44000.0
2026-08-19,Pasar Stasiun Majalaya,DAGING AYAM KAMPUNG,80000.0
2026-08-19,Pasar Stasiun Majalaya,DAGING SAPI IMPOR BEKU,130000.0
2026-08-19,Pasar Stasiun Majalaya,DAGING SAPI LOKAL HAS DALAM,150000.0
2026-08-19,Pasar Stasiun Majalaya,DAGING SAPI LOKAL HAS LUAR,140000.0
2026-08-19,Pasar Stasiun Majalaya,DAGING SAPI LOKAL PAHA BELAKANG,140000.0
2026-08-19,Pasar Stasiun Majalaya,DAGING SAPI LOKAL PAHA DEPAN,140000.0
2026-08-19,Pasar Stasiun Majalaya,DAGING SAPI LOKAL SANDUNG LAMUR,135000.0
2026-08-19,Pasar Stasiun Majalaya,DAGING SAPI LOKAL TETELAN,70000.0
2026-08-19,Pasar Stasiun Majalaya,DAGING SAPI MURNI,155000.0
2026-08-19,Pasar Stasiun Majalaya,GARAM BATA,18000.0
2026-08-19,Pasar Stasiun Majalaya,GARAM HALUS YODIUM,2500.0
2026-08-19,Pasar Stasiun Majalaya,GAS LPG 3 Kg,22000.0
2026-08-19,Pasar Stasiun Majalaya,GULA MERAH,24000.0
2026-08-19,Pasar Stasiun Majalaya,GULA PASIR GULA KU,
2026-08-19,Pasar Stasiun Majalaya,GULA PASIR LOKAL,19000.0
2026-08-19,Pasar Stasiun Majalaya,IKAN BANDENG,40000.0
2026-08-19,Pasar Stasiun Majalaya,Ikan Bawal Air Tawar,34000.0
2026-08-19,Pasar Stasiun Majalaya,Ikan Gurame,55000.0
2026-08-19,Pasar Stasiun Majalaya,IKAN KEMBUNG,50000.0
2026-08-19,Pasar Stasiun Majalaya,Ikan Lele,30000.0
2026-08-19,Pasar Stasiun Majalaya,IKAN MAS,32000.0
2026-08-19,Pasar Stasiun Majalaya,Ikan Nila,36000.0
2026-08-19,Pasar Stasiun Majalaya,Ikan Patin,32000.0
2026-08-19,Pasar Stasiun Majalaya,IKAN TONGKOL,40000.0
2026-08-19,Pasar Stasiun Majalaya,JAGUNG MANIS,10000.0
2026-08-19,Pasar Stasiun Majalaya,JAGUNG PIPILAN,
2026-08-19,Pasar Stasiun Majalaya,JERUK,30000.0
2026-08-19,Pasar Stasiun Majalaya,KACANG HIJAU,38000.0
2026-08-19,Pasar Stasiun Majalaya,KACANG KEDELAI IMPOR,16000.0
2026-08-19,Pasar Stasiun Majalaya,KACANG KEDELAI LOKAL,14000.0
2026-08-19,Pasar Stasiun Majalaya,KACANG PANJANG,16000.0
2026-08-19,Pasar Stasiun Majalaya,KACANG TANAH KUPAS,40000.0
2026-08-19,Pasar Stasiun Majalaya,KANGKUNG,3000.0
2026-08-19,Pasar Stasiun Majalaya,KENTANG DIENG,20000.0
2026-08-19,Pasar Stasiun Majalaya,KETELA POHON,6000.0
2026-08-19,Pasar Stasiun Majalaya,MELON,20000.0
2026-08-19,Pasar Stasiun Majalaya,MIE INSTAN INDOMIE,3000.0
2026-08-19,Pasar Stasiun Majalaya,MINYAK BIMOLI,
2026-08-19,Pasar Stasiun Majalaya,MINYAK CURAH,22000.0
2026-08-19,Pasar Stasiun Majalaya,MINYAKITA,21000.0
2026-08-19,Pasar Stasiun Majalaya,MINYAK SANIA,
2026-08-19,Pasar Stasiun Majalaya,PAKCOY,10000.0
2026-08-19,Pasar Stasiun Majalaya,PEPAYA,15000.0
2026-08-19,Pasar Stasiun Majalaya,PISANG,8000.0
2026-08-19,Pasar Stasiun Majalaya,SAWI PUTIH,8000.0
2026-08-19,Pasar Stasiun Majalaya,SAYURAN BUNCIS,24000.0
2026-08-19,Pasar Stasiun Majalaya,SAYURAN KENTANG LOKAL,15000.0
2026-08-19,Pasar Stasiun Majalaya,SAYURAN KOL/KUBIS,7000.0
2026-08-19,Pasar Stasiun Majalaya,SAYURAN TOMAT,8000.0
2026-08-19,Pasar Stasiun Majalaya,SAYURAN WORTEL,18000.0
2026-08-19,Pasar Stasiun Majalaya,SKM BENDERA,13000.0
2026-08-19,Pasar Stasiun Majalaya,SKM CAP ENAK,11500.0
2026-08-19,Pasar Stasiun Majalaya,SKM INDOMILK,12500.0
2026-08-19,Pasar Stasiun Majalaya,SUSU BALITA (SGM),
2026-08-19,Pasar Stasiun Majalaya,SUSU BUBUK DANCOW VANILA,
2026-08-19,Pasar Stasiun Majalaya,TAHU,12000.0
2026-08-19,Pasar Stasiun Majalaya,TELUR AYAM BROILER,26000.0
2026-08-19,Pasar Stasiun Majalaya,TELUR AYAM KAMPUNG,4000.0
2026-08-19,Pasar Stasiun Majalaya,TEMPE,14000.0
2026-08-19,Pasar Stasiun Majalaya,TERIGU CAKRA KEMBAR,14000.0
2026-08-19,Pasar Stasiun Majalaya,TERIGU CURAH,10000.0
2026-08-19,Pasar Stasiun Majalaya,TERIGU KUNCI BIRU,12000.0
2026-08-19,Pasar Stasiun Majalaya,TERIGU SEGITIGA BIRU,13000.0
2026-08-19,Pasar Stasiun Majalaya,TERI KERITING,100000.0
2026-08-19,Pasar Stasiun Majalaya,TERI MEDAN,160000.0
2026-08-19,Pasar Stasiun Majalaya,TIMUN,15000.0
2026-08-19,Pasar Stasiun Majalaya,TOMAT HIJAU,7000.0
2026-08-19,Pasar Stasiun Majalaya,UBI JALAR PUTIH,8000.0
2026-08-19,Pasar Stasiun Majalaya,UDANG,100000.0
2026-08-19,Pasar Baru Majalaya,BAWANG BOMBAY,36000.0
2026-08-19,Pasar Baru Majalaya,BAWANG DAUN,14000.0
2026-08-19,Pasar Baru Majalaya,BAWANG MERAH,32000.0
2026-08-19,Pasar Baru Majalaya,BAWANG MERAH BATU,28000.0
2026-08-19,Pasar Baru Majalaya,BAWANG PUTIH BIASA,32000.0
2026-08-19,Pasar Baru Majalaya,BAWANG PUTIH KATING,
2026-08-19,Pasar Baru Majalaya,BAWANG SUMENEP,48000.0
2026-08-19,Pasar Baru Majalaya,BAYAM,3000.0
2026-08-19,Pasar Baru Majalaya,BERAS IR. 64,15000.0
2026-08-19,Pasar Baru Majalaya,BERAS MEDIUM,14000.0
2026-08-19,Pasar Baru Majalaya,BERAS PREMIUM,16000.0
2026-08-19,Pasar Baru Majalaya,CABE HIJAU BIASA,34000.0
2026-08-19,Pasar Baru Majalaya,CABE MERAH KERITING,32000.0
2026-08-19,Pasar Baru Majalaya,CABE MERAH TANJUNG,90000.0
2026-08-19,Pasar Baru Majalaya,CABE MERAH TW,
2026-08-19,Pasar Baru Majalaya,CABE RAWIT HIJAU,48000.0
2026-08-19,Pasar Baru Majalaya,CABE RAWIT MERAH,48000.0
2026-08-19,Pasar Baru Majalaya,DAGING AYAM BROILER,43000.0
2026-08-19,Pasar Baru Majalaya,DAGING AYAM KAMPUNG,
2026-08-19,Pasar Baru Majalaya,DAGING SAPI IMPOR BEKU,130000.0
2026-08-19,Pasar Baru Majalaya,DAGING SAPI LOKAL HAS DALAM,140000.0
2026-08-19,Pasar Baru Majalaya,DAGING SAPI LOKAL HAS LUAR,130000.0
2026-08-19,Pasar Baru Majalaya,DAGING SAPI LOKAL PAHA BELAKANG,135000.0
2026-08-19,Pasar Baru Majalaya,DAGING SAPI LOKAL PAHA DEPAN,140000.0
2026-08-19,Pasar Baru Majalaya,DAGING SAPI LOKAL SANDUNG LAMUR,130000.0
2026-08-19,Pasar Baru Majalaya,DAGING SAPI LOKAL TETELAN,70000.0
2026-08-19,Pasar Baru Majalaya,DAGING SAPI MURNI,150000.0
2026-08-19,Pasar Baru Majalaya,GARAM BATA,16000.0
2026-08-19,Pasar Baru Majalaya,GARAM HALUS YODIUM,2000.0
2026-08-19,Pasar Baru Majalaya,GAS LPG 3 Kg,22000.0
2026-08-19,Pasar Baru Majalaya,GULA MERAH,24000.0
2026-08-19,Pasar Baru Majalaya,GULA PASIR GULA KU,20000.0
2026-08-19,Pasar Baru Majalaya,GULA PASIR LOKAL,19000.0
2026-08-19,Pasar Baru Majalaya,IKAN BANDENG,40000.0
2026-08-19,Pasar Baru Majalaya,Ikan Bawal Air Tawar,32000.0
2026-08-19,Pasar Baru Majalaya,Ikan Gurame,50000.0
2026-08-19,Pasar Baru Majalaya,IKAN KEMBUNG,48000.0
2026-08-19,Pasar Baru Majalaya,Ikan Lele,30000.0
2026-08-19,Pasar Baru Majalaya,IKAN MAS,30000.0
2026-08-19,Pasar Baru Majalaya,Ikan Nila,34000.0
2026-08-19,Pasar Baru Majalaya,Ikan Patin,33000.0
2026-08-19,Pasar Baru Majalaya,IKAN TONGKOL,42000.0
2026-08-19,Pasar Baru Majalaya,JAGUNG MANIS,10000.0
2026-08-19,Pasar Baru Majalaya,JAGUNG PIPILAN,
2026-08-19,Pasar Baru Majalaya,JERUK,35000.0
2026-08-19,Pasar Baru Majalaya,KACANG HIJAU,38000.0
2026-08-19,Pasar Baru Majalaya,KACANG KEDELAI IMPOR,23000.0
2026-08-19,Pasar Baru Majalaya,KACANG KEDELAI LOKAL,
2026-08-19,Pasar Baru Majalaya,KACANG PANJANG,15000.0
2026-08-19,Pasar Baru Majalaya,KACANG TANAH KUPAS,36000.0
2026-08-19,Pasar Baru Majalaya,KANGKUNG,3000.0
2026-08-19,Pasar Baru Majalaya,KENTANG DIENG,18000.0
2026-08-19,Pasar Baru Majalaya,KETELA POHON,6000.0
2026-08-19,Pasar Baru Majalaya,MELON,20000.0
2026-08-19,Pasar Baru Majalaya,MIE INSTAN INDOMIE,3000.0
2026-08-19,Pasar Baru Majalaya,MINYAK BIMOLI,
2026-08-19,Pasar Baru Majalaya,MINYAK CURAH,22000.0
2026-08-19,Pasar Baru Majalaya,MINYAKITA,21000.0
2026-08-19,Pasar Baru Majalaya,MINYAK SANIA,
2026-08-19,Pasar Baru Majalaya,PAKCOY,10000.0
2026-08-19,Pasar Baru Majalaya,PEPAYA,15000.0
2026-08-19,Pasar Baru Majalaya,PISANG,7000.0
2026-08-19,Pasar Baru Majalaya,SAWI PUTIH,8000.0
2026-08-19,Pasar Baru Majalaya,SAYURAN BUNCIS,20000.0
2026-08-19,Pasar Baru Majalaya,SAYURAN KENTANG LOKAL,15000.0
2026-08-19,Pasar Baru Majalaya,SAYURAN KOL/KUBIS,7000.0
2026-08-19,Pasar Baru Majalaya,SAYURAN TOMAT,7000.0
2026-08-19,Pasar Baru Majalaya,SAYURAN WORTEL,18000.0
2026-08-19,Pasar Baru Majalaya,SKM BENDERA,13000.0
2026-08-19,Pasar Baru Majalaya,SKM CAP ENAK,11500.0
2026-08-19,Pasar Baru Majalaya,SKM INDOMILK,12500.0
2026-08-19,Pasar Baru Majalaya,SUSU BALITA (SGM),
2026-08-19,Pasar Baru Majalaya,SUSU BUBUK DANCOW VANILA,
2026-08-19,Pasar Baru Majalaya,TAHU,12000.0
2026-08-19,Pasar Baru Majalaya,TELUR AYAM BROILER,25000.0
2026-08-19,Pasar Baru Majalaya,TELUR AYAM KAMPUNG,4000.0
2026-08-19,Pasar Baru Majalaya,TEMPE,14000.0
2026-08-19,Pasar Baru Majalaya,TERIGU CAKRA KEMBAR,12500.0
2026-08-19,Pasar Baru Majalaya,TERIGU CURAH,10000.0
2026-08-19,Pasar Baru Majalaya,TERIGU KUNCI BIRU,
2026-08-19,Pasar Baru Majalaya,TERIGU SEGITIGA BIRU,13500.0
2026-08-19,Pasar Baru Majalaya,TERI KERITING,100000.0
2026-08-19,Pasar Baru Majalaya,TERI MEDAN,160000.0
2026-08-19,Pasar Baru Majalaya,TIMUN,12000.0
2026-08-19,Pasar Baru Majalaya,TOMAT HIJAU,6000.0
2026-08-19,Pasar Baru Majalaya,UBI JALAR PUTIH,8000.0
2026-08-19,Pasar Baru Majalaya,UDANG,90000.0
2026-08-19,Pasar Sehat Cicalengka,BAWANG BOMBAY,35000.0
2026-08-19,Pasar Sehat Cicalengka,BAWANG DAUN,18000.0
2026-08-19,Pasar Sehat Cicalengka,BAWANG MERAH,30000.0
2026-08-19,Pasar Sehat Cicalengka,BAWANG MERAH BATU,25000.0
2026-08-19,Pasar Sehat Cicalengka,BAWANG PUTIH BIASA,35000.0
2026-08-19,Pasar Sehat Cicalengka,BAWANG PUTIH KATING,34000.0
2026-08-19,Pasar Sehat Cicalengka,BAWANG SUMENEP,45000.0
2026-08-19,Pasar Sehat Cicalengka,BAYAM,2000.0
2026-08-19,Pasar Sehat Cicalengka,BERAS IR. 64,13500.0
2026-08-19,Pasar Sehat Cicalengka,BERAS MEDIUM,13500.0
2026-08-19,Pasar Sehat Cicalengka,BERAS PREMIUM,14900.0
2026-08-19,Pasar Sehat Cicalengka,CABE HIJAU BIASA,25000.0
2026-08-19,Pasar Sehat Cicalengka,CABE MERAH KERITING,40000.0
2026-08-19,Pasar Sehat Cicalengka,CABE MERAH TANJUNG,100000.0
2026-08-19,Pasar Sehat Cicalengka,CABE MERAH TW,80000.0
2026-08-19,Pasar Sehat Cicalengka,CABE RAWIT HIJAU,50000.0
2026-08-19,Pasar Sehat Cicalengka,CABE RAWIT MERAH,45000.0
2026-08-19,Pasar Sehat Cicalengka,DAGING AYAM BROILER,42000.0
2026-08-19,Pasar Sehat Cicalengka,DAGING AYAM KAMPUNG,70000.0
2026-08-19,Pasar Sehat Cicalengka,DAGING SAPI IMPOR BEKU,120000.0
2026-08-19,Pasar Sehat Cicalengka,DAGING SAPI LOKAL HAS DALAM,150000.0
2026-08-19,Pasar Sehat Cicalengka,DAGING SAPI LOKAL HAS LUAR,140000.0
2026-08-19,Pasar Sehat Cicalengka,DAGING SAPI LOKAL PAHA BELAKANG,150000.0
2026-08-19,Pasar Sehat Cicalengka,DAGING SAPI LOKAL PAHA DEPAN,140000.0
2026-08-19,Pasar Sehat Cicalengka,DAGING SAPI LOKAL SANDUNG LAMUR,120000.0
2026-08-19,Pasar Sehat Cicalengka,DAGING SAPI LOKAL TETELAN,70000.0
2026-08-19,Pasar Sehat Cicalengka,DAGING SAPI MURNI,150000.0
2026-08-19,Pasar Sehat Cicalengka,GARAM BATA,30000.0
2026-08-19,Pasar Sehat Cicalengka,GARAM HALUS YODIUM,3000.0
2026-08-19,Pasar Sehat Cicalengka,GAS LPG 3 Kg,20000.0
2026-08-19,Pasar Sehat Cicalengka,GULA MERAH,24000.0
2026-08-19,Pasar Sehat Cicalengka,GULA PASIR GULA KU,20000.0
2026-08-19,Pasar Sehat Cicalengka,GULA PASIR LOKAL,17500.0
2026-08-19,Pasar Sehat Cicalengka,IKAN BANDENG,40000.0
2026-08-19,Pasar Sehat Cicalengka,Ikan Bawal Air Tawar,30000.0
2026-08-19,Pasar Sehat Cicalengka,Ikan Gurame,60000.0
2026-08-19,Pasar Sehat Cicalengka,IKAN KEMBUNG,50000.0
2026-08-19,Pasar Sehat Cicalengka,Ikan Lele,32000.0
2026-08-19,Pasar Sehat Cicalengka,IKAN MAS,29000.0
2026-08-19,Pasar Sehat Cicalengka,Ikan Nila,32000.0
2026-08-19,Pasar Sehat Cicalengka,Ikan Patin,30000.0
2026-08-19,Pasar Sehat Cicalengka,IKAN TONGKOL,43000.0
2026-08-19,Pasar Sehat Cicalengka,JAGUNG MANIS,14000.0
2026-08-19,Pasar Sehat Cicalengka,JAGUNG PIPILAN,20000.0
2026-08-19,Pasar Sehat Cicalengka,JERUK,22000.0
2026-08-19,Pasar Sehat Cicalengka,KACANG HIJAU,35000.0
2026-08-19,Pasar Sehat Cicalengka,KACANG KEDELAI IMPOR,13000.0
2026-08-19,Pasar Sehat Cicalengka,KACANG KEDELAI LOKAL,12500.0
2026-08-19,Pasar Sehat Cicalengka,KACANG PANJANG,18000.0
2026-08-19,Pasar Sehat Cicalengka,KACANG TANAH KUPAS,40000.0
2026-08-19,Pasar Sehat Cicalengka,KANGKUNG,2000.0
2026-08-19,Pasar Sehat Cicalengka,KENTANG DIENG,20000.0
2026-08-19,Pasar Sehat Cicalengka,KETELA POHON,6000.0
2026-08-19,Pasar Sehat Cicalengka,MELON,18000.0
2026-08-19,Pasar Sehat Cicalengka,MIE INSTAN INDOMIE,3000.0
2026-08-19,Pasar Sehat Cicalengka,MINYAK BIMOLI,22000.0
2026-08-19,Pasar Sehat Cicalengka,MINYAK CURAH,21000.0
2026-08-19,Pasar Sehat Cicalengka,MINYAKITA,20000.0
2026-08-19,Pasar Sehat Cicalengka,MINYAK SANIA,22000.0
2026-08-19,Pasar Sehat Cicalengka,PAKCOY,10000.0
2026-08-19,Pasar Sehat Cicalengka,PEPAYA,14000.0
2026-08-19,Pasar Sehat Cicalengka,PISANG,8000.0
2026-08-19,Pasar Sehat Cicalengka,SAWI PUTIH,8000.0
2026-08-19,Pasar Sehat Cicalengka,SAYURAN BUNCIS,20000.0
2026-08-19,Pasar Sehat Cicalengka,SAYURAN KENTANG LOKAL,15000.0
2026-08-19,Pasar Sehat Cicalengka,SAYURAN KOL/KUBIS,8000.0
2026-08-19,Pasar Sehat Cicalengka,SAYURAN TOMAT,8000.0
2026-08-19,Pasar Sehat Cicalengka,SAYURAN WORTEL,16000.0
2026-08-19,Pasar Sehat Cicalengka,SKM BENDERA,13000.0
2026-08-19,Pasar Sehat Cicalengka,SKM CAP ENAK,12000.0
2026-08-19,Pasar Sehat Cicalengka,SKM INDOMILK,12000.0
2026-08-19,Pasar Sehat Cicalengka,SUSU BALITA (SGM),55000.0
2026-08-19,Pasar Sehat Cicalengka,SUSU BUBUK DANCOW VANILA,43000.0
2026-08-19,Pasar Sehat Cicalengka,TAHU,10000.0
2026-08-19,Pasar Sehat Cicalengka,TELUR AYAM BROILER,24000.0
2026-08-19,Pasar Sehat Cicalengka,TELUR AYAM KAMPUNG,3000.0
2026-08-19,Pasar Sehat Cicalengka,TEMPE,12000.0
2026-08-19,Pasar Sehat Cicalengka,TERIGU CAKRA KEMBAR,14000.0
2026-08-19,Pasar Sehat Cicalengka,TERIGU CURAH,10000.0
2026-08-19,Pasar Sehat Cicalengka,TERIGU KUNCI BIRU,12000.0
2026-08-19,Pasar Sehat Cicalengka,TERIGU SEGITIGA BIRU,13000.0
2026-08-19,Pasar Sehat Cicalengka,TERI KERITING,80000.0
2026-08-19,Pasar Sehat Cicalengka,TERI MEDAN,170000.0
2026-08-19,Pasar Sehat Cicalengka,TIMUN,13000.0
2026-08-19,Pasar Sehat Cicalengka,TOMAT HIJAU,7000.0
2026-08-19,Pasar Sehat Cicalengka,UBI JALAR PUTIH,8000.0
2026-08-19,Pasar Sehat Cicalengka,UDANG,100000.0
2026-08-19,Pasar Cileunyi,BAWANG BOMBAY,32000.0
2026-08-19,Pasar Cileunyi,BAWANG DAUN,16000.0
2026-08-19,Pasar Cileunyi,BAWANG MERAH,32000.0
2026-08-19,Pasar Cileunyi,BAWANG MERAH BATU,30000.0
2026-08-19,Pasar Cileunyi,BAWANG PUTIH BIASA,33000.0
2026-08-19,Pasar Cileunyi,BAWANG PUTIH KATING,
2026-08-19,Pasar Cileunyi,BAWANG SUMENEP,40000.0
2026-08-19,Pasar Cileunyi,BAYAM,2500.0
2026-08-19,Pasar Cileunyi,BERAS IR. 64,14000.0
2026-08-19,Pasar Cileunyi,BERAS MEDIUM,13500.0
2026-08-19,Pasar Cileunyi,BERAS PREMIUM,15500.0
2026-08-19,Pasar Cileunyi,CABE HIJAU BIASA,36000.0
2026-08-19,Pasar Cileunyi,CABE MERAH KERITING,32000.0
2026-08-19,Pasar Cileunyi,CABE MERAH TANJUNG,85000.0
2026-08-19,Pasar Cileunyi,CABE MERAH TW,
2026-08-19,Pasar Cileunyi,CABE RAWIT HIJAU,50000.0
2026-08-19,Pasar Cileunyi,CABE RAWIT MERAH,50000.0
2026-08-19,Pasar Cileunyi,DAGING AYAM BROILER,43000.0
2026-08-19,Pasar Cileunyi,DAGING AYAM KAMPUNG,80000.0
2026-08-19,Pasar Cileunyi,DAGING SAPI IMPOR BEKU,125000.0
2026-08-19,Pasar Cileunyi,DAGING SAPI LOKAL HAS DALAM,150000.0
2026-08-19,Pasar Cileunyi,DAGING SAPI LOKAL HAS LUAR,150000.0
2026-08-19,Pasar Cileunyi,DAGING SAPI LOKAL PAHA BELAKANG,150000.0
2026-08-19,Pasar Cileunyi,DAGING SAPI LOKAL PAHA DEPAN,145000.0
2026-08-19,Pasar Cileunyi,DAGING SAPI LOKAL SANDUNG LAMUR,120000.0
2026-08-19,Pasar Cileunyi,DAGING SAPI LOKAL TETELAN,70000.0
2026-08-19,Pasar Cileunyi,DAGING SAPI MURNI,150000.0
2026-08-19,Pasar Cileunyi,GARAM BATA,18000.0
2026-08-19,Pasar Cileunyi,GARAM HALUS YODIUM,3000.0
2026-08-19,Pasar Cileunyi,GAS LPG 3 Kg,23000.0
2026-08-19,Pasar Cileunyi,GULA MERAH,18000.0
2026-08-19,Pasar Cileunyi,GULA PASIR GULA KU,19500.0
2026-08-19,Pasar Cileunyi,GULA PASIR LOKAL,19000.0
2026-08-19,Pasar Cileunyi,IKAN BANDENG,35000.0
2026-08-19,Pasar Cileunyi,Ikan Bawal Air Tawar,30000.0
2026-08-19,Pasar Cileunyi,Ikan Gurame,55000.0
2026-08-19,Pasar Cileunyi,IKAN KEMBUNG,50000.0
2026-08-19,Pasar Cileunyi,Ikan Lele,28000.0
2026-08-19,Pasar Cileunyi,IKAN MAS,28000.0
2026-08-19,Pasar Cileunyi,Ikan Nila,35000.0
2026-08-19,Pasar Cileunyi,Ikan Patin,32000.0
2026-08-19,Pasar Cileunyi,IKAN TONGKOL,40000.0
2026-08-19,Pasar Cileunyi,JAGUNG MANIS,14000.0
2026-08-19,Pasar Cileunyi,JAGUNG PIPILAN,24000.0
2026-08-19,Pasar Cileunyi,JERUK,25000.0
2026-08-19,Pasar Cileunyi,KACANG HIJAU,38000.0
2026-08-19,Pasar Cileunyi,KACANG KEDELAI IMPOR,18000.0
2026-08-19,Pasar Cileunyi,KACANG KEDELAI LOKAL,
2026-08-19,Pasar Cileunyi,KACANG PANJANG,22000.0
2026-08-19,Pasar Cileunyi,KACANG TANAH KUPAS,40000.0
2026-08-19,Pasar Cileunyi,KANGKUNG,2000.0
2026-08-19,Pasar Cileunyi,KENTANG DIENG,20000.0
2026-08-19,Pasar Cileunyi,KETELA POHON,5000.0
2026-08-19,Pasar Cileunyi,MELON,20000.0
2026-08-19,Pasar Cileunyi,MIE INSTAN INDOMIE,3500.0
2026-08-19,Pasar Cileunyi,MINYAK BIMOLI,
2026-08-19,Pasar Cileunyi,MINYAK CURAH,22000.0
2026-08-19,Pasar Cileunyi,MINYAKITA,20000.0
2026-08-19,Pasar Cileunyi,MINYAK SANIA,
2026-08-19,Pasar Cileunyi,PAKCOY,10000.0
2026-08-19,Pasar Cileunyi,PEPAYA,14000.0
2026-08-19,Pasar Cileunyi,PISANG,8000.0
2026-08-19,Pasar Cileunyi,SAWI PUTIH,7000.0
2026-08-19,Pasar Cileunyi,SAYURAN BUNCIS,24000.0
2026-08-19,Pasar Cileunyi,SAYURAN KENTANG LOKAL,17000.0
2026-08-19,Pasar Cileunyi,SAYURAN KOL/KUBIS,7000.0
2026-08-19,Pasar Cileunyi,SAYURAN TOMAT,6000.0
2026-08-19,Pasar Cileunyi,SAYURAN WORTEL,16000.0
2026-08-19,Pasar Cileunyi,SKM BENDERA,13000.0
2026-08-19,Pasar Cileunyi,SKM CAP ENAK,12000.0
2026-08-19,Pasar Cileunyi,SKM INDOMILK,12500.0
2026-08-19,Pasar Cileunyi,SUSU BALITA (SGM),
2026-08-19,Pasar Cileunyi,SUSU BUBUK DANCOW VANILA,
2026-08-19,Pasar Cileunyi,TAHU,12000.0
2026-08-19,Pasar Cileunyi,TELUR AYAM BROILER,25000.0
2026-08-19,Pasar Cileunyi,TELUR AYAM KAMPUNG,3000.0
2026-08-19,Pasar Cileunyi,TEMPE,13000.0
2026-08-19,Pasar Cileunyi,TERIGU CAKRA KEMBAR,13500.0
2026-08-19,Pasar Cileunyi,TERIGU CURAH,20000.0
2026-08-19,Pasar Cileunyi,TERIGU KUNCI BIRU,11500.0
2026-08-19,Pasar Cileunyi,TERIGU SEGITIGA BIRU,12500.0
2026-08-19,Pasar Cileunyi,TERI KERITING,90000.0
2026-08-19,Pasar Cileunyi,TERI MEDAN,150000.0
2026-08-19,Pasar Cileunyi,TIMUN,12000.0
2026-08-19,Pasar Cileunyi,TOMAT HIJAU,6000.0
2026-08-19,Pasar Cileunyi,UBI JALAR PUTIH,8000.0
2026-08-19,Pasar Cileunyi,UDANG,92000.0
2026-08-19,Pasar Banjaran,BAWANG BOMBAY,32000.0
2026-08-19,Pasar Banjaran,BAWANG DAUN,15000.0
2026-08-19,Pasar Banjaran,BAWANG MERAH,32000.0
2026-08-19,Pasar Banjaran,BAWANG MERAH BATU,28000.0
2026-08-19,Pasar Banjaran,BAWANG PUTIH BIASA,35000.0
2026-08-19,Pasar Banjaran,BAWANG PUTIH KATING,
2026-08-19,Pasar Banjaran,BAWANG SUMENEP,40000.0
2026-08-19,Pasar Banjaran,BAYAM,2000.0
2026-08-19,Pasar Banjaran,BERAS IR. 64,15000.0
2026-08-19,Pasar Banjaran,BERAS MEDIUM,14500.0
2026-08-19,Pasar Banjaran,BERAS PREMIUM,15500.0
2026-08-19,Pasar Banjaran,CABE HIJAU BIASA,28000.0
2026-08-19,Pasar Banjaran,CABE MERAH KERITING,32000.0
2026-08-19,Pasar Banjaran,CABE MERAH TANJUNG,100000.0
2026-08-19,Pasar Banjaran,CABE MERAH TW,
2026-08-19,Pasar Banjaran,CABE RAWIT HIJAU,50000.0
2026-08-19,Pasar Banjaran,CABE RAWIT MERAH,52000.0
2026-08-19,Pasar Banjaran,DAGING AYAM BROILER,42000.0
2026-08-19,Pasar Banjaran,DAGING AYAM KAMPUNG,70000.0
2026-08-19,Pasar Banjaran,DAGING SAPI IMPOR BEKU,120000.0
2026-08-19,Pasar Banjaran,DAGING SAPI LOKAL HAS DALAM,155000.0
2026-08-19,Pasar Banjaran,DAGING SAPI LOKAL HAS LUAR,145000.0
2026-08-19,Pasar Banjaran,DAGING SAPI LOKAL PAHA BELAKANG,145000.0
2026-08-19,Pasar Banjaran,DAGING SAPI LOKAL PAHA DEPAN,143000.0
2026-08-19,Pasar Banjaran,DAGING SAPI LOKAL SANDUNG LAMUR,130000.0
2026-08-19,Pasar Banjaran,DAGING SAPI LOKAL TETELAN,65000.0
2026-08-19,Pasar Banjaran,DAGING SAPI MURNI,145000.0
2026-08-19,Pasar Banjaran,GARAM BATA,20000.0
2026-08-19,Pasar Banjaran,GARAM HALUS YODIUM,3000.0
2026-08-19,Pasar Banjaran,GAS LPG 3 Kg,23000.0
2026-08-19,Pasar Banjaran,GULA MERAH,23000.0
2026-08-19,Pasar Banjaran,GULA PASIR GULA KU,
2026-08-19,Pasar Banjaran,GULA PASIR LOKAL,18500.0
2026-08-19,Pasar Banjaran,IKAN BANDENG,38000.0
2026-08-19,Pasar Banjaran,Ikan Bawal Air Tawar,32000.0
2026-08-19,Pasar Banjaran,Ikan Gurame,52000.0
2026-08-19,Pasar Banjaran,IKAN KEMBUNG,56000.0
2026-08-19,Pasar Banjaran,Ikan Lele,28000.0
2026-08-19,Pasar Banjaran,IKAN MAS,26000.0
2026-08-19,Pasar Banjaran,Ikan Nila,35000.0
2026-08-19,Pasar Banjaran,Ikan Patin,34000.0
2026-08-19,Pasar Banjaran,IKAN TONGKOL,45000.0
2026-08-19,Pasar Banjaran,JAGUNG MANIS,15000.0
2026-08-19,Pasar Banjaran,JAGUNG PIPILAN,20000.0
2026-08-19,Pasar Banjaran,JERUK,22000.0
2026-08-19,Pasar Banjaran,KACANG HIJAU,40000.0
2026-08-19,Pasar Banjaran,KACANG KEDELAI IMPOR,14000.0
2026-08-19,Pasar Banjaran,KACANG KEDELAI LOKAL,
2026-08-19,Pasar Banjaran,KACANG PANJANG,20000.0
2026-08-19,Pasar Banjaran,KACANG TANAH KUPAS,38000.0
2026-08-19,Pasar Banjaran,KANGKUNG,2000.0
2026-08-19,Pasar Banjaran,KENTANG DIENG,20000.0
2026-08-19,Pasar Banjaran,KETELA POHON,5000.0
2026-08-19,Pasar Banjaran,MELON,15000.0
2026-08-19,Pasar Banjaran,MIE INSTAN INDOMIE,3000.0
2026-08-19,Pasar Banjaran,MINYAK BIMOLI,23500.0
2026-08-19,Pasar Banjaran,MINYAK CURAH,22000.0
2026-08-19,Pasar Banjaran,MINYAKITA,21000.0
2026-08-19,Pasar Banjaran,MINYAK SANIA,23500.0
2026-08-19,Pasar Banjaran,PAKCOY,7000.0
2026-08-19,Pasar Banjaran,PEPAYA,14000.0
2026-08-19,Pasar Banjaran,PISANG,7000.0
2026-08-19,Pasar Banjaran,SAWI PUTIH,6000.0
2026-08-19,Pasar Banjaran,SAYURAN BUNCIS,20000.0
2026-08-19,Pasar Banjaran,SAYURAN KENTANG LOKAL,17000.0
2026-08-19,Pasar Banjaran,SAYURAN KOL/KUBIS,7000.0
2026-08-19,Pasar Banjaran,SAYURAN TOMAT,8000.0
2026-08-19,Pasar Banjaran,SAYURAN WORTEL,15000.0
2026-08-19,Pasar Banjaran,SKM BENDERA,12000.0
2026-08-19,Pasar Banjaran,SKM CAP ENAK,11500.0
2026-08-19,Pasar Banjaran,SKM INDOMILK,12500.0
2026-08-19,Pasar Banjaran,SUSU BALITA (SGM),42000.0
2026-08-19,Pasar Banjaran,SUSU BUBUK DANCOW VANILA,48250.0
2026-08-19,Pasar Banjaran,TAHU,7000.0
2026-08-19,Pasar Banjaran,TELUR AYAM BROILER,25000.0
2026-08-19,Pasar Banjaran,TELUR AYAM KAMPUNG,3000.0
2026-08-19,Pasar Banjaran,TEMPE,5000.0
2026-08-19,Pasar Banjaran,TERIGU CAKRA KEMBAR,13000.0
2026-08-19,Pasar Banjaran,TERIGU CURAH,8000.0
2026-08-19,Pasar Banjaran,TERIGU KUNCI BIRU,
2026-08-19,Pasar Banjaran,TERIGU SEGITIGA BIRU,12000.0
2026-08-19,Pasar Banjaran,TERI KERITING,100000.0
2026-08-19,Pasar Banjaran,TERI MEDAN,170000.0
2026-08-19,Pasar Banjaran,TIMUN,14000.0
2026-08-19,Pasar Banjaran,TOMAT HIJAU,6000.0
2026-08-19,Pasar Banjaran,UBI JALAR PUTIH,12000.0
2026-08-19,Pasar Banjaran,UDANG,94000.0
2026-08-19,Pasar Sehat Soreang,BAWANG BOMBAY,35000.0
2026-08-19,Pasar Sehat Soreang,BAWANG DAUN,18000.0
2026-08-19,Pasar Sehat Soreang,BAWANG MERAH,30000.0
2026-08-19,Pasar Sehat Soreang,BAWANG MERAH BATU,24000.0
2026-08-19,Pasar Sehat Soreang,BAWANG PUTIH BIASA,35000.0
2026-08-19,Pasar Sehat Soreang,BAWANG PUTIH KATING,
2026-08-19,Pasar Sehat Soreang,BAWANG SUMENEP,45000.0
2026-08-19,Pasar Sehat Soreang,BAYAM,2000.0
2026-08-19,Pasar Sehat Soreang,BERAS IR. 64,15000.0
2026-08-19,Pasar Sehat Soreang,BERAS MEDIUM,14500.0
2026-08-19,Pasar Sehat Soreang,BERAS PREMIUM,15500.0
2026-08-19,Pasar Sehat Soreang,CABE HIJAU BIASA,24000.0
2026-08-19,Pasar Sehat Soreang,CABE MERAH KERITING,40000.0
2026-08-19,Pasar Sehat Soreang,CABE MERAH TANJUNG,100000.0
2026-08-19,Pasar Sehat Soreang,CABE MERAH TW,80000.0
2026-08-19,Pasar Sehat Soreang,CABE RAWIT HIJAU,50000.0
2026-08-19,Pasar Sehat Soreang,CABE RAWIT MERAH,50000.0
2026-08-19,Pasar Sehat Soreang,DAGING AYAM BROILER,42000.0
2026-08-19,Pasar Sehat Soreang,DAGING AYAM KAMPUNG,70000.0
2026-08-19,Pasar Sehat Soreang,DAGING SAPI IMPOR BEKU,115000.0
2026-08-19,Pasar Sehat Soreang,DAGING SAPI LOKAL HAS DALAM,150000.0
2026-08-19,Pasar Sehat Soreang,DAGING SAPI LOKAL HAS LUAR,140000.0
2026-08-19,Pasar Sehat Soreang,DAGING SAPI LOKAL PAHA BELAKANG,150000.0
2026-08-19,Pasar Sehat Soreang,DAGING SAPI LOKAL PAHA DEPAN,140000.0
2026-08-19,Pasar Sehat Soreang,DAGING SAPI LOKAL SANDUNG LAMUR,120000.0
2026-08-19,Pasar Sehat Soreang,DAGING SAPI LOKAL TETELAN,70000.0
2026-08-19,Pasar Sehat Soreang,DAGING SAPI MURNI,150000.0
2026-08-19,Pasar Sehat Soreang,GARAM BATA,30000.0
2026-08-19,Pasar Sehat Soreang,GARAM HALUS YODIUM,3000.0
2026-08-19,Pasar Sehat Soreang,GAS LPG 3 Kg,21000.0
2026-08-19,Pasar Sehat Soreang,GULA MERAH,24000.0
2026-08-19,Pasar Sehat Soreang,GULA PASIR GULA KU,20000.0
2026-08-19,Pasar Sehat Soreang,GULA PASIR LOKAL,17500.0
2026-08-19,Pasar Sehat Soreang,IKAN BANDENG,40000.0
2026-08-19,Pasar Sehat Soreang,Ikan Bawal Air Tawar,30000.0
2026-08-19,Pasar Sehat Soreang,Ikan Gurame,55000.0
2026-08-19,Pasar Sehat Soreang,IKAN KEMBUNG,50000.0
2026-08-19,Pasar Sehat Soreang,Ikan Lele,32000.0
2026-08-19,Pasar Sehat Soreang,IKAN MAS,30000.0
2026-08-19,Pasar Sehat Soreang,Ikan Nila,35000.0
2026-08-19,Pasar Sehat Soreang,Ikan Patin,30000.0
2026-08-19,Pasar Sehat Soreang,IKAN TONGKOL,44000.0
2026-08-19,Pasar Sehat Soreang,JAGUNG MANIS,15000.0
2026-08-19,Pasar Sehat Soreang,JAGUNG PIPILAN,20000.0
2026-08-19,Pasar Sehat Soreang,JERUK,23000.0
2026-08-19,Pasar Sehat Soreang,KACANG HIJAU,35000.0
2026-08-19,Pasar Sehat Soreang,KACANG KEDELAI IMPOR,12500.0
2026-08-19,Pasar Sehat Soreang,KACANG KEDELAI LOKAL,
2026-08-19,Pasar Sehat Soreang,KACANG PANJANG,24000.0
2026-08-19,Pasar Sehat Soreang,KACANG TANAH KUPAS,40000.0
2026-08-19,Pasar Sehat Soreang,KANGKUNG,2000.0
2026-08-19,Pasar Sehat Soreang,KENTANG DIENG,20000.0
2026-08-19,Pasar Sehat Soreang,KETELA POHON,6000.0
2026-08-19,Pasar Sehat Soreang,MELON,18000.0
2026-08-19,Pasar Sehat Soreang,MIE INSTAN INDOMIE,3000.0
2026-08-19,Pasar Sehat Soreang,MINYAK BIMOLI,22000.0
2026-08-19,Pasar Sehat Soreang,MINYAK CURAH,22000.0
2026-08-19,Pasar Sehat Soreang,MINYAKITA,15700.0
2026-08-19,Pasar Sehat Soreang,MINYAK SANIA,20000.0
2026-08-19,Pasar Sehat Soreang,PAKCOY,10000.0
2026-08-19,Pasar Sehat Soreang,PEPAYA,14000.0
2026-08-19,Pasar Sehat Soreang,PISANG,8000.0
2026-08-19,Pasar Sehat Soreang,SAWI PUTIH,7000.0
2026-08-19,Pasar Sehat Soreang,SAYURAN BUNCIS,20000.0
2026-08-19,Pasar Sehat Soreang,SAYURAN KENTANG LOKAL,15000.0
2026-08-19,Pasar Sehat Soreang,SAYURAN KOL/KUBIS,8000.0
2026-08-19,Pasar Sehat Soreang,SAYURAN TOMAT,7000.0
2026-08-19,Pasar Sehat Soreang,SAYURAN WORTEL,16000.0
2026-08-19,Pasar Sehat Soreang,SKM BENDERA,13000.0
2026-08-19,Pasar Sehat Soreang,SKM CAP ENAK,12000.0
2026-08-19,Pasar Sehat Soreang,SKM INDOMILK,12000.0
2026-08-19,Pasar Sehat Soreang,SUSU BALITA (SGM),42500.0
2026-08-19,Pasar Sehat Soreang,SUSU BUBUK DANCOW VANILA,54600.0
2026-08-19,Pasar Sehat Soreang,TAHU,10000.0
2026-08-19,Pasar Sehat Soreang,TELUR AYAM BROILER,23000.0
2026-08-19,Pasar Sehat Soreang,TELUR AYAM KAMPUNG,3000.0
2026-08-19,Pasar Sehat Soreang,TEMPE,12000.0
2026-08-19,Pasar Sehat Soreang,TERIGU CAKRA KEMBAR,14000.0
2026-08-19,Pasar Sehat Soreang,TERIGU CURAH,10000.0
2026-08-19,Pasar Sehat Soreang,TERIGU KUNCI BIRU,12000.0
2026-08-19,Pasar Sehat Soreang,TERIGU SEGITIGA BIRU,13000.0
2026-08-19,Pasar Sehat Soreang,TERI KERITING,80000.0
2026-08-19,Pasar Sehat Soreang,TERI MEDAN,170000.0
2026-08-19,Pasar Sehat Soreang,TIMUN,10000.0
2026-08-19,Pasar Sehat Soreang,TOMAT HIJAU,5000.0
2026-08-19,Pasar Sehat Soreang,UBI JALAR PUTIH,7000.0
2026-08-19,Pasar Sehat Soreang,UDANG,100000.0
